{"type":"FeatureCollection","features":[{"type":"Feature","id":47574836,"properties":{"id":"47574836","name":"横浜人形の家","building":"yes","amenity":null,"shop":null,"height":31.7,"height_source":"OSM height tag"},"geometry":{"type":"Polygon","coordinates":[[[139.6521385,35.443417],[139.6519354,35.443216],[139.6518517,35.4431331],[139.6517794,35.4430615],[139.6518705,35.4429971],[139.6519163,35.4429647],[139.6519741,35.443019],[139.6519866,35.4430112],[139.6520119,35.4430233],[139.6524042,35.4432052],[139.6524667,35.4432368],[139.6523894,35.4432908],[139.6522885,35.4433614],[139.6522582,35.4433501],[139.6521758,35.4434001],[139.6521498,35.443416],[139.6521385,35.443417]]]}},{"type":"Feature","id":47574838,"properties":{"id":"47574838","name":null,"building":"yes","amenity":null,"shop":null,"height":12.0,"height_source":"OSM height tag"},"geometry":{"type":"Polygon","coordinates":[[[139.6509361,35.4441011],[139.650885,35.4441032],[139.6508347,35.4440954],[139.6507882,35.4440779],[139.6507482,35.4440519],[139.650717,35.4440188],[139.6506964,35.4439807],[139.6506876,35.4439396],[139.6506911,35.4438979],[139.6507068,35.4438582],[139.6507336,35.4438227],[139.6507702,35.4437935],[139.6508142,35.4437722],[139.6508632,35.4437602],[139.6509144,35.443758],[139.6509647,35.4437659],[139.6510112,35.4437833],[139.6510512,35.4438093],[139.6510824,35.4438424],[139.651103,35.4438806],[139.6511118,35.4439217],[139.6511083,35.4439633],[139.6510926,35.444003],[139.6510657,35.4440385],[139.6510292,35.4440678],[139.6509852,35.444089],[139.6509361,35.4441011]]]}},{"type":"Feature","id":47574839,"properties":{"id":"47574839","name":"メルパルク横浜","building":"yes","amenity":null,"shop":null,"height":32.1,"height_source":"OSM height tag"},"geometry":{"type":"Polygon","coordinates":[[[139.6518032,35.4434548],[139.6515618,35.4432161],[139.6511431,35.4434942],[139.6511232,35.4435609],[139.6512284,35.4436651],[139.6513134,35.4436594],[139.6513386,35.4436429],[139.6513369,35.4436679],[139.6513408,35.4436954],[139.6513518,35.4437243],[139.6513742,35.4437535],[139.6514008,35.4437771],[139.6514301,35.443792],[139.6514597,35.4438039],[139.6514915,35.443806],[139.651521,35.4438008],[139.6515348,35.4437902],[139.6515649,35.4438188],[139.6519127,35.4435761],[139.6518443,35.4435111],[139.6518597,35.4435002],[139.6518081,35.4434513],[139.6518032,35.4434548]]]}},{"type":"Feature","id":47883227,"properties":{"id":"47883227","name":"會芳亭","building":"roof","amenity":"shelter","shop":null,"height":null,"height_source":"unknown"},"geometry":{"type":"Polygon","coordinates":[[[139.6471858,35.4423683],[139.6471543,35.4423484],[139.6471604,35.4423133],[139.647199,35.4423015],[139.6472305,35.4423214],[139.6472244,35.4423565],[139.6471858,35.4423683]]]}},{"type":"Feature","id":47883239,"properties":{"id":"47883239","name":"媽祖廟","building":"no","amenity":"place_of_worship","shop":null,"height":null,"height_source":"unknown"},"geometry":{"type":"Polygon","coordinates":[[[139.6474835,35.4421806],[139.6475287,35.4419932],[139.6479432,35.4420641],[139.6479019,35.4422456],[139.6474835,35.4421806]]]}},{"type":"Feature","id":48117338,"properties":{"id":"48117338","name":null,"building":"yes","amenity":null,"shop":null,"height":null,"height_source":"unknown"},"geometry":{"type":"Polygon","coordinates":[[[139.6517273,35.4421099],[139.6517361,35.4420923],[139.6518564,35.4421317],[139.6518477,35.4421494],[139.6517273,35.4421099]]]}},{"type":"Feature","id":86579683,"properties":{"id":"86579683","name":null,"building":"yes","amenity":null,"shop":null,"height":null,"height_source":"unknown"},"geometry":{"type":"Polygon","coordinates":[[[139.647795,35.4441514],[139.6476949,35.4440725],[139.6477742,35.4440094],[139.6478622,35.4440808],[139.6478584,35.4441126],[139.647795,35.4441514]]]}},{"type":"Feature","id":86579685,"properties":{"id":"86579685","name":"Urban SQUARE","building":"yes","amenity":null,"shop":null,"height":null,"height_source":"unknown"},"geometry":{"type":"Polygon","coordinates":[[[139.648016,35.4439883],[139.6478675,35.4438485],[139.6482066,35.4436094],[139.6483551,35.4437493],[139.648016,35.4439883]]]}},{"type":"Feature","id":86585231,"properties":{"id":"86585231","name":null,"building":"yes","amenity":null,"shop":null,"height":null,"height_source":"unknown"},"geometry":{"type":"Polygon","coordinates":[[[139.647016,35.4444752],[139.6469265,35.4442405],[139.6472922,35.4441479],[139.6473817,35.4443827],[139.647016,35.4444752]]]}},{"type":"Feature","id":86585233,"properties":{"id":"86585233","name":null,"building":"yes","amenity":null,"shop":null,"height":null,"height_source":"unknown"},"geometry":{"type":"Polygon","coordinates":[[[139.6477514,35.4441761],[139.6476637,35.4440989],[139.6476918,35.4440758],[139.6477906,35.4441523],[139.6477514,35.4441761]]]}},{"type":"Feature","id":86585237,"properties":{"id":"86585237","name":null,"building":"yes","amenity":null,"shop":null,"height":null,"height_source":"unknown"},"geometry":{"type":"Polygon","coordinates":[[[139.6476843,35.4442156],[139.6476343,35.4441179],[139.6476621,35.4441007],[139.6477479,35.4441783],[139.6476843,35.4442156]]]}},{"type":"Feature","id":86585262,"properties":{"id":"86585262","name":"徳永ビル","building":"yes","amenity":null,"shop":null,"height":null,"height_source":"unknown"},"geometry":{"type":"Polygon","coordinates":[[[139.6488043,35.4434466],[139.6487387,35.443382],[139.6489694,35.4432264],[139.6490484,35.4433042],[139.6488368,35.4434469],[139.6488043,35.4434466]]]}},{"type":"Feature","id":86586387,"properties":{"id":"86586387","name":null,"building":"apartments","amenity":null,"shop":null,"height":null,"height_source":"unknown"},"geometry":{"type":"Polygon","coordinates":[[[139.6484576,35.4450319],[139.6481642,35.4447276],[139.6483153,35.444644],[139.6484974,35.444823],[139.6486056,35.4447504],[139.6487361,35.4448696],[139.648733,35.4449017],[139.6484576,35.4450319]]]}},{"type":"Feature","id":86586389,"properties":{"id":"86586389","name":null,"building":"yes","amenity":null,"shop":null,"height":null,"height_source":"unknown"},"geometry":{"type":"Polygon","coordinates":[[[139.6484744,35.4443866],[139.648225,35.4441611],[139.6484972,35.4439768],[139.648739,35.4442029],[139.6484744,35.4443866]]]}},{"type":"Feature","id":86586787,"properties":{"id":"86586787","name":null,"building":"apartments","amenity":null,"shop":null,"height":null,"height_source":"unknown"},"geometry":{"type":"Polygon","coordinates":[[[139.6484434,35.4436638],[139.6481163,35.4433655],[139.6483458,35.4431984],[139.6486729,35.4434967],[139.6484434,35.4436638]]]}},{"type":"Feature","id":86586789,"properties":{"id":"86586789","name":"ライオンズプラザ新山下","building":"apartments","amenity":null,"shop":null,"height":null,"height_source":"unknown"},"geometry":{"type":"Polygon","coordinates":[[[139.6478943,35.445277],[139.6477517,35.4451047],[139.6482348,35.4448592],[139.6483826,35.4450309],[139.6478943,35.445277]]]}},{"type":"Feature","id":86589329,"properties":{"id":"86589329","name":"(仮称)中区山下町30計画","building":"yes","amenity":null,"shop":null,"height":59.97,"height_source":"OSM height tag"},"geometry":{"type":"Polygon","coordinates":[[[139.6489169,35.4447876],[139.6486127,35.4445126],[139.6486279,35.4444726],[139.6489143,35.4442815],[139.6492195,35.4445787],[139.6489169,35.4447876]]]}},{"type":"Feature","id":86594865,"properties":{"id":"86594865","name":"スターホテル横浜","building":"yes","amenity":null,"shop":null,"height":null,"height_source":"unknown"},"geometry":{"type":"Polygon","coordinates":[[[139.6502461,35.4447204],[139.6500162,35.4444912],[139.6501161,35.4444247],[139.6501341,35.4444426],[139.6502145,35.444389],[139.6504265,35.4446003],[139.6502461,35.4447204]]]}},{"type":"Feature","id":88364168,"properties":{"id":"88364168","name":null,"building":"yes","amenity":null,"shop":null,"height":null,"height_source":"unknown"},"geometry":{"type":"Polygon","coordinates":[[[139.6487704,35.4440372],[139.6485881,35.4438654],[139.6488938,35.4436509],[139.6490786,35.4438177],[139.6487704,35.4440372]]]}},{"type":"Feature","id":88364169,"properties":{"id":"88364169","name":"横浜地方合同庁舎","building":"yes","amenity":null,"shop":null,"height":40.5,"height_source":"OSM height tag"},"geometry":{"type":"Polygon","coordinates":[[[139.6512279,35.4432169],[139.6510276,35.4430193],[139.6514586,35.4427293],[139.6516589,35.442927],[139.6512279,35.4432169]]]}},{"type":"Feature","id":88364175,"properties":{"id":"88364175","name":"神奈川県社会保険診療報酬支払基金","building":"yes","amenity":null,"shop":null,"height":45.4,"height_source":"OSM height tag"},"geometry":{"type":"Polygon","coordinates":[[[139.6503633,35.4437037],[139.6501536,35.443497],[139.6502174,35.4434541],[139.6505295,35.443244],[139.6507391,35.4434507],[139.6503633,35.4437037]]]}},{"type":"Feature","id":88364179,"properties":{"id":"88364179","name":"横浜山下町ビル","building":"yes","amenity":null,"shop":null,"height":34.8,"height_source":"OSM height tag"},"geometry":{"type":"Polygon","coordinates":[[[139.650994,35.4434184],[139.6506815,35.4431293],[139.6508727,35.4429922],[139.6511852,35.4432814],[139.650994,35.4434184]]]}},{"type":"Feature","id":88364181,"properties":{"id":"88364181","name":"創価学会","building":"yes","amenity":"place_of_worship","shop":null,"height":null,"height_source":"unknown"},"geometry":{"type":"Polygon","coordinates":[[[139.6492939,35.4438823],[139.6490147,35.4436124],[139.6492399,35.4434537],[139.6495234,35.4437271],[139.6492939,35.4438823]]]}},{"type":"Feature","id":88364182,"properties":{"id":"88364182","name":null,"building":"yes","amenity":null,"shop":null,"height":5.7,"height_source":"OSM height tag"},"geometry":{"type":"Polygon","coordinates":[[[139.6521565,35.4430468],[139.6519926,35.4429717],[139.6520495,35.4428892],[139.652101,35.4429128],[139.6521287,35.4428725],[139.6522412,35.442924],[139.6521565,35.4430468]]]}},{"type":"Feature","id":88364183,"properties":{"id":"88364183","name":"横浜トヨペット weins","building":"yes","amenity":null,"shop":null,"height":36.5,"height_source":"OSM height tag"},"geometry":{"type":"Polygon","coordinates":[[[139.6500339,35.4440043],[139.6497667,35.443735],[139.6500994,35.443516],[139.6503666,35.4437853],[139.6500339,35.4440043]]]}},{"type":"Feature","id":88364184,"properties":{"id":"88364184","name":null,"building":"yes","amenity":null,"shop":null,"height":null,"height_source":"unknown"},"geometry":{"type":"Polygon","coordinates":[[[139.6488904,35.4441458],[139.6487786,35.4440439],[139.649081,35.4438251],[139.6491986,35.4439285],[139.6488904,35.4441458]]]}},{"type":"Feature","id":88365346,"properties":{"id":"88365346","name":null,"building":"apartments","amenity":null,"shop":null,"height":null,"height_source":"unknown"},"geometry":{"type":"Polygon","coordinates":[[[139.647263,35.4449655],[139.6471318,35.4447393],[139.6474185,35.4446274],[139.6475425,35.4448653],[139.647263,35.4449655]]]}},{"type":"Feature","id":88365347,"properties":{"id":"88365347","name":null,"building":"yes","amenity":null,"shop":null,"height":null,"height_source":"unknown"},"geometry":{"type":"Polygon","coordinates":[[[139.6489883,35.4432375],[139.6487629,35.4430217],[139.6488216,35.4429811],[139.6489248,35.4430799],[139.6489483,35.4430636],[139.6488999,35.4430174],[139.648995,35.4429515],[139.6491655,35.4431147],[139.6489883,35.4432375]]]}},{"type":"Feature","id":88365348,"properties":{"id":"88365348","name":null,"building":"yes","amenity":null,"shop":null,"height":null,"height_source":"unknown"},"geometry":{"type":"Polygon","coordinates":[[[139.6495115,35.4429586],[139.6491664,35.4426332],[139.649377,35.442485],[139.6497221,35.4428103],[139.6495115,35.4429586]]]}},{"type":"Feature","id":88365351,"properties":{"id":"88365351","name":null,"building":"hotel","amenity":null,"shop":null,"height":null,"height_source":"unknown"},"geometry":{"type":"Polygon","coordinates":[[[139.6465366,35.4443432],[139.6464034,35.4440022],[139.6464336,35.4439956],[139.6464286,35.4439789],[139.6471764,35.4438416],[139.6472033,35.4439578],[139.6472251,35.4439543],[139.6472514,35.4440303],[139.6472217,35.4440367],[139.647244,35.4441332],[139.6468368,35.444255],[139.6465366,35.4443432]]]}},{"type":"Feature","id":88365353,"properties":{"id":"88365353","name":"グローリオタワー横浜元町","building":"apartments","amenity":null,"shop":null,"height":80.6,"height_source":"OSM height tag"},"geometry":{"type":"Polygon","coordinates":[[[139.6506297,35.4429912],[139.6503254,35.4426973],[139.650334,35.4426915],[139.6503223,35.4426802],[139.6506776,35.4424362],[139.6506964,35.4424543],[139.6507676,35.4424054],[139.6509385,35.4425705],[139.6509275,35.4425781],[139.6510451,35.4426918],[139.6508894,35.4427987],[139.6508545,35.4428227],[139.6508629,35.4428309],[139.6506297,35.4429912]]]}},{"type":"Feature","id":88365354,"properties":{"id":"88365354","name":"タイムズステーション 横浜山下町","building":"yes","amenity":"parking","shop":null,"height":null,"height_source":"unknown"},"geometry":{"type":"Polygon","coordinates":[[[139.6477292,35.4448272],[139.6475204,35.4445811],[139.6477582,35.4444438],[139.6479691,35.444688],[139.6477292,35.4448272]]]}},{"type":"Feature","id":88365355,"properties":{"id":"88365355","name":null,"building":"office","amenity":null,"shop":null,"height":null,"height_source":"unknown"},"geometry":{"type":"Polygon","coordinates":[[[139.6500726,35.4425723],[139.6497595,35.4422799],[139.6500491,35.4420716],[139.6503315,35.4421686],[139.6504409,35.4422903],[139.6500726,35.4425723]]]}},{"type":"Feature","id":88365360,"properties":{"id":"88365360","name":null,"building":"apartments","amenity":null,"shop":null,"height":null,"height_source":"unknown"},"geometry":{"type":"Polygon","coordinates":[[[139.64977,35.4427854],[139.6494708,35.44251],[139.6496622,35.4423618],[139.6499693,35.4426443],[139.64977,35.4427854]]]}},{"type":"Feature","id":88365361,"properties":{"id":"88365361","name":null,"building":"yes","amenity":null,"shop":null,"height":null,"height_source":"unknown"},"geometry":{"type":"Polygon","coordinates":[[[139.6498967,35.4434647],[139.6496172,35.4432079],[139.6501494,35.4428327],[139.6504325,35.4431023],[139.6498967,35.4434647]]]}},{"type":"Feature","id":88365362,"properties":{"id":"88365362","name":null,"building":"apartments","amenity":null,"shop":null,"height":null,"height_source":"unknown"},"geometry":{"type":"Polygon","coordinates":[[[139.6492878,35.4430962],[139.6491392,35.4429576],[139.64934,35.4428148],[139.6494886,35.4429535],[139.6492878,35.4430962]]]}},{"type":"Feature","id":88370097,"properties":{"id":"88370097","name":null,"building":"yes","amenity":null,"shop":null,"height":null,"height_source":"unknown"},"geometry":{"type":"Polygon","coordinates":[[[139.6469524,35.4416238],[139.6469901,35.4414861],[139.6472813,35.4415363],[139.647239,35.4416732],[139.6469524,35.4416238]]]}},{"type":"Feature","id":88370099,"properties":{"id":"88370099","name":null,"building":"yes","amenity":null,"shop":null,"height":null,"height_source":"unknown"},"geometry":{"type":"Polygon","coordinates":[[[139.6490409,35.4422989],[139.6488725,35.4421399],[139.6489801,35.4420651],[139.6491496,35.4422247],[139.6490409,35.4422989]]]}},{"type":"Feature","id":88370103,"properties":{"id":"88370103","name":null,"building":"yes","amenity":null,"shop":null,"height":37.0,"height_source":"OSM height tag"},"geometry":{"type":"Polygon","coordinates":[[[139.6479799,35.4414812],[139.6480991,35.4414974],[139.648132,35.4413298],[139.6480728,35.4412594],[139.6479047,35.441169],[139.6478845,35.4412608],[139.6479378,35.4412683],[139.6479185,35.4413687],[139.6479956,35.4413793],[139.6479799,35.4414812]]]}},{"type":"Feature","id":88370104,"properties":{"id":"88370104","name":null,"building":"yes","amenity":null,"shop":null,"height":11.9,"height_source":"OSM height tag"},"geometry":{"type":"Polygon","coordinates":[[[139.6496329,35.4421868],[139.6495607,35.4421168],[139.6496888,35.4420286],[139.6497674,35.4420988],[139.6496329,35.4421868]]]}},{"type":"Feature","id":88370112,"properties":{"id":"88370112","name":null,"building":"yes","amenity":null,"shop":null,"height":31.1,"height_source":"OSM height tag"},"geometry":{"type":"Polygon","coordinates":[[[139.6476729,35.4413432],[139.6477267,35.4412257],[139.6479215,35.4412825],[139.6478611,35.4414019],[139.6476729,35.4413432]]]}},{"type":"Feature","id":88370124,"properties":{"id":"88370124","name":null,"building":"yes","amenity":null,"shop":null,"height":32.1,"height_source":"OSM height tag"},"geometry":{"type":"Polygon","coordinates":[[[139.6485575,35.4416638],[139.648656,35.4415064],[139.6488216,35.4415716],[139.6487301,35.4417282],[139.6485575,35.4416638]]]}},{"type":"Feature","id":88370131,"properties":{"id":"88370131","name":null,"building":"yes","amenity":null,"shop":null,"height":24.0,"height_source":"OSM height tag"},"geometry":{"type":"Polygon","coordinates":[[[139.6497809,35.4420865],[139.6495437,35.4418895],[139.6495629,35.4418629],[139.6498938,35.4420055],[139.6497809,35.4420865]]]}},{"type":"Feature","id":88370141,"properties":{"id":"88370141","name":null,"building":"yes","amenity":null,"shop":null,"height":null,"height_source":"unknown"},"geometry":{"type":"Polygon","coordinates":[[[139.6469592,35.4418745],[139.6470216,35.441648],[139.6471556,35.4416712],[139.6470953,35.4418995],[139.6469592,35.4418745]]]}},{"type":"Feature","id":88370142,"properties":{"id":"88370142","name":null,"building":"yes","amenity":null,"shop":null,"height":null,"height_source":"unknown"},"geometry":{"type":"Polygon","coordinates":[[[139.6488373,35.4426691],[139.6485146,35.4423568],[139.6486845,35.4422403],[139.6488632,35.4424132],[139.6488343,35.442433],[139.6490107,35.4426037],[139.6489234,35.4426636],[139.648891,35.4426323],[139.6488373,35.4426691]]]}},{"type":"Feature","id":88370146,"properties":{"id":"88370146","name":null,"building":"yes","amenity":null,"shop":null,"height":27.4,"height_source":"OSM height tag"},"geometry":{"type":"Polygon","coordinates":[[[139.6493986,35.44197],[139.6492874,35.4418665],[139.6493803,35.4417986],[139.6494861,35.4418515],[139.6495172,35.4418906],[139.6493986,35.44197]]]}},{"type":"Feature","id":88370155,"properties":{"id":"88370155","name":null,"building":"yes","amenity":null,"shop":null,"height":null,"height_source":"unknown"},"geometry":{"type":"Polygon","coordinates":[[[139.6490783,35.4425653],[139.6487275,35.4422275],[139.6488334,35.4421538],[139.6491775,35.4424935],[139.6490783,35.4425653]]]}},{"type":"Feature","id":88370161,"properties":{"id":"88370161","name":null,"building":"yes","amenity":null,"shop":null,"height":null,"height_source":"unknown"},"geometry":{"type":"Polygon","coordinates":[[[139.6486434,35.4428938],[139.6483058,35.4425595],[139.6484933,35.4424391],[139.6488353,35.4427716],[139.6486434,35.4428938]]]}},{"type":"Feature","id":88370178,"properties":{"id":"88370178","name":"横浜クリード","building":"office","amenity":null,"shop":null,"height":null,"height_source":"unknown"},"geometry":{"type":"Polygon","coordinates":[[[139.6475735,35.4419578],[139.6476699,35.4416082],[139.6479993,35.4416717],[139.6479191,35.4419681],[139.6477086,35.4419296],[139.6476937,35.4419798],[139.6475735,35.4419578]]]}},{"type":"Feature","id":88370187,"properties":{"id":"88370187","name":null,"building":"yes","amenity":null,"shop":null,"height":null,"height_source":"unknown"},"geometry":{"type":"Polygon","coordinates":[[[139.6490821,35.4429443],[139.6489384,35.4428151],[139.6491354,35.4426698],[139.649279,35.442799],[139.6490821,35.4429443]]]}},{"type":"Feature","id":89183599,"properties":{"id":"89183599","name":null,"building":"yes","amenity":null,"shop":null,"height":null,"height_source":"unknown"},"geometry":{"type":"Polygon","coordinates":[[[139.6475846,35.4448098],[139.6476587,35.4447682],[139.6475813,35.4446767],[139.6475072,35.4447183],[139.6475846,35.4448098]]]}},{"type":"Feature","id":89184335,"properties":{"id":"89184335","name":null,"building":"yes","amenity":null,"shop":null,"height":null,"height_source":"unknown"},"geometry":{"type":"Polygon","coordinates":[[[139.6470148,35.4437533],[139.6470422,35.443649],[139.6471875,35.4436747],[139.6471756,35.443733],[139.6470148,35.4437533]]]}},{"type":"Feature","id":89184348,"properties":{"id":"89184348","name":null,"building":"yes","amenity":null,"shop":null,"height":null,"height_source":"unknown"},"geometry":{"type":"Polygon","coordinates":[[[139.6469242,35.4437082],[139.6469432,35.4436348],[139.6470333,35.4436519],[139.6470056,35.4437559],[139.646979,35.4437606],[139.6469661,35.4437039],[139.6469242,35.4437082]]]}},{"type":"Feature","id":89184353,"properties":{"id":"89184353","name":null,"building":"yes","amenity":null,"shop":null,"height":null,"height_source":"unknown"},"geometry":{"type":"Polygon","coordinates":[[[139.6473714,35.4441448],[139.6476092,35.4440939],[139.6475578,35.4439792],[139.6473317,35.4440453],[139.6473714,35.4441448]]]}},{"type":"Feature","id":89184355,"properties":{"id":"89184355","name":null,"building":"yes","amenity":null,"shop":null,"height":null,"height_source":"unknown"},"geometry":{"type":"Polygon","coordinates":[[[139.6472894,35.4439587],[139.647399,35.4439337],[139.6473544,35.4438041],[139.6472435,35.4438253],[139.6472894,35.4439587]]]}},{"type":"Feature","id":89184358,"properties":{"id":"89184358","name":null,"building":"yes","amenity":null,"shop":null,"height":null,"height_source":"unknown"},"geometry":{"type":"Polygon","coordinates":[[[139.6476296,35.4441063],[139.6475958,35.4440372],[139.6477062,35.4439511],[139.6477629,35.444002],[139.6476296,35.4441063]]]}},{"type":"Feature","id":89184366,"properties":{"id":"89184366","name":null,"building":"yes","amenity":null,"shop":null,"height":null,"height_source":"unknown"},"geometry":{"type":"Polygon","coordinates":[[[139.6475933,35.4440233],[139.6475258,35.443903],[139.6474666,35.4439087],[139.6474235,35.443792],[139.6474595,35.4437875],[139.6474913,35.4437901],[139.6475165,35.4437989],[139.6475385,35.4438103],[139.6475677,35.4438345],[139.6476945,35.443944],[139.6475933,35.4440233]]]}},{"type":"Feature","id":89184369,"properties":{"id":"89184369","name":null,"building":"yes","amenity":null,"shop":null,"height":null,"height_source":"unknown"},"geometry":{"type":"Polygon","coordinates":[[[139.6474053,35.4439316],[139.6473612,35.4438036],[139.6474203,35.443792],[139.6474659,35.4439178],[139.6474053,35.4439316]]]}},{"type":"Feature","id":89559562,"properties":{"id":"89559562","name":null,"building":"yes","amenity":null,"shop":null,"height":null,"height_source":"unknown"},"geometry":{"type":"Polygon","coordinates":[[[139.6473031,35.4417795],[139.6473742,35.4417919],[139.6473915,35.4417253],[139.6473205,35.441713],[139.6473031,35.4417795]]]}},{"type":"Feature","id":89559563,"properties":{"id":"89559563","name":null,"building":"yes","amenity":null,"shop":null,"height":null,"height_source":"unknown"},"geometry":{"type":"Polygon","coordinates":[[[139.6472132,35.4418528],[139.6472773,35.4418639],[139.6472965,35.4417903],[139.6472324,35.4417791],[139.6472132,35.4418528]]]}},{"type":"Feature","id":89559566,"properties":{"id":"89559566","name":null,"building":"yes","amenity":null,"shop":null,"height":null,"height_source":"unknown"},"geometry":{"type":"Polygon","coordinates":[[[139.6472584,35.4416609],[139.6472971,35.4416677],[139.6473061,35.4416331],[139.6472674,35.4416264],[139.6472584,35.4416609]]]}},{"type":"Feature","id":89559569,"properties":{"id":"89559569","name":null,"building":"yes","amenity":null,"shop":null,"height":null,"height_source":"unknown"},"geometry":{"type":"Polygon","coordinates":[[[139.6473286,35.4424157],[139.6474097,35.4424264],[139.6474372,35.442288],[139.6473561,35.4422773],[139.6473286,35.4424157]]]}},{"type":"Feature","id":89559574,"properties":{"id":"89559574","name":null,"building":"yes","amenity":null,"shop":null,"height":null,"height_source":"unknown"},"geometry":{"type":"Polygon","coordinates":[[[139.6472636,35.4419463],[139.647331,35.441958],[139.6473492,35.4418885],[139.6472818,35.4418768],[139.6472636,35.4419463]]]}},{"type":"Feature","id":89559575,"properties":{"id":"89559575","name":"横浜媽祖廟","building":"yes","amenity":"place_of_worship","shop":null,"height":null,"height_source":"unknown"},"geometry":{"type":"Polygon","coordinates":[[[139.6475626,35.4421681],[139.6475216,35.4421186],[139.6475367,35.4420534],[139.6475936,35.4420202],[139.647679,35.4420321],[139.64772,35.4420816],[139.6477049,35.4421468],[139.6476481,35.44218],[139.6475626,35.4421681]]]}},{"type":"Feature","id":89559577,"properties":{"id":"89559577","name":null,"building":"yes","amenity":null,"shop":null,"height":null,"height_source":"unknown"},"geometry":{"type":"Polygon","coordinates":[[[139.6470163,35.4420775],[139.6471652,35.442103],[139.6471771,35.4420567],[139.6470282,35.4420313],[139.6470163,35.4420775]]]}},{"type":"Feature","id":89559578,"properties":{"id":"89559578","name":null,"building":"yes","amenity":null,"shop":null,"height":null,"height_source":"unknown"},"geometry":{"type":"Polygon","coordinates":[[[139.6476043,35.4423035],[139.6476483,35.4423101],[139.6476675,35.4422255],[139.6476234,35.4422189],[139.6476043,35.4423035]]]}},{"type":"Feature","id":89559587,"properties":{"id":"89559587","name":null,"building":"yes","amenity":null,"shop":null,"height":null,"height_source":"unknown"},"geometry":{"type":"Polygon","coordinates":[[[139.6476553,35.4423317],[139.6476976,35.4423375],[139.6477013,35.4423196],[139.647659,35.4423139],[139.6476553,35.4423317]]]}},{"type":"Feature","id":89559590,"properties":{"id":"89559590","name":null,"building":"yes","amenity":null,"shop":null,"height":null,"height_source":"unknown"},"geometry":{"type":"Polygon","coordinates":[[[139.6472293,35.44177],[139.6472824,35.4417792],[139.6473097,35.4416747],[139.6472566,35.4416655],[139.6472293,35.44177]]]}},{"type":"Feature","id":89559591,"properties":{"id":"89559591","name":null,"building":"yes","amenity":null,"shop":null,"height":null,"height_source":"unknown"},"geometry":{"type":"Polygon","coordinates":[[[139.6473214,35.4417029],[139.6473974,35.4417161],[139.6474062,35.4416826],[139.6473301,35.4416694],[139.6473214,35.4417029]]]}},{"type":"Feature","id":89559592,"properties":{"id":"89559592","name":null,"building":"yes","amenity":null,"shop":null,"height":null,"height_source":"unknown"},"geometry":{"type":"Polygon","coordinates":[[[139.6473796,35.441953],[139.6475047,35.4419759],[139.6475234,35.4419081],[139.6473982,35.4418852],[139.6473796,35.441953]]]}},{"type":"Feature","id":89559593,"properties":{"id":"89559593","name":null,"building":"yes","amenity":null,"shop":null,"height":null,"height_source":"unknown"},"geometry":{"type":"Polygon","coordinates":[[[139.6473052,35.441659],[139.6474074,35.4416768],[139.6474146,35.4416491],[139.6473124,35.4416314],[139.6473052,35.441659]]]}},{"type":"Feature","id":89559595,"properties":{"id":"89559595","name":null,"building":"yes","amenity":null,"shop":null,"height":null,"height_source":"unknown"},"geometry":{"type":"Polygon","coordinates":[[[139.6476309,35.4424599],[139.647674,35.4424656],[139.647698,35.4423448],[139.6476548,35.4423391],[139.6476309,35.4424599]]]}},{"type":"Feature","id":89559596,"properties":{"id":"89559596","name":null,"building":"yes","amenity":null,"shop":null,"height":null,"height_source":"unknown"},"geometry":{"type":"Polygon","coordinates":[[[139.6474528,35.4422808],[139.6475531,35.4422939],[139.6475681,35.4422181],[139.6474678,35.442205],[139.6474528,35.4422808]]]}},{"type":"Feature","id":89559597,"properties":{"id":"89559597","name":null,"building":"yes","amenity":null,"shop":null,"height":null,"height_source":"unknown"},"geometry":{"type":"Polygon","coordinates":[[[139.647763,35.4423766],[139.6478618,35.4423922],[139.647871,35.4423535],[139.6477722,35.4423379],[139.647763,35.4423766]]]}},{"type":"Feature","id":89559599,"properties":{"id":"89559599","name":null,"building":"yes","amenity":null,"shop":null,"height":null,"height_source":"unknown"},"geometry":{"type":"Polygon","coordinates":[[[139.6474201,35.4418028],[139.6474697,35.4418114],[139.6474932,35.4417218],[139.6474435,35.4417131],[139.6474201,35.4418028]]]}},{"type":"Feature","id":89559601,"properties":{"id":"89559601","name":null,"building":"yes","amenity":null,"shop":null,"height":null,"height_source":"unknown"},"geometry":{"type":"Polygon","coordinates":[[[139.6478472,35.44163],[139.6480433,35.4416577],[139.6480579,35.4415891],[139.6478618,35.4415614],[139.6478472,35.44163]]]}},{"type":"Feature","id":89559605,"properties":{"id":"89559605","name":null,"building":"yes","amenity":null,"shop":null,"height":null,"height_source":"unknown"},"geometry":{"type":"Polygon","coordinates":[[[139.6477458,35.442474],[139.6478318,35.4424868],[139.6478515,35.4423993],[139.6477655,35.4423864],[139.6477458,35.442474]]]}},{"type":"Feature","id":89559607,"properties":{"id":"89559607","name":null,"building":"yes","amenity":null,"shop":null,"height":null,"height_source":"unknown"},"geometry":{"type":"Polygon","coordinates":[[[139.6472922,35.4415486],[139.647369,35.4415619],[139.6473839,35.4415051],[139.647307,35.4414918],[139.6472922,35.4415486]]]}},{"type":"Feature","id":89559608,"properties":{"id":"89559608","name":null,"building":"yes","amenity":null,"shop":null,"height":null,"height_source":"unknown"},"geometry":{"type":"Polygon","coordinates":[[[139.6475725,35.4424529],[139.6476205,35.4424592],[139.6476387,35.4423672],[139.6475908,35.4423609],[139.6475725,35.4424529]]]}},{"type":"Feature","id":89559612,"properties":{"id":"89559612","name":null,"building":"yes","amenity":null,"shop":null,"height":null,"height_source":"unknown"},"geometry":{"type":"Polygon","coordinates":[[[139.6469858,35.4422074],[139.6470471,35.4422162],[139.6470573,35.4421688],[139.646996,35.4421601],[139.6469858,35.4422074]]]}},{"type":"Feature","id":89559615,"properties":{"id":"89559615","name":null,"building":"yes","amenity":null,"shop":null,"height":null,"height_source":"unknown"},"geometry":{"type":"Polygon","coordinates":[[[139.6472863,35.4418677],[139.6473565,35.4418799],[139.6473762,35.4418045],[139.647306,35.4417924],[139.6472863,35.4418677]]]}},{"type":"Feature","id":89559617,"properties":{"id":"89559617","name":null,"building":"yes","amenity":null,"shop":null,"height":null,"height_source":"unknown"},"geometry":{"type":"Polygon","coordinates":[[[139.6475939,35.4423555],[139.6476385,35.4423614],[139.6476471,35.4423184],[139.6476025,35.4423125],[139.6475939,35.4423555]]]}},{"type":"Feature","id":89559629,"properties":{"id":"89559629","name":null,"building":"yes","amenity":null,"shop":null,"height":null,"height_source":"unknown"},"geometry":{"type":"Polygon","coordinates":[[[139.6471217,35.442002],[139.6470413,35.4419883],[139.6470317,35.4420256],[139.6471806,35.442051],[139.6471873,35.4420249],[139.6471875,35.4420249],[139.6471937,35.4420008],[139.647125,35.4419891],[139.6471217,35.442002]]]}},{"type":"Feature","id":89559630,"properties":{"id":"89559630","name":null,"building":"yes","amenity":null,"shop":null,"height":null,"height_source":"unknown"},"geometry":{"type":"Polygon","coordinates":[[[139.6474999,35.4424431],[139.6475654,35.4424517],[139.6475927,35.4423141],[139.6475766,35.442312],[139.6475766,35.4423119],[139.6475092,35.442303],[139.6474985,35.4423573],[139.6475165,35.4423596],[139.6474999,35.4424431]]]}},{"type":"Feature","id":89559633,"properties":{"id":"89559633","name":null,"building":"yes","amenity":null,"shop":null,"height":null,"height_source":"unknown"},"geometry":{"type":"Polygon","coordinates":[[[139.6473639,35.4416341],[139.6474155,35.441643],[139.6474481,35.4415182],[139.6473965,35.4415093],[139.6473639,35.4416341]]]}},{"type":"Feature","id":89559635,"properties":{"id":"89559635","name":null,"building":"yes","amenity":null,"shop":null,"height":null,"height_source":"unknown"},"geometry":{"type":"Polygon","coordinates":[[[139.6469533,35.4423608],[139.6470578,35.4423745],[139.6470898,35.4422395],[139.646986,35.4422246],[139.6469533,35.4423608]]]}},{"type":"Feature","id":89559636,"properties":{"id":"89559636","name":null,"building":"yes","amenity":null,"shop":null,"height":null,"height_source":"unknown"},"geometry":{"type":"Polygon","coordinates":[[[139.647119,35.4419826],[139.6471657,35.4419905],[139.6471814,35.4419293],[139.6470535,35.4419079],[139.6470346,35.4419813],[139.6471158,35.4419951],[139.647119,35.4419826]]]}},{"type":"Feature","id":89559637,"properties":{"id":"89559637","name":null,"building":"yes","amenity":null,"shop":null,"height":null,"height_source":"unknown"},"geometry":{"type":"Polygon","coordinates":[[[139.6471898,35.4419415],[139.6472523,35.4419524],[139.6472724,35.4418754],[139.6472099,35.4418646],[139.6471898,35.4419415]]]}},{"type":"Feature","id":89559638,"properties":{"id":"89559638","name":null,"building":"yes","amenity":null,"shop":null,"height":null,"height_source":"unknown"},"geometry":{"type":"Polygon","coordinates":[[[139.6472706,35.4416198],[139.6473412,35.441632],[139.6473571,35.4415714],[139.6472864,35.4415591],[139.6472706,35.4416198]]]}},{"type":"Feature","id":89559639,"properties":{"id":"89559639","name":null,"building":"yes","amenity":null,"shop":null,"height":null,"height_source":"unknown"},"geometry":{"type":"Polygon","coordinates":[[[139.6476792,35.4424654],[139.6477316,35.4424723],[139.6477525,35.4423669],[139.6477001,35.44236],[139.6476792,35.4424654]]]}},{"type":"Feature","id":89559640,"properties":{"id":"89559640","name":null,"building":"yes","amenity":null,"shop":null,"height":null,"height_source":"unknown"},"geometry":{"type":"Polygon","coordinates":[[[139.6470527,35.4422207],[139.6471039,35.4422295],[139.647117,35.4421788],[139.6470658,35.44217],[139.6470527,35.4422207]]]}},{"type":"Feature","id":89559641,"properties":{"id":"89559641","name":null,"building":"yes","amenity":null,"shop":null,"height":null,"height_source":"unknown"},"geometry":{"type":"Polygon","coordinates":[[[139.6475617,35.442297],[139.6475973,35.442302],[139.6476146,35.4422193],[139.647579,35.4422143],[139.6475617,35.442297]]]}},{"type":"Feature","id":89559642,"properties":{"id":"89559642","name":null,"building":"yes","amenity":null,"shop":null,"height":null,"height_source":"unknown"},"geometry":{"type":"Polygon","coordinates":[[[139.647001,35.4421466],[139.6471488,35.4421719],[139.6471649,35.4421093],[139.647017,35.4420841],[139.647001,35.4421466]]]}},{"type":"Feature","id":89559643,"properties":{"id":"89559643","name":null,"building":"yes","amenity":null,"shop":null,"height":null,"height_source":"unknown"},"geometry":{"type":"Polygon","coordinates":[[[139.6477586,35.4422863],[139.6478829,35.4423076],[139.6478941,35.4422644],[139.6477698,35.442243],[139.6477586,35.4422863]]]}},{"type":"Feature","id":89559645,"properties":{"id":"89559645","name":null,"building":"yes","amenity":null,"shop":null,"height":null,"height_source":"unknown"},"geometry":{"type":"Polygon","coordinates":[[[139.6477471,35.4423271],[139.6478762,35.4423485],[139.647885,35.4423134],[139.6477559,35.4422919],[139.6477471,35.4423271]]]}},{"type":"Feature","id":89559646,"properties":{"id":"89559646","name":null,"building":"yes","amenity":null,"shop":null,"height":null,"height_source":"unknown"},"geometry":{"type":"Polygon","coordinates":[[[139.6477978,35.4420115],[139.6479572,35.4420371],[139.6479689,35.4419889],[139.6478095,35.4419633],[139.6477978,35.4420115]]]}},{"type":"Feature","id":89559647,"properties":{"id":"89559647","name":null,"building":"yes","amenity":null,"shop":null,"height":null,"height_source":"unknown"},"geometry":{"type":"Polygon","coordinates":[[[139.6476625,35.4423104],[139.6477403,35.442321],[139.6477554,35.4422481],[139.6476775,35.4422374],[139.6476625,35.4423104]]]}},{"type":"Feature","id":89559648,"properties":{"id":"89559648","name":null,"building":"yes","amenity":null,"shop":null,"height":null,"height_source":"unknown"},"geometry":{"type":"Polygon","coordinates":[[[139.6478733,35.4422086],[139.6479027,35.4420873],[139.6479281,35.4420914],[139.6478986,35.4422127],[139.6478733,35.4422086]]]}},{"type":"Feature","id":89559649,"properties":{"id":"89559649","name":null,"building":"yes","amenity":null,"shop":null,"height":null,"height_source":"unknown"},"geometry":{"type":"Polygon","coordinates":[[[139.6474018,35.4418792],[139.6475281,35.4419011],[139.6475449,35.4418368],[139.6474186,35.4418149],[139.6474018,35.4418792]]]}},{"type":"Feature","id":89559650,"properties":{"id":"89559650","name":null,"building":"yes","amenity":null,"shop":null,"height":null,"height_source":"unknown"},"geometry":{"type":"Polygon","coordinates":[[[139.6474203,35.4424249],[139.6474961,35.4424348],[139.6475101,35.4423643],[139.6474883,35.4423614],[139.6475017,35.4422937],[139.6474466,35.4422865],[139.6474203,35.4424249]]]}},{"type":"Feature","id":89559652,"properties":{"id":"89559652","name":null,"building":"yes","amenity":null,"shop":null,"height":null,"height_source":"unknown"},"geometry":{"type":"Polygon","coordinates":[[[139.6474573,35.4416974],[139.6475141,35.4417073],[139.6474865,35.4418129],[139.6475555,35.4418249],[139.6476274,35.4415497],[139.6475013,35.4415291],[139.6474573,35.4416974]]]}},{"type":"Feature","id":89833193,"properties":{"id":"89833193","name":null,"building":"yes","amenity":null,"shop":null,"height":null,"height_source":"unknown"},"geometry":{"type":"Polygon","coordinates":[[[139.6468534,35.4427107],[139.6470029,35.4427352],[139.6470108,35.4427036],[139.6468612,35.442679],[139.6468534,35.4427107]]]}},{"type":"Feature","id":89833197,"properties":{"id":"89833197","name":null,"building":"yes","amenity":null,"shop":null,"height":null,"height_source":"unknown"},"geometry":{"type":"Polygon","coordinates":[[[139.6468804,35.4426724],[139.6470125,35.4426932],[139.647024,35.4426447],[139.6468918,35.442624],[139.6468804,35.4426724]]]}},{"type":"Feature","id":89833207,"properties":{"id":"89833207","name":null,"building":"yes","amenity":null,"shop":null,"height":null,"height_source":"unknown"},"geometry":{"type":"Polygon","coordinates":[[[139.6470052,35.4425927],[139.6470402,35.4425982],[139.6470688,35.4424779],[139.6470337,35.4424724],[139.6470052,35.4425927]]]}},{"type":"Feature","id":89834265,"properties":{"id":"89834265","name":null,"building":"yes","amenity":null,"shop":null,"height":null,"height_source":"unknown"},"geometry":{"type":"Polygon","coordinates":[[[139.6470684,35.4429152],[139.6471803,35.4429327],[139.647193,35.4428788],[139.647081,35.4428614],[139.6470684,35.4429152]]]}},{"type":"Feature","id":89834267,"properties":{"id":"89834267","name":null,"building":"yes","amenity":null,"shop":null,"height":null,"height_source":"unknown"},"geometry":{"type":"Polygon","coordinates":[[[139.6471982,35.4431556],[139.6472556,35.4431654],[139.6472779,35.4430784],[139.6472205,35.4430686],[139.6472119,35.443102],[139.647205,35.4431288],[139.6471982,35.4431556]]]}},{"type":"Feature","id":89834268,"properties":{"id":"89834268","name":null,"building":"yes","amenity":null,"shop":null,"height":null,"height_source":"unknown"},"geometry":{"type":"Polygon","coordinates":[[[139.6472266,35.443605],[139.647296,35.443618],[139.6473303,35.4434965],[139.6472609,35.4434835],[139.6472266,35.443605]]]}},{"type":"Feature","id":89834269,"properties":{"id":"89834269","name":null,"building":"yes","amenity":null,"shop":null,"height":null,"height_source":"unknown"},"geometry":{"type":"Polygon","coordinates":[[[139.6472685,35.4431703],[139.6473251,35.4431794],[139.6473468,35.4430896],[139.6472902,35.4430805],[139.6472685,35.4431703]]]}},{"type":"Feature","id":89834270,"properties":{"id":"89834270","name":null,"building":"yes","amenity":null,"shop":null,"height":null,"height_source":"unknown"},"geometry":{"type":"Polygon","coordinates":[[[139.6472057,35.443303],[139.6472946,35.4433178],[139.6473206,35.4432144],[139.6472318,35.4431996],[139.6472057,35.443303]]]}},{"type":"Feature","id":89834272,"properties":{"id":"89834272","name":null,"building":"yes","amenity":null,"shop":null,"height":null,"height_source":"unknown"},"geometry":{"type":"Polygon","coordinates":[[[139.6471438,35.443038],[139.6472177,35.4430512],[139.6472309,35.4430022],[139.647157,35.442989],[139.6471438,35.443038]]]}},{"type":"Feature","id":89834273,"properties":{"id":"89834273","name":null,"building":"yes","amenity":null,"shop":null,"height":null,"height_source":"unknown"},"geometry":{"type":"Polygon","coordinates":[[[139.6470485,35.4430195],[139.6471319,35.4430345],[139.6471445,35.4429877],[139.6470611,35.4429727],[139.6470485,35.4430195]]]}},{"type":"Feature","id":89834274,"properties":{"id":"89834274","name":null,"building":"yes","amenity":null,"shop":null,"height":null,"height_source":"unknown"},"geometry":{"type":"Polygon","coordinates":[[[139.6474574,35.4435139],[139.6475721,35.4435349],[139.6475954,35.4434507],[139.6474807,35.4434297],[139.6474574,35.4435139]]]}},{"type":"Feature","id":89834275,"properties":{"id":"89834275","name":null,"building":"yes","amenity":null,"shop":null,"height":null,"height_source":"unknown"},"geometry":{"type":"Polygon","coordinates":[[[139.6473352,35.4428061],[139.6474271,35.4428184],[139.6474414,35.4427475],[139.6473495,35.4427352],[139.6473352,35.4428061]]]}},{"type":"Feature","id":89834276,"properties":{"id":"89834276","name":null,"building":"yes","amenity":null,"shop":null,"height":null,"height_source":"unknown"},"geometry":{"type":"Polygon","coordinates":[[[139.6470129,35.4431571],[139.6471663,35.4431808],[139.6471793,35.4431289],[139.6470253,35.4431042],[139.6470129,35.4431571]]]}},{"type":"Feature","id":89834277,"properties":{"id":"89834277","name":null,"building":"yes","amenity":null,"shop":null,"height":null,"height_source":"unknown"},"geometry":{"type":"Polygon","coordinates":[[[139.6472296,35.4427882],[139.6473222,35.4428016],[139.6473383,35.4427277],[139.6472457,35.4427143],[139.6472296,35.4427882]]]}},{"type":"Feature","id":89834278,"properties":{"id":"89834278","name":null,"building":"yes","amenity":null,"shop":null,"height":null,"height_source":"unknown"},"geometry":{"type":"Polygon","coordinates":[[[139.6473831,35.4430168],[139.6476995,35.4430671],[139.6477128,35.4430118],[139.6473964,35.4429616],[139.6473831,35.4430168]]]}},{"type":"Feature","id":89834279,"properties":{"id":"89834279","name":null,"building":"yes","amenity":null,"shop":null,"height":null,"height_source":"unknown"},"geometry":{"type":"Polygon","coordinates":[[[139.6472824,35.4428527],[139.6473276,35.4428577],[139.6473351,35.4428132],[139.6472898,35.4428082],[139.6472824,35.4428527]]]}},{"type":"Feature","id":89834280,"properties":{"id":"89834280","name":null,"building":"yes","amenity":null,"shop":null,"height":null,"height_source":"unknown"},"geometry":{"type":"Polygon","coordinates":[[[139.6475828,35.4429835],[139.6477207,35.4430058],[139.6477297,35.4429686],[139.6475919,35.4429463],[139.6475828,35.4429835]]]}},{"type":"Feature","id":89834281,"properties":{"id":"89834281","name":null,"building":"yes","amenity":null,"shop":null,"height":null,"height_source":"unknown"},"geometry":{"type":"Polygon","coordinates":[[[139.6473901,35.4436305],[139.6474381,35.44364],[139.6474732,35.4435215],[139.6474252,35.4435121],[139.6473901,35.4436305]]]}},{"type":"Feature","id":89834282,"properties":{"id":"89834282","name":null,"building":"yes","amenity":null,"shop":null,"height":null,"height_source":"unknown"},"geometry":{"type":"Polygon","coordinates":[[[139.6473311,35.4428739],[139.6473798,35.4428801],[139.647391,35.4428207],[139.6473423,35.4428146],[139.6473311,35.4428739]]]}},{"type":"Feature","id":89834283,"properties":{"id":"89834283","name":null,"building":"yes","amenity":null,"shop":null,"height":null,"height_source":"unknown"},"geometry":{"type":"Polygon","coordinates":[[[139.6472247,35.4430592],[139.6472726,35.4430678],[139.647281,35.4430368],[139.6472331,35.4430283],[139.6472247,35.4430592]]]}},{"type":"Feature","id":89834284,"properties":{"id":"89834284","name":null,"building":"yes","amenity":null,"shop":null,"height":null,"height_source":"unknown"},"geometry":{"type":"Polygon","coordinates":[[[139.6472703,35.443475],[139.6473389,35.4434879],[139.6473587,35.4434142],[139.6472895,35.4434012],[139.6472703,35.443475]]]}},{"type":"Feature","id":89834285,"properties":{"id":"89834285","name":null,"building":"yes","amenity":null,"shop":null,"height":null,"height_source":"unknown"},"geometry":{"type":"Polygon","coordinates":[[[139.6470903,35.4428102],[139.647187,35.4428264],[139.6471961,35.4427904],[139.6470994,35.4427742],[139.6470903,35.4428102]]]}},{"type":"Feature","id":89834286,"properties":{"id":"89834286","name":null,"building":"yes","amenity":null,"shop":null,"height":null,"height_source":"unknown"},"geometry":{"type":"Polygon","coordinates":[[[139.6473586,35.4434915],[139.6474294,35.4435049],[139.6474529,35.4434227],[139.6473821,35.4434092],[139.6473586,35.4434915]]]}},{"type":"Feature","id":89834287,"properties":{"id":"89834287","name":null,"building":"yes","amenity":null,"shop":null,"height":null,"height_source":"unknown"},"geometry":{"type":"Polygon","coordinates":[[[139.6472759,35.4429173],[139.6473369,35.4429248],[139.6473452,35.44288],[139.6472842,35.4428725],[139.6472759,35.4429173]]]}},{"type":"Feature","id":89834288,"properties":{"id":"89834288","name":null,"building":"yes","amenity":null,"shop":null,"height":null,"height_source":"unknown"},"geometry":{"type":"Polygon","coordinates":[[[139.6472681,35.4430222],[139.647358,35.4430512],[139.6473745,35.4430173],[139.647371,35.4430104],[139.6473785,35.4429803],[139.6472942,35.4429663],[139.6472884,35.4429894],[139.6472847,35.4429882],[139.6472681,35.4430222]]]}},{"type":"Feature","id":89834289,"properties":{"id":"89834289","name":null,"building":"yes","amenity":null,"shop":null,"height":null,"height_source":"unknown"},"geometry":{"type":"Polygon","coordinates":[[[139.6474483,35.4436435],[139.6475366,35.4436596],[139.6475576,35.4435869],[139.6474704,35.4435704],[139.6474483,35.4436435]]]}},{"type":"Feature","id":89834290,"properties":{"id":"89834290","name":null,"building":"yes","amenity":null,"shop":null,"height":null,"height_source":"unknown"},"geometry":{"type":"Polygon","coordinates":[[[139.6471075,35.4427647],[139.6472158,35.4427826],[139.6472335,35.4427117],[139.6471251,35.4426938],[139.6471075,35.4427647]]]}},{"type":"Feature","id":89834291,"properties":{"id":"89834291","name":null,"building":"yes","amenity":null,"shop":null,"height":null,"height_source":"unknown"},"geometry":{"type":"Polygon","coordinates":[[[139.6473789,35.4430615],[139.6476893,35.4431132],[139.6476981,35.4430779],[139.6473877,35.4430262],[139.6473789,35.4430615]]]}},{"type":"Feature","id":89834292,"properties":{"id":"89834292","name":null,"building":"yes","amenity":null,"shop":null,"height":null,"height_source":"unknown"},"geometry":{"type":"Polygon","coordinates":[[[139.6470603,35.4429573],[139.6472338,35.4429847],[139.6472423,35.4429491],[139.6470687,35.4429217],[139.6470603,35.4429573]]]}},{"type":"Feature","id":89834293,"properties":{"id":"89834293","name":null,"building":"yes","amenity":null,"shop":null,"height":null,"height_source":"unknown"},"geometry":{"type":"Polygon","coordinates":[[[139.6474719,35.4435639],[139.6475619,35.4435809],[139.6475721,35.443545],[139.6474821,35.443528],[139.6474719,35.4435639]]]}},{"type":"Feature","id":89834294,"properties":{"id":"89834294","name":null,"building":"yes","amenity":null,"shop":null,"height":null,"height_source":"unknown"},"geometry":{"type":"Polygon","coordinates":[[[139.6473963,35.4431728],[139.6476398,35.4432133],[139.647661,35.4431286],[139.6474175,35.4430881],[139.6473963,35.4431728]]]}},{"type":"Feature","id":89834295,"properties":{"id":"89834295","name":null,"building":"yes","amenity":null,"shop":null,"height":null,"height_source":"unknown"},"geometry":{"type":"Polygon","coordinates":[[[139.6471891,35.4429336],[139.6472517,35.442943],[139.6472635,35.4428905],[139.647201,35.4428811],[139.6471891,35.4429336]]]}},{"type":"Feature","id":89834296,"properties":{"id":"89834296","name":null,"building":"yes","amenity":null,"shop":null,"height":null,"height_source":"unknown"},"geometry":{"type":"Polygon","coordinates":[[[139.6474323,35.4433915],[139.647591,35.4434173],[139.6476103,35.4433385],[139.6474517,35.4433126],[139.6474323,35.4433915]]]}},{"type":"Feature","id":89834297,"properties":{"id":"89834297","name":null,"building":"yes","amenity":null,"shop":null,"height":null,"height_source":"unknown"},"geometry":{"type":"Polygon","coordinates":[[[139.647033,35.4431006],[139.6470627,35.443077],[139.6472119,35.443102],[139.647205,35.4431288],[139.647033,35.4431006]]]}},{"type":"Feature","id":89834298,"properties":{"id":"89834298","name":null,"building":"yes","amenity":null,"shop":null,"height":null,"height_source":"unknown"},"geometry":{"type":"Polygon","coordinates":[[[139.6474079,35.4429539],[139.6475512,35.4429768],[139.6475601,35.4429399],[139.6474167,35.442917],[139.6474079,35.4429539]]]}},{"type":"Feature","id":89834299,"properties":{"id":"89834299","name":null,"building":"yes","amenity":null,"shop":null,"height":null,"height_source":"unknown"},"geometry":{"type":"Polygon","coordinates":[[[139.6473056,35.4436176],[139.6473762,35.4436311],[139.6474113,35.44351],[139.6473407,35.4434964],[139.6473056,35.4436176]]]}},{"type":"Feature","id":89834300,"properties":{"id":"89834300","name":null,"building":"yes","amenity":null,"shop":null,"height":null,"height_source":"unknown"},"geometry":{"type":"Polygon","coordinates":[[[139.6473421,35.443171],[139.6473798,35.4431777],[139.6473938,35.4431256],[139.6473561,35.4431189],[139.6473421,35.443171]]]}},{"type":"Feature","id":89834301,"properties":{"id":"89834301","name":null,"building":"yes","amenity":null,"shop":null,"height":null,"height_source":"unknown"},"geometry":{"type":"Polygon","coordinates":[[[139.6469529,35.4433947],[139.6471307,35.4434261],[139.6471896,35.4432043],[139.6470118,35.4431729],[139.6469529,35.4433947]]]}},{"type":"Feature","id":89834302,"properties":{"id":"89834302","name":null,"building":"yes","amenity":null,"shop":null,"height":null,"height_source":"unknown"},"geometry":{"type":"Polygon","coordinates":[[[139.647198,35.4428415],[139.6472721,35.4428505],[139.647281,35.442801],[139.647207,35.4427921],[139.647198,35.4428415]]]}},{"type":"Feature","id":89834303,"properties":{"id":"89834303","name":null,"building":"yes","amenity":null,"shop":null,"height":null,"height_source":"unknown"},"geometry":{"type":"Polygon","coordinates":[[[139.6469059,35.4435435],[139.6470513,35.4435691],[139.6470856,35.4434399],[139.6469402,35.4434143],[139.6469059,35.4435435]]]}},{"type":"Feature","id":89834304,"properties":{"id":"89834304","name":null,"building":"yes","amenity":null,"shop":null,"height":null,"height_source":"unknown"},"geometry":{"type":"Polygon","coordinates":[[[139.6470374,35.4430662],[139.6471921,35.4430939],[139.6472013,35.4430601],[139.6470465,35.4430323],[139.6470374,35.4430662]]]}},{"type":"Feature","id":89834305,"properties":{"id":"89834305","name":null,"building":"yes","amenity":null,"shop":null,"height":null,"height_source":"unknown"},"geometry":{"type":"Polygon","coordinates":[[[139.6472868,35.4429595],[139.6473829,35.4429774],[139.6473924,35.4429434],[139.6472963,35.4429255],[139.6472868,35.4429595]]]}},{"type":"Feature","id":89834306,"properties":{"id":"89834306","name":null,"building":"yes","amenity":null,"shop":null,"height":null,"height_source":"unknown"},"geometry":{"type":"Polygon","coordinates":[[[139.6470714,35.4435694],[139.6472119,35.443595],[139.6472496,35.4434573],[139.6471091,35.4434318],[139.6470714,35.4435694]]]}},{"type":"Feature","id":89834307,"properties":{"id":"89834307","name":null,"building":"yes","amenity":null,"shop":null,"height":null,"height_source":"unknown"},"geometry":{"type":"Polygon","coordinates":[[[139.6472953,35.4433613],[139.6473156,35.4433639],[139.6473079,35.4433952],[139.6474012,35.4434103],[139.6474118,35.4433669],[139.6474011,35.4433652],[139.6474119,35.4433117],[139.647311,35.4432983],[139.6472953,35.4433613]]]}},{"type":"Feature","id":89947527,"properties":{"id":"89947527","name":null,"building":"yes","amenity":null,"shop":null,"height":null,"height_source":"unknown"},"geometry":{"type":"Polygon","coordinates":[[[139.6473886,35.4426342],[139.647424,35.4426404],[139.6474387,35.442585],[139.6474032,35.4425788],[139.6473886,35.4426342]]]}},{"type":"Feature","id":89947533,"properties":{"id":"89947533","name":null,"building":"yes","amenity":null,"shop":null,"height":null,"height_source":"unknown"},"geometry":{"type":"Polygon","coordinates":[[[139.6473609,35.4427034],[139.6473938,35.4427091],[139.647411,35.442643],[139.6473781,35.4426373],[139.6473609,35.4427034]]]}},{"type":"Feature","id":89947535,"properties":{"id":"89947535","name":null,"building":"yes","amenity":null,"shop":null,"height":null,"height_source":"unknown"},"geometry":{"type":"Polygon","coordinates":[[[139.6472868,35.4426915],[139.6473104,35.442695],[139.6473239,35.4426335],[139.6473003,35.4426301],[139.6472868,35.4426915]]]}},{"type":"Feature","id":89947538,"properties":{"id":"89947538","name":null,"building":"yes","amenity":null,"shop":null,"height":null,"height_source":"unknown"},"geometry":{"type":"Polygon","coordinates":[[[139.6474677,35.4427034],[139.6475349,35.4427129],[139.6475505,35.4426367],[139.6475319,35.4426342],[139.6475546,35.4425362],[139.6475081,35.4425291],[139.6474677,35.4427034]]]}},{"type":"Feature","id":89947539,"properties":{"id":"89947539","name":null,"building":"yes","amenity":null,"shop":null,"height":null,"height_source":"unknown"},"geometry":{"type":"Polygon","coordinates":[[[139.6473433,35.4425932],[139.6473852,35.4426002],[139.6474076,35.4425123],[139.6473657,35.4425052],[139.6473433,35.4425932]]]}},{"type":"Feature","id":89947540,"properties":{"id":"89947540","name":null,"building":"yes","amenity":null,"shop":null,"height":null,"height_source":"unknown"},"geometry":{"type":"Polygon","coordinates":[[[139.647325,35.4426726],[139.6473594,35.4426786],[139.647379,35.4426039],[139.6473447,35.4425979],[139.647325,35.4426726]]]}},{"type":"Feature","id":89947541,"properties":{"id":"89947541","name":null,"building":"yes","amenity":null,"shop":null,"height":null,"height_source":"unknown"},"geometry":{"type":"Polygon","coordinates":[[[139.6471422,35.4426032],[139.6472426,35.4426193],[139.6472493,35.4425914],[139.6471489,35.4425754],[139.6471422,35.4426032]]]}},{"type":"Feature","id":89947542,"properties":{"id":"89947542","name":null,"building":"yes","amenity":null,"shop":null,"height":null,"height_source":"unknown"},"geometry":{"type":"Polygon","coordinates":[[[139.6472456,35.4426851],[139.647282,35.4426907],[139.6472966,35.4426277],[139.6472602,35.4426221],[139.6472456,35.4426851]]]}},{"type":"Feature","id":89947543,"properties":{"id":"89947543","name":null,"building":"yes","amenity":null,"shop":null,"height":null,"height_source":"unknown"},"geometry":{"type":"Polygon","coordinates":[[[139.647696,35.442618],[139.6477159,35.4426212],[139.6477291,35.4425668],[139.6477092,35.4425636],[139.647696,35.442618]]]}},{"type":"Feature","id":89947544,"properties":{"id":"89947544","name":null,"building":"yes","amenity":null,"shop":null,"height":null,"height_source":"unknown"},"geometry":{"type":"Polygon","coordinates":[[[139.6472893,35.4426225],[139.6473271,35.4426278],[139.6473533,35.4425051],[139.6473154,35.4424997],[139.6472893,35.4426225]]]}},{"type":"Feature","id":89947545,"properties":{"id":"89947545","name":null,"building":"yes","amenity":null,"shop":null,"height":null,"height_source":"unknown"},"geometry":{"type":"Polygon","coordinates":[[[139.6471256,35.4426645],[139.6472279,35.4426803],[139.6472354,35.4426479],[139.6471331,35.4426321],[139.6471256,35.4426645]]]}},{"type":"Feature","id":89947548,"properties":{"id":"89947548","name":null,"building":"yes","amenity":null,"shop":null,"height":null,"height_source":"unknown"},"geometry":{"type":"Polygon","coordinates":[[[139.6477428,35.4427567],[139.6477915,35.4427628],[139.6478047,35.4426937],[139.647756,35.4426876],[139.6477428,35.4427567]]]}},{"type":"Feature","id":89947552,"properties":{"id":"89947552","name":null,"building":"yes","amenity":null,"shop":null,"height":null,"height_source":"unknown"},"geometry":{"type":"Polygon","coordinates":[[[139.6472574,35.442576],[139.6472909,35.4425818],[139.6473105,35.4424986],[139.6472781,35.4424937],[139.6472574,35.442576]]]}},{"type":"Feature","id":89947555,"properties":{"id":"89947555","name":null,"building":"yes","amenity":null,"shop":null,"height":null,"height_source":"unknown"},"geometry":{"type":"Polygon","coordinates":[[[139.6476348,35.4426381],[139.6476834,35.4426462],[139.6477047,35.4425618],[139.6476561,35.4425537],[139.6476348,35.4426381]]]}},{"type":"Feature","id":89947557,"properties":{"id":"89947557","name":null,"building":"yes","amenity":null,"shop":null,"height":null,"height_source":"unknown"},"geometry":{"type":"Polygon","coordinates":[[[139.647407,35.4427096],[139.6474562,35.4427167],[139.6474699,35.4426537],[139.6474207,35.4426466],[139.647407,35.4427096]]]}},{"type":"Feature","id":89947564,"properties":{"id":"89947564","name":null,"building":"yes","amenity":null,"shop":null,"height":null,"height_source":"unknown"},"geometry":{"type":"Polygon","coordinates":[[[139.6476688,35.4427919],[139.6477723,35.4428086],[139.647781,35.4427732],[139.6476774,35.4427564],[139.6476688,35.4427919]]]}},{"type":"Feature","id":89947568,"properties":{"id":"89947568","name":null,"building":"yes","amenity":null,"shop":null,"height":null,"height_source":"unknown"},"geometry":{"type":"Polygon","coordinates":[[[139.6471466,35.4425706],[139.6472497,35.4425871],[139.6472717,35.442496],[139.6471686,35.4424795],[139.6471466,35.4425706]]]}},{"type":"Feature","id":89947573,"properties":{"id":"89947573","name":null,"building":"yes","amenity":null,"shop":null,"height":null,"height_source":"unknown"},"geometry":{"type":"Polygon","coordinates":[[[139.647582,35.4426286],[139.6476212,35.4426352],[139.6476425,35.4425514],[139.6476033,35.4425448],[139.647582,35.4426286]]]}},{"type":"Feature","id":89947574,"properties":{"id":"89947574","name":null,"building":"yes","amenity":null,"shop":null,"height":null,"height_source":"unknown"},"geometry":{"type":"Polygon","coordinates":[[[139.6474399,35.4426296],[139.647474,35.442634],[139.6474954,35.4425254],[139.6474613,35.4425209],[139.6474399,35.4426296]]]}},{"type":"Feature","id":89947576,"properties":{"id":"89947576","name":null,"building":"yes","amenity":null,"shop":null,"height":null,"height_source":"unknown"},"geometry":{"type":"Polygon","coordinates":[[[139.6477089,35.442666],[139.6478125,35.4426811],[139.6478197,35.4426481],[139.6477162,35.4426331],[139.6477089,35.442666]]]}},{"type":"Feature","id":89947583,"properties":{"id":"89947583","name":null,"building":"yes","amenity":null,"shop":null,"height":null,"height_source":"unknown"},"geometry":{"type":"Polygon","coordinates":[[[139.6475409,35.4426252],[139.6475748,35.4426306],[139.6475961,35.4425412],[139.6475621,35.4425358],[139.6475409,35.4426252]]]}},{"type":"Feature","id":89947585,"properties":{"id":"89947585","name":null,"building":"yes","amenity":null,"shop":null,"height":null,"height_source":"unknown"},"geometry":{"type":"Polygon","coordinates":[[[139.6474023,35.4425736],[139.6474338,35.4425792],[139.6474499,35.4425188],[139.6474185,35.4425132],[139.6474023,35.4425736]]]}},{"type":"Feature","id":89947594,"properties":{"id":"89947594","name":null,"building":"yes","amenity":null,"shop":null,"height":null,"height_source":"unknown"},"geometry":{"type":"Polygon","coordinates":[[[139.647722,35.4426214],[139.6478116,35.4426351],[139.6478246,35.4425789],[139.647735,35.4425652],[139.647722,35.4426214]]]}},{"type":"Feature","id":89947598,"properties":{"id":"89947598","name":null,"building":"yes","amenity":null,"shop":null,"height":null,"height_source":"unknown"},"geometry":{"type":"Polygon","coordinates":[[[139.6474506,35.4427513],[139.6475055,35.4427584],[139.6475108,35.4427312],[139.6474559,35.442724],[139.6474506,35.4427513]]]}},{"type":"Feature","id":89947601,"properties":{"id":"89947601","name":null,"building":"yes","amenity":null,"shop":null,"height":null,"height_source":"unknown"},"geometry":{"type":"Polygon","coordinates":[[[139.6475525,35.4427253],[139.6477268,35.442751],[139.6477419,35.4426829],[139.6475677,35.4426572],[139.6475525,35.4427253]]]}},{"type":"Feature","id":89947804,"properties":{"id":"89947804","name":null,"building":"yes","amenity":null,"shop":null,"height":null,"height_source":"unknown"},"geometry":{"type":"Polygon","coordinates":[[[139.6492373,35.4423246],[139.6493088,35.4423884],[139.6494339,35.4422952],[139.6493624,35.4422315],[139.6492373,35.4423246]]]}},{"type":"Feature","id":89947805,"properties":{"id":"89947805","name":null,"building":"yes","amenity":null,"shop":null,"height":null,"height_source":"unknown"},"geometry":{"type":"Polygon","coordinates":[[[139.6492257,35.4422806],[139.6493841,35.442168],[139.649324,35.4421119],[139.6491656,35.4422244],[139.6492257,35.4422806]]]}},{"type":"Feature","id":89947806,"properties":{"id":"89947806","name":null,"building":"yes","amenity":null,"shop":null,"height":null,"height_source":"unknown"},"geometry":{"type":"Polygon","coordinates":[[[139.649018,35.4420901],[139.6490784,35.4421503],[139.6492522,35.4420347],[139.6491919,35.4419745],[139.649018,35.4420901]]]}},{"type":"Feature","id":89948517,"properties":{"id":"89948517","name":null,"building":"yes","amenity":null,"shop":null,"height":null,"height_source":"unknown"},"geometry":{"type":"Polygon","coordinates":[[[139.6486779,35.4418762],[139.6487313,35.4419289],[139.6488572,35.4418444],[139.6488038,35.4417916],[139.6486779,35.4418762]]]}},{"type":"Feature","id":89948519,"properties":{"id":"89948519","name":null,"building":"yes","amenity":null,"shop":null,"height":null,"height_source":"unknown"},"geometry":{"type":"Polygon","coordinates":[[[139.649015,35.4420831],[139.6491801,35.4419708],[139.6491395,35.4419313],[139.6489745,35.4420436],[139.649015,35.4420831]]]}},{"type":"Feature","id":89948521,"properties":{"id":"89948521","name":null,"building":"yes","amenity":null,"shop":null,"height":null,"height_source":"unknown"},"geometry":{"type":"Polygon","coordinates":[[[139.6488866,35.4418661],[139.6488095,35.4417875],[139.6488921,35.4417291],[139.6489351,35.4417726],[139.6488886,35.4418061],[139.6489257,35.4418411],[139.6488866,35.4418661]]]}},{"type":"Feature","id":89948524,"properties":{"id":"89948524","name":null,"building":"yes","amenity":null,"shop":null,"height":null,"height_source":"unknown"},"geometry":{"type":"Polygon","coordinates":[[[139.6490463,35.4419042],[139.648998,35.4418599],[139.6489709,35.4418796],[139.648904,35.4418158],[139.6490162,35.4417337],[139.6491334,35.4418428],[139.6490463,35.4419042]]]}},{"type":"Feature","id":89948526,"properties":{"id":"89948526","name":null,"building":"yes","amenity":null,"shop":null,"height":null,"height_source":"unknown"},"geometry":{"type":"Polygon","coordinates":[[[139.6490064,35.4420131],[139.6491343,35.4419265],[139.6490917,35.4418847],[139.6489638,35.4419713],[139.6490064,35.4420131]]]}},{"type":"Feature","id":89950379,"properties":{"id":"89950379","name":null,"building":"yes","amenity":null,"shop":null,"height":null,"height_source":"unknown"},"geometry":{"type":"Polygon","coordinates":[[[139.6485892,35.442125],[139.6486327,35.4421669],[139.6487336,35.4420973],[139.6486901,35.4420554],[139.6485892,35.442125]]]}},{"type":"Feature","id":89950381,"properties":{"id":"89950381","name":null,"building":"yes","amenity":null,"shop":null,"height":null,"height_source":"unknown"},"geometry":{"type":"Polygon","coordinates":[[[139.6486417,35.442176],[139.6486974,35.4422297],[139.6488009,35.4421584],[139.6487451,35.4421047],[139.6486417,35.442176]]]}},{"type":"Feature","id":89950383,"properties":{"id":"89950383","name":null,"building":"yes","amenity":null,"shop":null,"height":null,"height_source":"unknown"},"geometry":{"type":"Polygon","coordinates":[[[139.6482379,35.4421884],[139.6482837,35.4422324],[139.6483133,35.442212],[139.6482675,35.4421679],[139.6482379,35.4421884]]]}},{"type":"Feature","id":89950386,"properties":{"id":"89950386","name":null,"building":"yes","amenity":null,"shop":null,"height":null,"height_source":"unknown"},"geometry":{"type":"Polygon","coordinates":[[[139.6482472,35.4422901],[139.6482761,35.442318],[139.6483473,35.4422689],[139.6483183,35.442241],[139.6482472,35.4422901]]]}},{"type":"Feature","id":89950388,"properties":{"id":"89950388","name":null,"building":"yes","amenity":null,"shop":null,"height":null,"height_source":"unknown"},"geometry":{"type":"Polygon","coordinates":[[[139.6484699,35.4421999],[139.6485574,35.4421396],[139.6485274,35.4421108],[139.64844,35.442171],[139.6484699,35.4421999]]]}},{"type":"Feature","id":89950389,"properties":{"id":"89950389","name":null,"building":"yes","amenity":null,"shop":null,"height":null,"height_source":"unknown"},"geometry":{"type":"Polygon","coordinates":[[[139.6485348,35.4419763],[139.6485652,35.4420055],[139.6486121,35.4419732],[139.6485818,35.441944],[139.6485348,35.4419763]]]}},{"type":"Feature","id":89950392,"properties":{"id":"89950392","name":null,"building":"yes","amenity":null,"shop":null,"height":null,"height_source":"unknown"},"geometry":{"type":"Polygon","coordinates":[[[139.6488708,35.4418957],[139.6489054,35.4419291],[139.6489666,35.4418869],[139.648932,35.4418535],[139.6488708,35.4418957]]]}},{"type":"Feature","id":89950394,"properties":{"id":"89950394","name":null,"building":"yes","amenity":null,"shop":null,"height":null,"height_source":"unknown"},"geometry":{"type":"Polygon","coordinates":[[[139.648342,35.4424301],[139.6483693,35.4424564],[139.6484597,35.442394],[139.6484324,35.4423678],[139.648342,35.4424301]]]}},{"type":"Feature","id":89950397,"properties":{"id":"89950397","name":null,"building":"yes","amenity":null,"shop":null,"height":null,"height_source":"unknown"},"geometry":{"type":"Polygon","coordinates":[[[139.648809,35.4420134],[139.6488413,35.4420445],[139.6489458,35.4419725],[139.6489135,35.4419414],[139.648809,35.4420134]]]}},{"type":"Feature","id":89950399,"properties":{"id":"89950399","name":null,"building":"yes","amenity":null,"shop":null,"height":null,"height_source":"unknown"},"geometry":{"type":"Polygon","coordinates":[[[139.6485596,35.4422075],[139.6486042,35.4421767],[139.6485676,35.4421415],[139.648523,35.4421722],[139.6485596,35.4422075]]]}},{"type":"Feature","id":89950403,"properties":{"id":"89950403","name":null,"building":"yes","amenity":null,"shop":null,"height":null,"height_source":"unknown"},"geometry":{"type":"Polygon","coordinates":[[[139.6488561,35.4420575],[139.6488895,35.4420896],[139.6489937,35.4420178],[139.6489603,35.4419857],[139.6488561,35.4420575]]]}},{"type":"Feature","id":89950405,"properties":{"id":"89950405","name":null,"building":"yes","amenity":null,"shop":null,"height":null,"height_source":"unknown"},"geometry":{"type":"Polygon","coordinates":[[[139.6482936,35.4421501],[139.6483384,35.4421932],[139.6483822,35.442163],[139.6483375,35.4421198],[139.6482936,35.4421501]]]}},{"type":"Feature","id":89950406,"properties":{"id":"89950406","name":null,"building":"yes","amenity":null,"shop":null,"height":null,"height_source":"unknown"},"geometry":{"type":"Polygon","coordinates":[[[139.6489203,35.4419354],[139.6489504,35.4419644],[139.6490354,35.4419058],[139.6490053,35.4418768],[139.6489203,35.4419354]]]}},{"type":"Feature","id":89950409,"properties":{"id":"89950409","name":null,"building":"yes","amenity":null,"shop":null,"height":null,"height_source":"unknown"},"geometry":{"type":"Polygon","coordinates":[[[139.648393,35.442308],[139.6484406,35.4423539],[139.6484828,35.4423248],[139.6484351,35.4422789],[139.648393,35.442308]]]}},{"type":"Feature","id":89950411,"properties":{"id":"89950411","name":null,"building":"yes","amenity":null,"shop":null,"height":null,"height_source":"unknown"},"geometry":{"type":"Polygon","coordinates":[[[139.6484254,35.442259],[139.6484794,35.442311],[139.6485267,35.4422784],[139.6484727,35.4422264],[139.6484254,35.442259]]]}},{"type":"Feature","id":89950416,"properties":{"id":"89950416","name":null,"building":"yes","amenity":null,"shop":null,"height":null,"height_source":"unknown"},"geometry":{"type":"Polygon","coordinates":[[[139.6482079,35.4423154],[139.648229,35.4423357],[139.6482609,35.4423137],[139.6482398,35.4422934],[139.6482079,35.4423154]]]}},{"type":"Feature","id":89950418,"properties":{"id":"89950418","name":null,"building":"yes","amenity":null,"shop":null,"height":null,"height_source":"unknown"},"geometry":{"type":"Polygon","coordinates":[[[139.6481792,35.4422216],[139.6482391,35.4422793],[139.6482855,35.4422473],[139.6482256,35.4421896],[139.6481792,35.4422216]]]}},{"type":"Feature","id":89950424,"properties":{"id":"89950424","name":null,"building":"yes","amenity":null,"shop":null,"height":null,"height_source":"unknown"},"geometry":{"type":"Polygon","coordinates":[[[139.6484871,35.4423154],[139.6485202,35.4423473],[139.6485674,35.4423148],[139.6485343,35.4422829],[139.6484871,35.4423154]]]}},{"type":"Feature","id":89950426,"properties":{"id":"89950426","name":null,"building":"yes","amenity":null,"shop":null,"height":null,"height_source":"unknown"},"geometry":{"type":"Polygon","coordinates":[[[139.6485729,35.4420092],[139.6486438,35.4420775],[139.6486881,35.442047],[139.6486172,35.4419787],[139.6485729,35.4420092]]]}},{"type":"Feature","id":89950431,"properties":{"id":"89950431","name":null,"building":"yes","amenity":null,"shop":null,"height":null,"height_source":"unknown"},"geometry":{"type":"Polygon","coordinates":[[[139.6486116,35.4419211],[139.6486881,35.4419947],[139.6487282,35.441967],[139.6486517,35.4418934],[139.6486116,35.4419211]]]}},{"type":"Feature","id":89950434,"properties":{"id":"89950434","name":null,"building":"yes","amenity":null,"shop":null,"height":null,"height_source":"unknown"},"geometry":{"type":"Polygon","coordinates":[[[139.6486896,35.4420287],[139.6487608,35.4420973],[139.6488055,35.4420665],[139.6487343,35.4419979],[139.6486896,35.4420287]]]}},{"type":"Feature","id":89950436,"properties":{"id":"89950436","name":null,"building":"yes","amenity":null,"shop":null,"height":null,"height_source":"unknown"},"geometry":{"type":"Polygon","coordinates":[[[139.6484777,35.4420091],[139.6485583,35.4420867],[139.6485997,35.4420582],[139.6485191,35.4419805],[139.6484777,35.4420091]]]}},{"type":"Feature","id":89950440,"properties":{"id":"89950440","name":null,"building":"yes","amenity":null,"shop":null,"height":null,"height_source":"unknown"},"geometry":{"type":"Polygon","coordinates":[[[139.6482598,35.4423395],[139.6483061,35.4423841],[139.6483795,35.4423335],[139.6483332,35.4422889],[139.6482598,35.4423395]]]}},{"type":"Feature","id":89950441,"properties":{"id":"89950441","name":null,"building":"yes","amenity":null,"shop":null,"height":null,"height_source":"unknown"},"geometry":{"type":"Polygon","coordinates":[[[139.6488743,35.4421085],[139.6488458,35.4420811],[139.6488173,35.4421008],[139.6488008,35.4420849],[139.64877,35.4421062],[139.6488149,35.4421494],[139.6488743,35.4421085]]]}},{"type":"Feature","id":89950446,"properties":{"id":"89950446","name":null,"building":"yes","amenity":null,"shop":null,"height":null,"height_source":"unknown"},"geometry":{"type":"Polygon","coordinates":[[[139.6485738,35.4423077],[139.6486678,35.4422429],[139.6486127,35.4421898],[139.6485187,35.4422546],[139.6485738,35.4423077]]]}},{"type":"Feature","id":89950448,"properties":{"id":"89950448","name":null,"building":"yes","amenity":null,"shop":null,"height":null,"height_source":"unknown"},"geometry":{"type":"Polygon","coordinates":[[[139.648302,35.4423968],[139.6483325,35.4424262],[139.648421,35.4423652],[139.6483905,35.4423358],[139.648302,35.4423968]]]}},{"type":"Feature","id":89950451,"properties":{"id":"89950451","name":null,"building":"yes","amenity":null,"shop":null,"height":null,"height_source":"unknown"},"geometry":{"type":"Polygon","coordinates":[[[139.648752,35.4419501],[139.6487996,35.4419959],[139.6488812,35.4419397],[139.6488336,35.4418938],[139.648752,35.4419501]]]}},{"type":"Feature","id":89950452,"properties":{"id":"89950452","name":null,"building":"yes","amenity":null,"shop":null,"height":null,"height_source":"unknown"},"geometry":{"type":"Polygon","coordinates":[[[139.6485083,35.4422422],[139.6485534,35.442211],[139.6485262,35.4421848],[139.648481,35.4422159],[139.6485083,35.4422422]]]}},{"type":"Feature","id":89950455,"properties":{"id":"89950455","name":null,"building":"yes","amenity":null,"shop":null,"height":null,"height_source":"unknown"},"geometry":{"type":"Polygon","coordinates":[[[139.6485773,35.4421265],[139.6486331,35.4420879],[139.6486084,35.4420642],[139.6485526,35.4421027],[139.6485773,35.4421265]]]}},{"type":"Feature","id":89950459,"properties":{"id":"89950459","name":null,"building":"yes","amenity":null,"shop":null,"height":null,"height_source":"unknown"},"geometry":{"type":"Polygon","coordinates":[[[139.6485878,35.4419415],[139.6486735,35.442024],[139.6486954,35.4420089],[139.6486098,35.4419264],[139.6485878,35.4419415]]]}},{"type":"Feature","id":89950461,"properties":{"id":"89950461","name":null,"building":"yes","amenity":null,"shop":null,"height":null,"height_source":"unknown"},"geometry":{"type":"Polygon","coordinates":[[[139.6483016,35.4424632],[139.6483206,35.4424815],[139.6483557,35.4424572],[139.6483367,35.442439],[139.6483016,35.4424632]]]}},{"type":"Feature","id":89950465,"properties":{"id":"89950465","name":null,"building":"yes","amenity":null,"shop":null,"height":null,"height_source":"unknown"},"geometry":{"type":"Polygon","coordinates":[[[139.6484269,35.4420618],[139.6484965,35.4421289],[139.6485349,35.4421025],[139.6484652,35.4420354],[139.6484269,35.4420618]]]}},{"type":"Feature","id":89950467,"properties":{"id":"89950467","name":null,"building":"yes","amenity":null,"shop":null,"height":null,"height_source":"unknown"},"geometry":{"type":"Polygon","coordinates":[[[139.6483875,35.442087],[139.6484588,35.4421557],[139.6484939,35.4421315],[139.6484226,35.4420628],[139.6483875,35.442087]]]}},{"type":"Feature","id":89950471,"properties":{"id":"89950471","name":null,"building":"yes","amenity":null,"shop":null,"height":null,"height_source":"unknown"},"geometry":{"type":"Polygon","coordinates":[[[139.6483284,35.4422139],[139.6483896,35.4422728],[139.6484606,35.4422239],[139.6483994,35.442165],[139.6483284,35.4422139]]]}},{"type":"Feature","id":89950477,"properties":{"id":"89950477","name":null,"building":"yes","amenity":null,"shop":null,"height":null,"height_source":"unknown"},"geometry":{"type":"Polygon","coordinates":[[[139.6483503,35.4421144],[139.6484183,35.4421798],[139.6484543,35.442155],[139.6483863,35.4420895],[139.6483503,35.4421144]]]}},{"type":"Feature","id":89950479,"properties":{"id":"89950479","name":null,"building":"yes","amenity":null,"shop":null,"height":null,"height_source":"unknown"},"geometry":{"type":"Polygon","coordinates":[[[139.6481381,35.4422523],[139.6481911,35.4423033],[139.6482278,35.442278],[139.6481748,35.442227],[139.6481381,35.4422523]]]}},{"type":"Feature","id":89950842,"properties":{"id":"89950842","name":null,"building":"yes","amenity":null,"shop":null,"height":null,"height_source":"unknown"},"geometry":{"type":"Polygon","coordinates":[[[139.6481905,35.4429111],[139.6482556,35.4428641],[139.6482199,35.4428331],[139.6481558,35.4428821],[139.6481905,35.4429111]]]}},{"type":"Feature","id":89950843,"properties":{"id":"89950843","name":null,"building":"yes","amenity":null,"shop":null,"height":null,"height_source":"unknown"},"geometry":{"type":"Polygon","coordinates":[[[139.6479917,35.4424272],[139.6482089,35.4425557],[139.6482777,35.4424861],[139.6481694,35.4424233],[139.6481268,35.4424721],[139.6481083,35.4424612],[139.6481497,35.4424103],[139.6480376,35.4423444],[139.6480172,35.4423642],[139.6480038,35.4423564],[139.6479917,35.4424272]]]}},{"type":"Feature","id":89950844,"properties":{"id":"89950844","name":null,"building":"yes","amenity":null,"shop":null,"height":null,"height_source":"unknown"},"geometry":{"type":"Polygon","coordinates":[[[139.6482256,35.4429441],[139.6483007,35.4428889],[139.6482693,35.4428609],[139.6481946,35.4429183],[139.6482256,35.4429441]]]}},{"type":"Feature","id":89950845,"properties":{"id":"89950845","name":null,"building":"yes","amenity":null,"shop":null,"height":null,"height_source":"unknown"},"geometry":{"type":"Polygon","coordinates":[[[139.6480332,35.4423242],[139.6480892,35.4422816],[139.6482061,35.4424023],[139.648185,35.4424164],[139.6480332,35.4423242]]]}},{"type":"Feature","id":89950846,"properties":{"id":"89950846","name":null,"building":"yes","amenity":null,"shop":null,"height":null,"height_source":"unknown"},"geometry":{"type":"Polygon","coordinates":[[[139.6482601,35.4429762],[139.6483229,35.4429296],[139.6482912,35.4429037],[139.6482283,35.4429499],[139.6482601,35.4429762]]]}},{"type":"Feature","id":89950847,"properties":{"id":"89950847","name":null,"building":"yes","amenity":null,"shop":null,"height":null,"height_source":"unknown"},"geometry":{"type":"Polygon","coordinates":[[[139.6482216,35.4423992],[139.6480962,35.4422759],[139.6481299,35.4422543],[139.6482568,35.442378],[139.6482216,35.4423992]]]}},{"type":"Feature","id":89951068,"properties":{"id":"89951068","name":null,"building":"yes","amenity":null,"shop":null,"height":null,"height_source":"unknown"},"geometry":{"type":"Polygon","coordinates":[[[139.6479896,35.4427191],[139.6481529,35.4428641],[139.6483641,35.4427002],[139.648268,35.4426112],[139.6482013,35.4426604],[139.6481587,35.4427131],[139.6480658,35.442657],[139.6479896,35.4427191]]]}},{"type":"Feature","id":89951072,"properties":{"id":"89951072","name":"横浜大世界","building":"yes","amenity":null,"shop":null,"height":null,"height_source":"unknown"},"geometry":{"type":"Polygon","coordinates":[[[139.6480723,35.4426496],[139.6481548,35.4426975],[139.6482462,35.442597],[139.6482015,35.4425653],[139.648057,35.4424788],[139.6479971,35.4424624],[139.6479646,35.4425666],[139.6479307,35.4426756],[139.647977,35.4427119],[139.6480551,35.4426457],[139.6480723,35.4426496]]]}},{"type":"Feature","id":89951568,"properties":{"id":"89951568","name":null,"building":"yes","amenity":null,"shop":null,"height":null,"height_source":"unknown"},"geometry":{"type":"Polygon","coordinates":[[[139.6483443,35.4427461],[139.6484038,35.4428021],[139.6484498,35.4427697],[139.6483903,35.4427137],[139.6483443,35.4427461]]]}},{"type":"Feature","id":89951569,"properties":{"id":"89951569","name":null,"building":"yes","amenity":null,"shop":null,"height":null,"height_source":"unknown"},"geometry":{"type":"Polygon","coordinates":[[[139.6483801,35.4428917],[139.6484625,35.4428337],[139.648428,35.4428012],[139.6483456,35.4428592],[139.6483801,35.4428917]]]}},{"type":"Feature","id":89951570,"properties":{"id":"89951570","name":null,"building":"yes","amenity":null,"shop":null,"height":null,"height_source":"unknown"},"geometry":{"type":"Polygon","coordinates":[[[139.6484376,35.4428022],[139.6484648,35.4428279],[139.6484939,35.4428074],[139.6484667,35.4427817],[139.6484376,35.4428022]]]}},{"type":"Feature","id":89951571,"properties":{"id":"89951571","name":null,"building":"yes","amenity":null,"shop":null,"height":null,"height_source":"unknown"},"geometry":{"type":"Polygon","coordinates":[[[139.6482893,35.4427834],[139.6483507,35.4428412],[139.6484002,35.4428063],[139.6483388,35.4427485],[139.6482893,35.4427834]]]}},{"type":"Feature","id":89951572,"properties":{"id":"89951572","name":null,"building":"yes","amenity":null,"shop":null,"height":null,"height_source":"unknown"},"geometry":{"type":"Polygon","coordinates":[[[139.6485018,35.4431618],[139.6485703,35.4432225],[139.6486976,35.443127],[139.6486291,35.4430664],[139.6485018,35.4431618]]]}},{"type":"Feature","id":89951573,"properties":{"id":"89951573","name":null,"building":"yes","amenity":null,"shop":null,"height":null,"height_source":"unknown"},"geometry":{"type":"Polygon","coordinates":[[[139.6486625,35.4433086],[139.6487995,35.4432073],[139.6487252,35.4431406],[139.6485882,35.4432419],[139.6486625,35.4433086]]]}},{"type":"Feature","id":89951574,"properties":{"id":"89951574","name":null,"building":"yes","amenity":null,"shop":null,"height":null,"height_source":"unknown"},"geometry":{"type":"Polygon","coordinates":[[[139.648709,35.4431102],[139.6487818,35.4430599],[139.6486908,35.4429725],[139.648618,35.4430228],[139.648709,35.4431102]]]}},{"type":"Feature","id":89951575,"properties":{"id":"89951575","name":null,"building":"yes","amenity":null,"shop":null,"height":null,"height_source":"unknown"},"geometry":{"type":"Polygon","coordinates":[[[139.6483354,35.4429251],[139.6483025,35.4428969],[139.6483388,35.4428693],[139.6483724,35.4428986],[139.6483354,35.4429251]]]}},{"type":"Feature","id":89951576,"properties":{"id":"89951576","name":null,"building":"yes","amenity":null,"shop":null,"height":null,"height_source":"unknown"},"geometry":{"type":"Polygon","coordinates":[[[139.6483032,35.4428755],[139.6483431,35.4428452],[139.6482817,35.4427874],[139.6482208,35.4428322],[139.6482554,35.4428627],[139.6482738,35.4428498],[139.6483032,35.4428755]]]}},{"type":"Feature","id":89951577,"properties":{"id":"89951577","name":null,"building":"yes","amenity":null,"shop":null,"height":null,"height_source":"unknown"},"geometry":{"type":"Polygon","coordinates":[[[139.6488556,35.4428847],[139.6489099,35.4429373],[139.6489849,35.4428859],[139.6489306,35.4428333],[139.6488556,35.4428847]]]}},{"type":"Feature","id":89952069,"properties":{"id":"89952069","name":null,"building":"yes","amenity":null,"shop":null,"height":null,"height_source":"unknown"},"geometry":{"type":"Polygon","coordinates":[[[139.6476885,35.443556],[139.6477081,35.4434781],[139.6478043,35.4434921],[139.6477165,35.4435584],[139.6476885,35.443556]]]}},{"type":"Feature","id":89952072,"properties":{"id":"89952072","name":null,"building":"yes","amenity":null,"shop":null,"height":null,"height_source":"unknown"},"geometry":{"type":"Polygon","coordinates":[[[139.6478242,35.443076],[139.6479554,35.4430982],[139.6479626,35.44308],[139.6479434,35.4430563],[139.6478372,35.4430389],[139.6478242,35.443076]]]}},{"type":"Feature","id":89952085,"properties":{"id":"89952085","name":null,"building":"yes","amenity":null,"shop":null,"height":null,"height_source":"unknown"},"geometry":{"type":"Polygon","coordinates":[[[139.6478551,35.4433894],[139.6479115,35.443399],[139.6479279,35.4433862],[139.6478665,35.4433327],[139.6478551,35.4433894]]]}},{"type":"Feature","id":89952091,"properties":{"id":"89952091","name":null,"building":"yes","amenity":null,"shop":null,"height":null,"height_source":"unknown"},"geometry":{"type":"Polygon","coordinates":[[[139.6479501,35.4433746],[139.6480541,35.4433027],[139.6479813,35.4432329],[139.6478773,35.4433026],[139.6479501,35.4433746]]]}},{"type":"Feature","id":89952094,"properties":{"id":"89952094","name":null,"building":"yes","amenity":null,"shop":null,"height":null,"height_source":"unknown"},"geometry":{"type":"Polygon","coordinates":[[[139.6480577,35.4430353],[139.6481448,35.4429711],[139.6481179,35.4429469],[139.6480308,35.4430111],[139.6480577,35.4430353]]]}},{"type":"Feature","id":89952098,"properties":{"id":"89952098","name":null,"building":"yes","amenity":null,"shop":null,"height":null,"height_source":"unknown"},"geometry":{"type":"Polygon","coordinates":[[[139.6481686,35.4430937],[139.6482329,35.4430464],[139.6482093,35.4430251],[139.648145,35.4430725],[139.6481686,35.4430937]]]}},{"type":"Feature","id":89952100,"properties":{"id":"89952100","name":null,"building":"yes","amenity":null,"shop":null,"height":null,"height_source":"unknown"},"geometry":{"type":"Polygon","coordinates":[[[139.6477916,35.4432018],[139.6478746,35.4432182],[139.6478932,35.4431556],[139.6478102,35.4431392],[139.6477916,35.4432018]]]}},{"type":"Feature","id":89952102,"properties":{"id":"89952102","name":null,"building":"yes","amenity":null,"shop":null,"height":null,"height_source":"unknown"},"geometry":{"type":"Polygon","coordinates":[[[139.6480188,35.4430069],[139.6481114,35.4429388],[139.6480724,35.4429037],[139.6479989,35.4429541],[139.6479925,35.4429847],[139.6480188,35.4430069]]]}},{"type":"Feature","id":89952104,"properties":{"id":"89952104","name":null,"building":"yes","amenity":null,"shop":null,"height":null,"height_source":"unknown"},"geometry":{"type":"Polygon","coordinates":[[[139.6481044,35.4430974],[139.6481235,35.4431156],[139.6481549,35.4430935],[139.6481349,35.4430749],[139.6482069,35.4430219],[139.6481797,35.4429974],[139.6480772,35.4430729],[139.6481044,35.4430974]]]}},{"type":"Feature","id":89952106,"properties":{"id":"89952106","name":null,"building":"yes","amenity":null,"shop":null,"height":null,"height_source":"unknown"},"geometry":{"type":"Polygon","coordinates":[[[139.6478082,35.4431286],[139.647896,35.4431434],[139.6479081,35.443096],[139.6478203,35.4430811],[139.6478082,35.4431286]]]}},{"type":"Feature","id":89952107,"properties":{"id":"89952107","name":null,"building":"yes","amenity":null,"shop":null,"height":null,"height_source":"unknown"},"geometry":{"type":"Polygon","coordinates":[[[139.6477752,35.4432784],[139.6478618,35.44329],[139.6479345,35.4432439],[139.6477913,35.4432097],[139.6477752,35.4432784]]]}},{"type":"Feature","id":89952108,"properties":{"id":"89952108","name":null,"building":"yes","amenity":null,"shop":null,"height":null,"height_source":"unknown"},"geometry":{"type":"Polygon","coordinates":[[[139.6478212,35.4438157],[139.6482284,35.4435339],[139.6480992,35.4434101],[139.6476921,35.4436918],[139.6478212,35.4438157]]]}},{"type":"Feature","id":89952111,"properties":{"id":"89952111","name":null,"building":"yes","amenity":null,"shop":null,"height":null,"height_source":"unknown"},"geometry":{"type":"Polygon","coordinates":[[[139.6478897,35.4432255],[139.6479549,35.443243],[139.6479727,35.4432281],[139.6479549,35.4432223],[139.6479629,35.4432106],[139.6479334,35.4432001],[139.6479549,35.4431554],[139.6479156,35.4431434],[139.6478897,35.4432255]]]}},{"type":"Feature","id":89952112,"properties":{"id":"89952112","name":null,"building":"yes","amenity":null,"shop":null,"height":null,"height_source":"unknown"},"geometry":{"type":"Polygon","coordinates":[[[139.6481831,35.443221],[139.6483169,35.4431224],[139.6482848,35.4430934],[139.648151,35.443192],[139.6481831,35.443221]]]}},{"type":"Feature","id":89952115,"properties":{"id":"89952115","name":null,"building":"yes","amenity":null,"shop":null,"height":null,"height_source":"unknown"},"geometry":{"type":"Polygon","coordinates":[[[139.6477124,35.44347],[139.6478118,35.443487],[139.6478207,35.4434523],[139.6477214,35.4434352],[139.6477124,35.44347]]]}},{"type":"Feature","id":89952117,"properties":{"id":"89952117","name":null,"building":"yes","amenity":null,"shop":null,"height":null,"height_source":"unknown"},"geometry":{"type":"Polygon","coordinates":[[[139.6477204,35.4434299],[139.6478503,35.4434529],[139.6479066,35.443404],[139.6477348,35.4433744],[139.6477204,35.4434299]]]}},{"type":"Feature","id":89952119,"properties":{"id":"89952119","name":null,"building":"yes","amenity":null,"shop":null,"height":null,"height_source":"unknown"},"geometry":{"type":"Polygon","coordinates":[[[139.6481479,35.4431837],[139.648277,35.4430887],[139.6482377,35.4430533],[139.6481087,35.4431484],[139.6481479,35.4431837]]]}},{"type":"Feature","id":89952121,"properties":{"id":"89952121","name":null,"building":"yes","amenity":null,"shop":null,"height":null,"height_source":"unknown"},"geometry":{"type":"Polygon","coordinates":[[[139.6480032,35.4430864],[139.6479462,35.4430424],[139.6478362,35.4430256],[139.6478997,35.4427958],[139.6479185,35.4427812],[139.6480077,35.4428584],[139.6479871,35.4428725],[139.6479648,35.4429456],[139.6479911,35.4429505],[139.6479779,35.442995],[139.6480496,35.4430486],[139.6480032,35.4430864]]]}},{"type":"Feature","id":89952124,"properties":{"id":"89952124","name":null,"building":"yes","amenity":null,"shop":null,"height":null,"height_source":"unknown"},"geometry":{"type":"Polygon","coordinates":[[[139.6481286,35.4432448],[139.6481663,35.4432185],[139.6480834,35.4431395],[139.6480456,35.4431658],[139.6481286,35.4432448]]]}},{"type":"Feature","id":89952126,"properties":{"id":"89952126","name":null,"building":"yes","amenity":null,"shop":null,"height":null,"height_source":"unknown"},"geometry":{"type":"Polygon","coordinates":[[[139.6480578,35.443296],[139.6481284,35.44325],[139.6480383,35.4431667],[139.6480034,35.4431885],[139.6480195,35.4432051],[139.6479893,35.4432256],[139.6480578,35.443296]]]}},{"type":"Feature","id":89952128,"properties":{"id":"89952128","name":null,"building":"yes","amenity":null,"shop":null,"height":null,"height_source":"unknown"},"geometry":{"type":"Polygon","coordinates":[[[139.6477398,35.4433676],[139.6478488,35.4433876],[139.6478622,35.4433309],[139.6478477,35.4433188],[139.6477571,35.4433047],[139.6477398,35.4433676]]]}},{"type":"Feature","id":89952130,"properties":{"id":"89952130","name":null,"building":"yes","amenity":null,"shop":null,"height":null,"height_source":"unknown"},"geometry":{"type":"Polygon","coordinates":[[[139.6479843,35.4432121],[139.6479406,35.4431986],[139.6479718,35.4431336],[139.6480209,35.4431499],[139.6479843,35.4432121]]]}},{"type":"Feature","id":89954021,"properties":{"id":"89954021","name":null,"building":"yes","amenity":null,"shop":null,"height":null,"height_source":"unknown"},"geometry":{"type":"Polygon","coordinates":[[[139.6480644,35.4421194],[139.648078,35.4420468],[139.6481958,35.4420638],[139.6482174,35.4420861],[139.6481513,35.4421346],[139.6480644,35.4421194]]]}},{"type":"Feature","id":89954022,"properties":{"id":"89954022","name":null,"building":"yes","amenity":null,"shop":null,"height":null,"height_source":"unknown"},"geometry":{"type":"Polygon","coordinates":[[[139.648116,35.4419115],[139.6482763,35.4419438],[139.6482878,35.4419061],[139.6481274,35.4418738],[139.648116,35.4419115]]]}},{"type":"Feature","id":89954023,"properties":{"id":"89954023","name":null,"building":"yes","amenity":null,"shop":null,"height":null,"height_source":"unknown"},"geometry":{"type":"Polygon","coordinates":[[[139.6482181,35.4420375],[139.6482591,35.4420673],[139.6482928,35.4420404],[139.6482361,35.4420024],[139.6482181,35.4420375]]]}},{"type":"Feature","id":89954024,"properties":{"id":"89954024","name":null,"building":"yes","amenity":null,"shop":null,"height":null,"height_source":"unknown"},"geometry":{"type":"Polygon","coordinates":[[[139.6481039,35.4419644],[139.6482258,35.4419869],[139.648238,35.4419429],[139.6481161,35.4419205],[139.6481039,35.4419644]]]}},{"type":"Feature","id":89954025,"properties":{"id":"89954025","name":null,"building":"yes","amenity":null,"shop":null,"height":null,"height_source":"unknown"},"geometry":{"type":"Polygon","coordinates":[[[139.6480492,35.4421819],[139.6480578,35.4421275],[139.6481418,35.4421403],[139.6481404,35.4421503],[139.6480829,35.4421872],[139.6480492,35.4421819]]]}},{"type":"Feature","id":89954028,"properties":{"id":"89954028","name":null,"building":"yes","amenity":null,"shop":null,"height":null,"height_source":"unknown"},"geometry":{"type":"Polygon","coordinates":[[[139.6480873,35.4420357],[139.6481031,35.441976],[139.6482073,35.4419948],[139.648193,35.4420509],[139.6480873,35.4420357]]]}},{"type":"Feature","id":89986020,"properties":{"id":"89986020","name":null,"building":"yes","amenity":null,"shop":null,"height":null,"height_source":"unknown"},"geometry":{"type":"Polygon","coordinates":[[[139.6481523,35.4417565],[139.6482916,35.4417862],[139.6483049,35.4417447],[139.6481656,35.441715],[139.6481523,35.4417565]]]}},{"type":"Feature","id":89986021,"properties":{"id":"89986021","name":null,"building":"yes","amenity":null,"shop":null,"height":null,"height_source":"unknown"},"geometry":{"type":"Polygon","coordinates":[[[139.6482451,35.441993],[139.6483034,35.4420355],[139.6483967,35.441971],[139.6483195,35.4419247],[139.6482451,35.441993]]]}},{"type":"Feature","id":89986022,"properties":{"id":"89986022","name":null,"building":"yes","amenity":null,"shop":null,"height":null,"height_source":"unknown"},"geometry":{"type":"Polygon","coordinates":[[[139.648284,35.4418302],[139.6483764,35.4418838],[139.6484042,35.4418521],[139.6483118,35.4417984],[139.648284,35.4418302]]]}},{"type":"Feature","id":89986023,"properties":{"id":"89986023","name":null,"building":"yes","amenity":null,"shop":null,"height":null,"height_source":"unknown"},"geometry":{"type":"Polygon","coordinates":[[[139.6483073,35.4419103],[139.6484073,35.4419697],[139.6484457,35.4419408],[139.6483338,35.4418697],[139.6483073,35.4419103]]]}},{"type":"Feature","id":89986024,"properties":{"id":"89986024","name":null,"building":"yes","amenity":null,"shop":null,"height":null,"height_source":"unknown"},"geometry":{"type":"Polygon","coordinates":[[[139.6481366,35.4418109],[139.6482617,35.441836],[139.6482748,35.4417927],[139.6481497,35.4417676],[139.6481366,35.4418109]]]}},{"type":"Feature","id":89986025,"properties":{"id":"89986025","name":null,"building":"yes","amenity":null,"shop":null,"height":null,"height_source":"unknown"},"geometry":{"type":"Polygon","coordinates":[[[139.648449,35.4418675],[139.648432,35.4418868],[139.6484085,35.4418721],[139.6483878,35.4418941],[139.6484546,35.4419358],[139.6484753,35.4419138],[139.6484668,35.4419085],[139.6484851,35.4418878],[139.6485072,35.4419002],[139.6485318,35.4418712],[139.6484584,35.4418299],[139.6484338,35.4418589],[139.648449,35.4418675]]]}},{"type":"Feature","id":89986026,"properties":{"id":"89986026","name":null,"building":"yes","amenity":null,"shop":null,"height":null,"height_source":"unknown"},"geometry":{"type":"Polygon","coordinates":[[[139.6481272,35.4418669],[139.6482921,35.4419004],[139.6483064,35.4418538],[139.6481415,35.4418203],[139.6481272,35.4418669]]]}},{"type":"Feature","id":89986027,"properties":{"id":"89986027","name":null,"building":"yes","amenity":null,"shop":null,"height":null,"height_source":"unknown"},"geometry":{"type":"Polygon","coordinates":[[[139.6483082,35.4417842],[139.6484148,35.4418476],[139.6484391,35.4418204],[139.6483325,35.4417571],[139.6483082,35.4417842]]]}},{"type":"Feature","id":90122130,"properties":{"id":"90122130","name":null,"building":"yes","amenity":null,"shop":null,"height":22.2,"height_source":"OSM height tag"},"geometry":{"type":"Polygon","coordinates":[[[139.6482347,35.4414962],[139.6482574,35.4414246],[139.6483661,35.4413923],[139.6486243,35.4415047],[139.6485671,35.4415963],[139.6484851,35.4415656],[139.6484012,35.4414718],[139.6483875,35.4415285],[139.6482347,35.4414962]]]}},{"type":"Feature","id":90122132,"properties":{"id":"90122132","name":null,"building":"yes","amenity":null,"shop":null,"height":5.3,"height_source":"OSM height tag"},"geometry":{"type":"Polygon","coordinates":[[[139.6484674,35.4417295],[139.6485219,35.4416898],[139.6484936,35.4416639],[139.648439,35.4417036],[139.6484674,35.4417295]]]}},{"type":"Feature","id":90122133,"properties":{"id":"90122133","name":null,"building":"yes","amenity":null,"shop":null,"height":null,"height_source":"unknown"},"geometry":{"type":"Polygon","coordinates":[[[139.6482916,35.441672],[139.6483367,35.4416808],[139.6483466,35.4416473],[139.6483015,35.4416385],[139.6482916,35.441672]]]}},{"type":"Feature","id":90122135,"properties":{"id":"90122135","name":null,"building":"yes","amenity":null,"shop":null,"height":3.5,"height_source":"OSM height tag"},"geometry":{"type":"Polygon","coordinates":[[[139.6482238,35.4415454],[139.6483513,35.441569],[139.6483608,35.4415349],[139.6482334,35.4415112],[139.6482238,35.4415454]]]}},{"type":"Feature","id":90122137,"properties":{"id":"90122137","name":null,"building":"yes","amenity":null,"shop":null,"height":null,"height_source":"unknown"},"geometry":{"type":"Polygon","coordinates":[[[139.648187,35.4416529],[139.6482832,35.4416711],[139.6482998,35.4416132],[139.6482035,35.441595],[139.648187,35.4416529]]]}},{"type":"Feature","id":90122138,"properties":{"id":"90122138","name":null,"building":"yes","amenity":null,"shop":null,"height":null,"height_source":"unknown"},"geometry":{"type":"Polygon","coordinates":[[[139.6481723,35.4417094],[139.6483061,35.4417349],[139.6483176,35.4416951],[139.6481837,35.4416695],[139.6481723,35.4417094]]]}},{"type":"Feature","id":90122142,"properties":{"id":"90122142","name":null,"building":"yes","amenity":null,"shop":null,"height":null,"height_source":"unknown"},"geometry":{"type":"Polygon","coordinates":[[[139.6483415,35.4416775],[139.6483747,35.4416843],[139.6483929,35.4416254],[139.6483597,35.4416186],[139.6483415,35.4416775]]]}},{"type":"Feature","id":90122143,"properties":{"id":"90122143","name":null,"building":"yes","amenity":null,"shop":null,"height":null,"height_source":"unknown"},"geometry":{"type":"Polygon","coordinates":[[[139.6484435,35.4418042],[139.6485396,35.4418697],[139.6485563,35.4418548],[139.6484643,35.4417757],[139.6484435,35.4418042]]]}},{"type":"Feature","id":90122145,"properties":{"id":"90122145","name":null,"building":"yes","amenity":null,"shop":null,"height":null,"height_source":"unknown"},"geometry":{"type":"Polygon","coordinates":[[[139.6483129,35.44174],[139.6484211,35.4418024],[139.6484578,35.4417602],[139.6483495,35.4416978],[139.6483129,35.44174]]]}},{"type":"Feature","id":90122148,"properties":{"id":"90122148","name":null,"building":"yes","amenity":null,"shop":null,"height":7.7,"height_source":"OSM height tag"},"geometry":{"type":"Polygon","coordinates":[[[139.6483881,35.4416746],[139.6484305,35.441695],[139.6484401,35.4416827],[139.6484497,35.4416872],[139.6484601,35.4416729],[139.648467,35.4416759],[139.6484928,35.4416458],[139.6484382,35.4415893],[139.6484286,35.4415904],[139.6483924,35.4416408],[139.6483985,35.4416471],[139.6483857,35.4416686],[139.6483881,35.4416746]]]}},{"type":"Feature","id":90122150,"properties":{"id":"90122150","name":null,"building":"yes","amenity":null,"shop":null,"height":null,"height_source":"unknown"},"geometry":{"type":"Polygon","coordinates":[[[139.6484874,35.4417539],[139.6485519,35.4417061],[139.648532,35.4416883],[139.6484675,35.4417361],[139.6484874,35.4417539]]]}},{"type":"Feature","id":90122151,"properties":{"id":"90122151","name":null,"building":"yes","amenity":null,"shop":null,"height":17.4,"height_source":"OSM height tag"},"geometry":{"type":"Polygon","coordinates":[[[139.6482207,35.4415481],[139.6482093,35.441589],[139.6483518,35.4416156],[139.6483633,35.4415747],[139.6482207,35.4415481]]]}},{"type":"Feature","id":90122152,"properties":{"id":"90122152","name":null,"building":"yes","amenity":null,"shop":null,"height":null,"height_source":"unknown"},"geometry":{"type":"Polygon","coordinates":[[[139.648302,35.4416342],[139.6483467,35.4416423],[139.6483526,35.4416206],[139.6483079,35.4416125],[139.648302,35.4416342]]]}},{"type":"Feature","id":90122493,"properties":{"id":"90122493","name":null,"building":"yes","amenity":null,"shop":null,"height":16.6,"height_source":"OSM height tag"},"geometry":{"type":"Polygon","coordinates":[[[139.647215,35.4413907],[139.6473074,35.4414021],[139.6473496,35.441196],[139.6472553,35.441175],[139.647215,35.4413907]]]}},{"type":"Feature","id":90122494,"properties":{"id":"90122494","name":null,"building":"yes","amenity":null,"shop":null,"height":36.6,"height_source":"OSM height tag"},"geometry":{"type":"Polygon","coordinates":[[[139.6473966,35.4410551],[139.6475118,35.4410885],[139.6475677,35.4409666],[139.6474623,35.4409104],[139.647424,35.4409905],[139.647476,35.4410064],[139.6474636,35.4410297],[139.6474148,35.4410143],[139.6473966,35.4410551]]]}},{"type":"Feature","id":90122495,"properties":{"id":"90122495","name":null,"building":"yes","amenity":null,"shop":null,"height":null,"height_source":"unknown"},"geometry":{"type":"Polygon","coordinates":[[[139.6473489,35.441353],[139.6473592,35.4413041],[139.6474312,35.4413174],[139.6474178,35.441363],[139.6473489,35.441353]]]}},{"type":"Feature","id":90122496,"properties":{"id":"90122496","name":null,"building":"yes","amenity":null,"shop":null,"height":null,"height_source":"unknown"},"geometry":{"type":"Polygon","coordinates":[[[139.6474928,35.4412146],[139.6475859,35.4412409],[139.6476123,35.4411788],[139.6475192,35.4411525],[139.6474928,35.4412146]]]}},{"type":"Feature","id":90122497,"properties":{"id":"90122497","name":null,"building":"yes","amenity":null,"shop":null,"height":null,"height_source":"unknown"},"geometry":{"type":"Polygon","coordinates":[[[139.6473632,35.4412933],[139.6474342,35.4413108],[139.6474492,35.4412701],[139.6473777,35.4412522],[139.6473632,35.4412933]]]}},{"type":"Feature","id":90122498,"properties":{"id":"90122498","name":null,"building":"yes","amenity":null,"shop":null,"height":null,"height_source":"unknown"},"geometry":{"type":"Polygon","coordinates":[[[139.6473786,35.4412473],[139.6474582,35.4412671],[139.6474833,35.4412041],[139.6474018,35.4411846],[139.6473786,35.4412473]]]}},{"type":"Feature","id":90122499,"properties":{"id":"90122499","name":null,"building":"yes","amenity":null,"shop":null,"height":14.4,"height_source":"OSM height tag"},"geometry":{"type":"Polygon","coordinates":[[[139.6475924,35.4413841],[139.6476388,35.4413985],[139.647721,35.4412239],[139.6476747,35.4412094],[139.6475924,35.4413841]]]}},{"type":"Feature","id":90122500,"properties":{"id":"90122500","name":null,"building":"yes","amenity":null,"shop":null,"height":null,"height_source":"unknown"},"geometry":{"type":"Polygon","coordinates":[[[139.6475189,35.4410977],[139.6475793,35.4409693],[139.6478156,35.4411061],[139.6478068,35.4411209],[139.647865,35.44114],[139.6478934,35.4411557],[139.6478382,35.4412398],[139.6475365,35.4411385],[139.6475487,35.4411086],[139.6475189,35.4410977]]]}},{"type":"Feature","id":90122501,"properties":{"id":"90122501","name":null,"building":"yes","amenity":null,"shop":null,"height":6.7,"height_source":"OSM height tag"},"geometry":{"type":"Polygon","coordinates":[[[139.6471285,35.4413838],[139.6471739,35.4413898],[139.6471967,35.4412764],[139.6471513,35.4412704],[139.6471285,35.4413838]]]}},{"type":"Feature","id":90122502,"properties":{"id":"90122502","name":null,"building":"yes","amenity":null,"shop":null,"height":null,"height_source":"unknown"},"geometry":{"type":"Polygon","coordinates":[[[139.6473369,35.4414129],[139.6473469,35.4413589],[139.6474132,35.4413687],[139.6473912,35.44142],[139.6473369,35.4414129]]]}},{"type":"Feature","id":90122503,"properties":{"id":"90122503","name":null,"building":"yes","amenity":null,"shop":null,"height":7.2,"height_source":"OSM height tag"},"geometry":{"type":"Polygon","coordinates":[[[139.6474024,35.4414081],[139.6474531,35.4414242],[139.6474557,35.4414155],[139.6474948,35.4414272],[139.6475264,35.4413617],[139.6475113,35.4413568],[139.6475551,35.4412652],[139.6474785,35.4412401],[139.6474024,35.4414081]]]}},{"type":"Feature","id":90122959,"properties":{"id":"90122959","name":null,"building":"yes","amenity":null,"shop":null,"height":3.0,"height_source":"OSM height tag"},"geometry":{"type":"Polygon","coordinates":[[[139.6475937,35.4412757],[139.6476303,35.4412863],[139.6476723,35.4411976],[139.647623,35.4411821],[139.6475953,35.4412442],[139.6475937,35.4412757]]]}},{"type":"Feature","id":90122961,"properties":{"id":"90122961","name":null,"building":"yes","amenity":null,"shop":null,"height":5.0,"height_source":"OSM height tag"},"geometry":{"type":"Polygon","coordinates":[[[139.6469599,35.4413634],[139.6470016,35.4413691],[139.6470234,35.4412622],[139.6469817,35.4412566],[139.6469599,35.4413634]]]}},{"type":"Feature","id":90122962,"properties":{"id":"90122962","name":null,"building":"yes","amenity":null,"shop":null,"height":3.3,"height_source":"OSM height tag"},"geometry":{"type":"Polygon","coordinates":[[[139.6470377,35.4411945],[139.6470981,35.4412054],[139.6471059,35.4411767],[139.6470455,35.4411658],[139.6470377,35.4411945]]]}},{"type":"Feature","id":90122964,"properties":{"id":"90122964","name":null,"building":"yes","amenity":null,"shop":null,"height":6.6,"height_source":"OSM height tag"},"geometry":{"type":"Polygon","coordinates":[[[139.6470712,35.4413782],[139.6471245,35.4413851],[139.6471474,35.4412668],[139.6470941,35.44126],[139.6470712,35.4413782]]]}},{"type":"Feature","id":90122969,"properties":{"id":"90122969","name":null,"building":"yes","amenity":null,"shop":null,"height":7.2,"height_source":"OSM height tag"},"geometry":{"type":"Polygon","coordinates":[[[139.6471178,35.4411832],[139.647199,35.4411984],[139.6472102,35.441161],[139.6471285,35.4411453],[139.6471178,35.4411832]]]}},{"type":"Feature","id":90122975,"properties":{"id":"90122975","name":null,"building":"yes","amenity":null,"shop":null,"height":7.0,"height_source":"OSM height tag"},"geometry":{"type":"Polygon","coordinates":[[[139.6470088,35.4413676],[139.6470669,35.4413749],[139.6470867,35.4412698],[139.6470286,35.4412625],[139.6470088,35.4413676]]]}},{"type":"Feature","id":90122981,"properties":{"id":"90122981","name":null,"building":"yes","amenity":null,"shop":null,"height":19.2,"height_source":"OSM height tag"},"geometry":{"type":"Polygon","coordinates":[[[139.6469668,35.4407658],[139.6469495,35.4407617],[139.6468872,35.4409373],[139.6471931,35.4410094],[139.6471979,35.4409958],[139.6473801,35.4410408],[139.647432,35.4409014],[139.6472476,35.4408558],[139.6472554,35.4408338],[139.647131,35.4408045],[139.6471445,35.4407628],[139.6469903,35.4406973],[139.6469668,35.4407658]]]}},{"type":"Feature","id":90122983,"properties":{"id":"90122983","name":null,"building":"yes","amenity":null,"shop":null,"height":2.8,"height_source":"OSM height tag"},"geometry":{"type":"Polygon","coordinates":[[[139.6475744,35.4413178],[139.6475913,35.4412828],[139.6476237,35.441292],[139.6476067,35.4413275],[139.6475744,35.4413178]]]}},{"type":"Feature","id":90122988,"properties":{"id":"90122988","name":null,"building":"yes","amenity":null,"shop":null,"height":7.3,"height_source":"OSM height tag"},"geometry":{"type":"Polygon","coordinates":[[[139.646989,35.4412441],[139.6470869,35.441257],[139.6470962,35.4412099],[139.6469984,35.441197],[139.646989,35.4412441]]]}},{"type":"Feature","id":90122993,"properties":{"id":"90122993","name":null,"building":"yes","amenity":null,"shop":null,"height":2.5,"height_source":"OSM height tag"},"geometry":{"type":"Polygon","coordinates":[[[139.6471032,35.4412523],[139.6471895,35.4412629],[139.6472004,35.441204],[139.6471141,35.4411934],[139.6471032,35.4412523]]]}},{"type":"Feature","id":90122996,"properties":{"id":"90122996","name":null,"building":"yes","amenity":null,"shop":null,"height":19.8,"height_source":"OSM height tag"},"geometry":{"type":"Polygon","coordinates":[[[139.6469528,35.4410509],[139.647109,35.441079],[139.647126,35.4410164],[139.6469699,35.4409883],[139.6469528,35.4410509]]]}},{"type":"Feature","id":90122997,"properties":{"id":"90122997","name":null,"building":"yes","amenity":null,"shop":null,"height":25.2,"height_source":"OSM height tag"},"geometry":{"type":"Polygon","coordinates":[[[139.6469451,35.4410532],[139.6469663,35.4409704],[139.6468742,35.4409523],[139.6468342,35.4411153],[139.6470665,35.441154],[139.6470858,35.4410786],[139.6469451,35.4410532]]]}},{"type":"Feature","id":95068883,"properties":{"id":"95068883","name":"5号館","building":"yes","amenity":null,"shop":null,"height":null,"height_source":"unknown"},"geometry":{"type":"Polygon","coordinates":[[[139.6478042,35.4380498],[139.6481255,35.4380494],[139.6481253,35.4379597],[139.647804,35.4379602],[139.6478042,35.4380498]]]}},{"type":"Feature","id":95068896,"properties":{"id":"95068896","name":"1号館","building":"school","amenity":null,"shop":null,"height":null,"height_source":"unknown"},"geometry":{"type":"Polygon","coordinates":[[[139.647651,35.4382658],[139.6476693,35.4382682],[139.6477526,35.4379854],[139.6477351,35.4379822],[139.6475066,35.4379335],[139.6474298,35.4381803],[139.6472442,35.4381432],[139.6472357,35.4381707],[139.6472566,35.438175],[139.647218,35.4383007],[139.6475652,35.438369],[139.6475739,35.4383291],[139.6476285,35.4383382],[139.647651,35.4382658]]]}},{"type":"Feature","id":95073055,"properties":{"id":"95073055","name":null,"building":"yes","amenity":null,"shop":null,"height":26.1,"height_source":"OSM height tag"},"geometry":{"type":"Polygon","coordinates":[[[139.6506181,35.4413194],[139.6509641,35.4415999],[139.6510587,35.4415285],[139.6510916,35.4415568],[139.6511269,35.4415292],[139.6510702,35.4414802],[139.6511189,35.4414456],[139.6511047,35.4414326],[139.6511428,35.4414002],[139.6509313,35.4412293],[139.6510198,35.4411558],[139.6508933,35.4410527],[139.65088,35.4410643],[139.6508384,35.4410297],[139.6507656,35.4410907],[139.6507411,35.4410736],[139.6507101,35.441101],[139.6507322,35.4411176],[139.6506289,35.4412052],[139.6506905,35.4412546],[139.6506181,35.4413194]]]}},{"type":"Feature","id":95073057,"properties":{"id":"95073057","name":null,"building":"yes","amenity":null,"shop":null,"height":22.5,"height_source":"OSM height tag"},"geometry":{"type":"Polygon","coordinates":[[[139.6505097,35.4416234],[139.650592,35.4414549],[139.6508578,35.4416881],[139.6508578,35.4417071],[139.6508163,35.4417439],[139.6507369,35.4416792],[139.650699,35.4417071],[139.6506313,35.4416567],[139.6506058,35.4416739],[139.6505643,35.441659],[139.6505097,35.4416234]]]}},{"type":"Feature","id":95073060,"properties":{"id":"95073060","name":null,"building":"yes","amenity":null,"shop":null,"height":13.3,"height_source":"OSM height tag"},"geometry":{"type":"Polygon","coordinates":[[[139.6511468,35.4417477],[139.6511838,35.4417779],[139.6512091,35.4417911],[139.6512402,35.4418024],[139.651273,35.4418103],[139.6513031,35.4418173],[139.6513485,35.4418271],[139.6513649,35.4417867],[139.6512332,35.4416725],[139.6511468,35.4417477]]]}},{"type":"Feature","id":95073074,"properties":{"id":"95073074","name":null,"building":"yes","amenity":null,"shop":null,"height":14.6,"height_source":"OSM height tag"},"geometry":{"type":"Polygon","coordinates":[[[139.6515555,35.441892],[139.6515948,35.4419044],[139.6516569,35.4417728],[139.6516176,35.4417605],[139.6515555,35.441892]]]}},{"type":"Feature","id":95073086,"properties":{"id":"95073086","name":null,"building":"yes","amenity":null,"shop":null,"height":null,"height_source":"unknown"},"geometry":{"type":"Polygon","coordinates":[[[139.6515033,35.4418659],[139.6515523,35.4418817],[139.651613,35.4417572],[139.6515641,35.4417413],[139.6515033,35.4418659]]]}},{"type":"Feature","id":95073136,"properties":{"id":"95073136","name":null,"building":"yes","amenity":null,"shop":null,"height":9.5,"height_source":"OSM height tag"},"geometry":{"type":"Polygon","coordinates":[[[139.6516426,35.4419021],[139.6519516,35.4419698],[139.6520793,35.441913],[139.6521338,35.4417501],[139.6518292,35.4416897],[139.6518069,35.4417566],[139.6516989,35.4417348],[139.6516426,35.4419021]]]}},{"type":"Feature","id":95073170,"properties":{"id":"95073170","name":null,"building":"yes","amenity":null,"shop":null,"height":28.5,"height_source":"OSM height tag"},"geometry":{"type":"Polygon","coordinates":[[[139.6520126,35.4409578],[139.6523709,35.4410141],[139.6524102,35.4408485],[139.6520519,35.4407921],[139.6520126,35.4409578]]]}},{"type":"Feature","id":95073181,"properties":{"id":"95073181","name":null,"building":"yes","amenity":null,"shop":null,"height":20.7,"height_source":"OSM height tag"},"geometry":{"type":"Polygon","coordinates":[[[139.6513592,35.4418211],[139.6513804,35.4417797],[139.6512561,35.4416706],[139.6514311,35.4415352],[139.6515672,35.4416616],[139.651626,35.4416233],[139.6516428,35.4416385],[139.6516954,35.4416009],[139.6517546,35.4416568],[139.6516744,35.4417161],[139.6516526,35.4417616],[139.6515576,35.4417313],[139.6514901,35.441863],[139.651387,35.44183],[139.6513592,35.4418211]]]}},{"type":"Feature","id":95073182,"properties":{"id":"95073182","name":null,"building":"yes","amenity":null,"shop":null,"height":10.3,"height_source":"OSM height tag"},"geometry":{"type":"Polygon","coordinates":[[[139.65099,35.4416128],[139.6511267,35.4417285],[139.6512047,35.4416673],[139.651068,35.4415516],[139.65099,35.4416128]]]}},{"type":"Feature","id":96063403,"properties":{"id":"96063403","name":null,"building":"yes","amenity":null,"shop":null,"height":15.0,"height_source":"OSM height tag"},"geometry":{"type":"Polygon","coordinates":[[[139.6485758,35.4408523],[139.6487163,35.4409089],[139.6487486,35.4408557],[139.6486081,35.4407991],[139.6485758,35.4408523]]]}},{"type":"Feature","id":96063404,"properties":{"id":"96063404","name":null,"building":"yes","amenity":null,"shop":null,"height":15.3,"height_source":"OSM height tag"},"geometry":{"type":"Polygon","coordinates":[[[139.6491337,35.4409833],[139.6491755,35.4410002],[139.6492605,35.4408601],[139.6492187,35.4408433],[139.6491337,35.4409833]]]}},{"type":"Feature","id":96063405,"properties":{"id":"96063405","name":null,"building":"yes","amenity":null,"shop":null,"height":null,"height_source":"unknown"},"geometry":{"type":"Polygon","coordinates":[[[139.6499994,35.4410559],[139.6500505,35.4410743],[139.6501393,35.4409102],[139.6500882,35.4408919],[139.6499994,35.4410559]]]}},{"type":"Feature","id":96063406,"properties":{"id":"96063406","name":null,"building":"yes","amenity":null,"shop":null,"height":16.4,"height_source":"OSM height tag"},"geometry":{"type":"Polygon","coordinates":[[[139.6490316,35.440939],[139.6490773,35.4409574],[139.6491665,35.4408103],[139.6491208,35.4407919],[139.6490316,35.440939]]]}},{"type":"Feature","id":96063407,"properties":{"id":"96063407","name":null,"building":"yes","amenity":null,"shop":null,"height":null,"height_source":"unknown"},"geometry":{"type":"Polygon","coordinates":[[[139.6490982,35.4405536],[139.6491425,35.440571],[139.6492095,35.4404574],[139.6491652,35.44044],[139.6490982,35.4405536]]]}},{"type":"Feature","id":96063408,"properties":{"id":"96063408","name":null,"building":"yes","amenity":null,"shop":null,"height":null,"height_source":"unknown"},"geometry":{"type":"Polygon","coordinates":[[[139.6501008,35.4408865],[139.6501446,35.4409023],[139.6501878,35.4408225],[139.650144,35.4408067],[139.6501008,35.4408865]]]}},{"type":"Feature","id":96063409,"properties":{"id":"96063409","name":null,"building":"yes","amenity":null,"shop":null,"height":25.1,"height_source":"OSM height tag"},"geometry":{"type":"Polygon","coordinates":[[[139.6496407,35.4411255],[139.6497785,35.4411802],[139.6498335,35.4410881],[139.6496957,35.4410334],[139.6496407,35.4411255]]]}},{"type":"Feature","id":96063410,"properties":{"id":"96063410","name":null,"building":"yes","amenity":null,"shop":null,"height":null,"height_source":"unknown"},"geometry":{"type":"Polygon","coordinates":[[[139.6502177,35.441139],[139.6503069,35.4411718],[139.6504381,35.4409345],[139.6503489,35.4409017],[139.6502177,35.441139]]]}},{"type":"Feature","id":96063411,"properties":{"id":"96063411","name":null,"building":"yes","amenity":null,"shop":null,"height":16.7,"height_source":"OSM height tag"},"geometry":{"type":"Polygon","coordinates":[[[139.650089,35.4413646],[139.6501366,35.4413837],[139.6502203,35.4412446],[139.6501726,35.4412256],[139.650089,35.4413646]]]}},{"type":"Feature","id":96063412,"properties":{"id":"96063412","name":null,"building":"yes","amenity":null,"shop":null,"height":null,"height_source":"unknown"},"geometry":{"type":"Polygon","coordinates":[[[139.6495545,35.4406817],[139.6496336,35.4407126],[139.6496811,35.4406321],[139.649602,35.4406012],[139.6495545,35.4406817]]]}},{"type":"Feature","id":96063413,"properties":{"id":"96063413","name":null,"building":"yes","amenity":null,"shop":null,"height":18.4,"height_source":"OSM height tag"},"geometry":{"type":"Polygon","coordinates":[[[139.6498684,35.44138],[139.649923,35.4414017],[139.6499981,35.441276],[139.6499435,35.4412543],[139.6498684,35.44138]]]}},{"type":"Feature","id":96063414,"properties":{"id":"96063414","name":null,"building":"yes","amenity":null,"shop":null,"height":null,"height_source":"unknown"},"geometry":{"type":"Polygon","coordinates":[[[139.6491448,35.440713],[139.6491877,35.4407298],[139.6492822,35.4405696],[139.6492393,35.4405528],[139.6491448,35.440713]]]}},{"type":"Feature","id":96063415,"properties":{"id":"96063415","name":null,"building":"yes","amenity":null,"shop":null,"height":null,"height_source":"unknown"},"geometry":{"type":"Polygon","coordinates":[[[139.6496199,35.4409045],[139.649666,35.4409222],[139.6497053,35.4408544],[139.6496592,35.4408367],[139.6496199,35.4409045]]]}},{"type":"Feature","id":96063416,"properties":{"id":"96063416","name":null,"building":"yes","amenity":null,"shop":null,"height":16.6,"height_source":"OSM height tag"},"geometry":{"type":"Polygon","coordinates":[[[139.6486161,35.4407856],[139.6487612,35.440844],[139.6488537,35.4406916],[139.6487086,35.4406331],[139.6486161,35.4407856]]]}},{"type":"Feature","id":96063417,"properties":{"id":"96063417","name":null,"building":"yes","amenity":null,"shop":null,"height":null,"height_source":"unknown"},"geometry":{"type":"Polygon","coordinates":[[[139.6493135,35.4406118],[139.6493521,35.4406269],[139.6494057,35.4405361],[139.649367,35.440521],[139.6493135,35.4406118]]]}},{"type":"Feature","id":96063418,"properties":{"id":"96063418","name":null,"building":"yes","amenity":null,"shop":null,"height":null,"height_source":"unknown"},"geometry":{"type":"Polygon","coordinates":[[[139.6494514,35.4408421],[139.6494879,35.4408564],[139.6495305,35.4407841],[139.6495509,35.4407921],[139.6496008,35.4407075],[139.6495438,35.4406854],[139.6494514,35.4408421]]]}},{"type":"Feature","id":96063419,"properties":{"id":"96063419","name":null,"building":"yes","amenity":null,"shop":null,"height":21.1,"height_source":"OSM height tag"},"geometry":{"type":"Polygon","coordinates":[[[139.6488097,35.440957],[139.6488509,35.4409736],[139.6489838,35.4407545],[139.6489426,35.4407379],[139.6488097,35.440957]]]}},{"type":"Feature","id":96063420,"properties":{"id":"96063420","name":null,"building":"yes","amenity":null,"shop":null,"height":9.5,"height_source":"OSM height tag"},"geometry":{"type":"Polygon","coordinates":[[[139.6495047,35.4410614],[139.6495479,35.4410786],[139.6496006,35.4409904],[139.6495573,35.4409733],[139.6495047,35.4410614]]]}},{"type":"Feature","id":96063421,"properties":{"id":"96063421","name":null,"building":"yes","amenity":null,"shop":null,"height":17.8,"height_source":"OSM height tag"},"geometry":{"type":"Polygon","coordinates":[[[139.6491307,35.4410856],[139.64918,35.4411054],[139.6492318,35.4410201],[139.6491825,35.4410003],[139.6491307,35.4410856]]]}},{"type":"Feature","id":96063422,"properties":{"id":"96063422","name":null,"building":"yes","amenity":null,"shop":null,"height":16.1,"height_source":"OSM height tag"},"geometry":{"type":"Polygon","coordinates":[[[139.6494989,35.4412323],[139.6495448,35.4412505],[139.6495825,35.4411874],[139.6495367,35.4411692],[139.6494989,35.4412323]]]}},{"type":"Feature","id":96063423,"properties":{"id":"96063423","name":null,"building":"yes","amenity":null,"shop":null,"height":null,"height_source":"unknown"},"geometry":{"type":"Polygon","coordinates":[[[139.6501628,35.4408865],[139.6502607,35.4409217],[139.6502931,35.440862],[139.6501952,35.4408268],[139.6501628,35.4408865]]]}},{"type":"Feature","id":96063424,"properties":{"id":"96063424","name":null,"building":"yes","amenity":null,"shop":null,"height":17.0,"height_source":"OSM height tag"},"geometry":{"type":"Polygon","coordinates":[[[139.6501615,35.4413646],[139.6501993,35.4413797],[139.650271,35.4412601],[139.6502332,35.441245],[139.6501615,35.4413646]]]}},{"type":"Feature","id":96063425,"properties":{"id":"96063425","name":null,"building":"yes","amenity":null,"shop":null,"height":19.0,"height_source":"OSM height tag"},"geometry":{"type":"Polygon","coordinates":[[[139.6490857,35.440962],[139.6491284,35.4409792],[139.6492075,35.4408489],[139.6491647,35.4408317],[139.6490857,35.440962]]]}},{"type":"Feature","id":96063426,"properties":{"id":"96063426","name":null,"building":"yes","amenity":null,"shop":null,"height":null,"height_source":"unknown"},"geometry":{"type":"Polygon","coordinates":[[[139.6503191,35.4411703],[139.6504805,35.4412358],[139.6506192,35.441009],[139.6504578,35.4409435],[139.6503191,35.4411703]]]}},{"type":"Feature","id":96063427,"properties":{"id":"96063427","name":null,"building":"yes","amenity":null,"shop":null,"height":null,"height_source":"unknown"},"geometry":{"type":"Polygon","coordinates":[[[139.6491523,35.4405895],[139.649195,35.4406062],[139.649222,35.4405606],[139.6491793,35.4405438],[139.6491523,35.4405895]]]}},{"type":"Feature","id":96063428,"properties":{"id":"96063428","name":null,"building":"yes","amenity":null,"shop":null,"height":10.3,"height_source":"OSM height tag"},"geometry":{"type":"Polygon","coordinates":[[[139.6494468,35.4411607],[139.6495174,35.4411887],[139.6495338,35.4411613],[139.6495885,35.441183],[139.6496276,35.4411175],[139.6495013,35.4410695],[139.6494468,35.4411607]]]}},{"type":"Feature","id":96063429,"properties":{"id":"96063429","name":null,"building":"yes","amenity":null,"shop":null,"height":null,"height_source":"unknown"},"geometry":{"type":"Polygon","coordinates":[[[139.6492547,35.4405483],[139.6493237,35.4405753],[139.6493613,35.4405116],[139.6492923,35.4404846],[139.6492547,35.4405483]]]}},{"type":"Feature","id":96063430,"properties":{"id":"96063430","name":null,"building":"yes","amenity":null,"shop":null,"height":17.6,"height_source":"OSM height tag"},"geometry":{"type":"Polygon","coordinates":[[[139.6495937,35.4410979],[139.6496366,35.4411149],[139.6496899,35.4410258],[139.649647,35.4410088],[139.6495937,35.4410979]]]}},{"type":"Feature","id":96063432,"properties":{"id":"96063432","name":null,"building":"yes","amenity":null,"shop":null,"height":null,"height_source":"unknown"},"geometry":{"type":"Polygon","coordinates":[[[139.6504451,35.4415182],[139.6505287,35.4415508],[139.6505541,35.4415078],[139.6504704,35.4414751],[139.6504451,35.4415182]]]}},{"type":"Feature","id":96063433,"properties":{"id":"96063433","name":null,"building":"yes","amenity":null,"shop":null,"height":null,"height_source":"unknown"},"geometry":{"type":"Polygon","coordinates":[[[139.649276,35.4407704],[139.6493691,35.4408069],[139.6494638,35.4406462],[139.6493708,35.4406098],[139.649276,35.4407704]]]}},{"type":"Feature","id":96063435,"properties":{"id":"96063435","name":null,"building":"yes","amenity":null,"shop":null,"height":null,"height_source":"unknown"},"geometry":{"type":"Polygon","coordinates":[[[139.6499345,35.4408633],[139.6499115,35.4409031],[139.6499567,35.4409205],[139.6499054,35.4410092],[139.6499423,35.4410234],[139.6500168,35.4408949],[139.6499345,35.4408633]]]}},{"type":"Feature","id":96063438,"properties":{"id":"96063438","name":null,"building":"yes","amenity":null,"shop":null,"height":14.6,"height_source":"OSM height tag"},"geometry":{"type":"Polygon","coordinates":[[[139.6491935,35.4411078],[139.6492541,35.4411322],[139.6492591,35.4411239],[139.6493307,35.441006],[139.649335,35.4409988],[139.6493904,35.4409075],[139.6493299,35.4408831],[139.6491935,35.4411078]]]}},{"type":"Feature","id":96063443,"properties":{"id":"96063443","name":null,"building":"yes","amenity":null,"shop":null,"height":12.9,"height_source":"OSM height tag"},"geometry":{"type":"Polygon","coordinates":[[[139.6489731,35.4409238],[139.6490199,35.4409427],[139.6491075,35.4407983],[139.6490607,35.4407795],[139.6489731,35.4409238]]]}},{"type":"Feature","id":96063444,"properties":{"id":"96063444","name":null,"building":"yes","amenity":null,"shop":null,"height":null,"height_source":"unknown"},"geometry":{"type":"Polygon","coordinates":[[[139.6487643,35.4405636],[139.6488122,35.4405824],[139.6488568,35.4405068],[139.6489176,35.4405306],[139.6490058,35.4403811],[139.6488969,35.4403385],[139.6487643,35.4405636]]]}},{"type":"Feature","id":96063447,"properties":{"id":"96063447","name":null,"building":"yes","amenity":null,"shop":null,"height":null,"height_source":"unknown"},"geometry":{"type":"Polygon","coordinates":[[[139.6487288,35.4409213],[139.6488058,35.4409524],[139.6488544,35.4408724],[139.6487773,35.4408413],[139.6487288,35.4409213]]]}},{"type":"Feature","id":96063449,"properties":{"id":"96063449","name":null,"building":"yes","amenity":null,"shop":null,"height":null,"height_source":"unknown"},"geometry":{"type":"Polygon","coordinates":[[[139.6490847,35.4406913],[139.6491356,35.4407112],[139.6491926,35.4406145],[139.6491417,35.4405946],[139.6490847,35.4406913]]]}},{"type":"Feature","id":96063455,"properties":{"id":"96063455","name":null,"building":"yes","amenity":null,"shop":null,"height":null,"height_source":"unknown"},"geometry":{"type":"Polygon","coordinates":[[[139.6500568,35.4410759],[139.6501148,35.4410967],[139.6501725,35.4409901],[139.6501145,35.4409693],[139.6500568,35.4410759]]]}},{"type":"Feature","id":96063456,"properties":{"id":"96063456","name":null,"building":"yes","amenity":null,"shop":null,"height":null,"height_source":"unknown"},"geometry":{"type":"Polygon","coordinates":[[[139.6497155,35.4407653],[139.6498055,35.4407999],[139.6498326,35.4407473],[139.6497496,35.4407137],[139.6497155,35.4407653]]]}},{"type":"Feature","id":96063457,"properties":{"id":"96063457","name":null,"building":"yes","amenity":null,"shop":null,"height":null,"height_source":"unknown"},"geometry":{"type":"Polygon","coordinates":[[[139.6488715,35.4406087],[139.6489626,35.4406444],[139.6490969,35.4404168],[139.6490058,35.4403811],[139.6489176,35.4405306],[139.6488715,35.4406087]]]}},{"type":"Feature","id":96063461,"properties":{"id":"96063461","name":null,"building":"yes","amenity":null,"shop":null,"height":null,"height_source":"unknown"},"geometry":{"type":"Polygon","coordinates":[[[139.6491858,35.440733],[139.6492239,35.4407479],[139.6493203,35.4405845],[139.6492822,35.4405696],[139.6491877,35.4407298],[139.6491858,35.440733]]]}},{"type":"Feature","id":96063464,"properties":{"id":"96063464","name":null,"building":"yes","amenity":null,"shop":null,"height":12.6,"height_source":"OSM height tag"},"geometry":{"type":"Polygon","coordinates":[[[139.6493842,35.4410371],[139.6494444,35.4410613],[139.6495087,35.4409552],[139.6494486,35.4409309],[139.6493932,35.4410222],[139.6493842,35.4410371]]]}},{"type":"Feature","id":96063466,"properties":{"id":"96063466","name":null,"building":"yes","amenity":null,"shop":null,"height":29.7,"height_source":"OSM height tag"},"geometry":{"type":"Polygon","coordinates":[[[139.6499319,35.4414077],[139.6500254,35.4414446],[139.6501262,35.4412749],[139.6500326,35.4412381],[139.6499319,35.4414077]]]}},{"type":"Feature","id":96063467,"properties":{"id":"96063467","name":null,"building":"yes","amenity":null,"shop":null,"height":13.8,"height_source":"OSM height tag"},"geometry":{"type":"Polygon","coordinates":[[[139.6503203,35.4413737],[139.6503856,35.4413989],[139.6504249,35.4413315],[139.6503595,35.4413062],[139.6503203,35.4413737]]]}},{"type":"Feature","id":96063472,"properties":{"id":"96063472","name":null,"building":"yes","amenity":null,"shop":null,"height":17.1,"height_source":"OSM height tag"},"geometry":{"type":"Polygon","coordinates":[[[139.6497434,35.4412543],[139.6497945,35.4412746],[139.649895,35.4411063],[139.6498439,35.4410861],[139.6497434,35.4412543]]]}},{"type":"Feature","id":96063473,"properties":{"id":"96063473","name":null,"building":"yes","amenity":null,"shop":null,"height":null,"height_source":"unknown"},"geometry":{"type":"Polygon","coordinates":[[[139.6497811,35.440974],[139.6498464,35.4409992],[139.6499386,35.4408401],[139.6498733,35.4408149],[139.6497811,35.440974]]]}},{"type":"Feature","id":96063474,"properties":{"id":"96063474","name":null,"building":"yes","amenity":null,"shop":null,"height":9.1,"height_source":"OSM height tag"},"geometry":{"type":"Polygon","coordinates":[[[139.6504374,35.4414521],[139.650523,35.4414842],[139.6505571,35.4414237],[139.6504715,35.4413916],[139.6504374,35.4414521]]]}},{"type":"Feature","id":96063475,"properties":{"id":"96063475","name":null,"building":"yes","amenity":null,"shop":null,"height":null,"height_source":"unknown"},"geometry":{"type":"Polygon","coordinates":[[[139.6489212,35.4410004],[139.6490209,35.4410405],[139.6490665,35.4409652],[139.6489669,35.4409251],[139.6489212,35.4410004]]]}},{"type":"Feature","id":96063477,"properties":{"id":"96063477","name":null,"building":"yes","amenity":null,"shop":null,"height":null,"height_source":"unknown"},"geometry":{"type":"Polygon","coordinates":[[[139.6501218,35.4409611],[139.6502212,35.4409968],[139.6502589,35.4409272],[139.6501595,35.4408915],[139.6501218,35.4409611]]]}},{"type":"Feature","id":96063479,"properties":{"id":"96063479","name":null,"building":"yes","amenity":null,"shop":null,"height":27.1,"height_source":"OSM height tag"},"geometry":{"type":"Polygon","coordinates":[[[139.6495604,35.4412497],[139.6496118,35.4412701],[139.6496839,35.4411495],[139.6496324,35.4411291],[139.6495604,35.4412497]]]}},{"type":"Feature","id":96063481,"properties":{"id":"96063481","name":null,"building":"yes","amenity":null,"shop":null,"height":null,"height_source":"unknown"},"geometry":{"type":"Polygon","coordinates":[[[139.6495012,35.4408499],[139.6495548,35.4408704],[139.6496402,35.4407257],[139.649608,35.4407131],[139.6495558,35.4408016],[139.6495346,35.4407933],[139.6495012,35.4408499]]]}},{"type":"Feature","id":96063483,"properties":{"id":"96063483","name":null,"building":"yes","amenity":null,"shop":null,"height":null,"height_source":"unknown"},"geometry":{"type":"Polygon","coordinates":[[[139.6490723,35.4404902],[139.6491133,35.4405062],[139.6491542,35.4404368],[139.6491133,35.4404207],[139.6490723,35.4404902]]]}},{"type":"Feature","id":96063486,"properties":{"id":"96063486","name":null,"building":"yes","amenity":null,"shop":null,"height":6.7,"height_source":"OSM height tag"},"geometry":{"type":"Polygon","coordinates":[[[139.6500404,35.4412337],[139.6501326,35.4412693],[139.6501622,35.4412185],[139.65007,35.4411829],[139.6500404,35.4412337]]]}},{"type":"Feature","id":96063488,"properties":{"id":"96063488","name":null,"building":"yes","amenity":null,"shop":null,"height":23.6,"height_source":"OSM height tag"},"geometry":{"type":"Polygon","coordinates":[[[139.6496207,35.4412756],[139.6497035,35.4413084],[139.6497723,35.4411933],[139.6496895,35.4411604],[139.6496207,35.4412756]]]}},{"type":"Feature","id":96063493,"properties":{"id":"96063493","name":null,"building":"yes","amenity":null,"shop":null,"height":null,"height_source":"unknown"},"geometry":{"type":"Polygon","coordinates":[[[139.6496869,35.4408122],[139.6497696,35.440844],[139.6497954,35.4407994],[139.6497127,35.4407676],[139.6496869,35.4408122]]]}},{"type":"Feature","id":96063495,"properties":{"id":"96063495","name":null,"building":"yes","amenity":null,"shop":null,"height":19.1,"height_source":"OSM height tag"},"geometry":{"type":"Polygon","coordinates":[[[139.6501001,35.441471],[139.6503053,35.4415493],[139.6503685,35.4414336],[139.6502467,35.441388],[139.6502371,35.4414064],[139.6501539,35.4413788],[139.6501001,35.441471]]]}},{"type":"Feature","id":96063496,"properties":{"id":"96063496","name":null,"building":"yes","amenity":null,"shop":null,"height":null,"height_source":"unknown"},"geometry":{"type":"Polygon","coordinates":[[[139.6493937,35.4407951],[139.6494588,35.4408206],[139.6495217,35.4407139],[139.6494566,35.4406884],[139.6493937,35.4407951]]]}},{"type":"Feature","id":96063498,"properties":{"id":"96063498","name":null,"building":"yes","amenity":null,"shop":null,"height":null,"height_source":"unknown"},"geometry":{"type":"Polygon","coordinates":[[[139.6493883,35.4406042],[139.6494753,35.4406382],[139.649514,35.4405726],[139.649427,35.4405385],[139.6493883,35.4406042]]]}},{"type":"Feature","id":96063503,"properties":{"id":"96063503","name":null,"building":"yes","amenity":null,"shop":null,"height":15.9,"height_source":"OSM height tag"},"geometry":{"type":"Polygon","coordinates":[[[139.6498253,35.4412376],[139.6498717,35.441256],[139.6499469,35.4411302],[139.6499005,35.4411118],[139.6498253,35.4412376]]]}},{"type":"Feature","id":96063505,"properties":{"id":"96063505","name":null,"building":"yes","amenity":null,"shop":null,"height":null,"height_source":"unknown"},"geometry":{"type":"Polygon","coordinates":[[[139.6498208,35.4408066],[139.6498599,35.4408217],[139.6499202,35.4407176],[139.6498811,35.4407025],[139.6498208,35.4408066]]]}},{"type":"Feature","id":96063506,"properties":{"id":"96063506","name":null,"building":"yes","amenity":null,"shop":null,"height":null,"height_source":"unknown"},"geometry":{"type":"Polygon","coordinates":[[[139.6501159,35.4411092],[139.6501591,35.4411247],[139.6502232,35.4410064],[139.6501799,35.4409908],[139.6501159,35.4411092]]]}},{"type":"Feature","id":96063509,"properties":{"id":"96063509","name":null,"building":"yes","amenity":null,"shop":null,"height":null,"height_source":"unknown"},"geometry":{"type":"Polygon","coordinates":[[[139.6488176,35.4405887],[139.6488661,35.4406076],[139.6489084,35.4405358],[139.64886,35.4405168],[139.6488176,35.4405887]]]}},{"type":"Feature","id":96063511,"properties":{"id":"96063511","name":null,"building":"yes","amenity":null,"shop":null,"height":21.7,"height_source":"OSM height tag"},"geometry":{"type":"Polygon","coordinates":[[[139.6490332,35.4410448],[139.64912,35.4410797],[139.6491682,35.4410003],[139.6490814,35.4409653],[139.6490332,35.4410448]]]}},{"type":"Feature","id":96063513,"properties":{"id":"96063513","name":null,"building":"yes","amenity":null,"shop":null,"height":null,"height_source":"unknown"},"geometry":{"type":"Polygon","coordinates":[[[139.649665,35.4408347],[139.649715,35.4408541],[139.6496725,35.4409273],[139.6497136,35.4409431],[139.6497647,35.440855],[139.6496737,35.4408197],[139.649665,35.4408347]]]}},{"type":"Feature","id":96063517,"properties":{"id":"96063517","name":null,"building":"yes","amenity":null,"shop":null,"height":8.8,"height_source":"OSM height tag"},"geometry":{"type":"Polygon","coordinates":[[[139.6495473,35.4410797],[139.6495936,35.441098],[139.649647,35.4410088],[139.6496006,35.4409904],[139.6495473,35.4410797]]]}},{"type":"Feature","id":96063518,"properties":{"id":"96063518","name":null,"building":"yes","amenity":null,"shop":null,"height":null,"height_source":"unknown"},"geometry":{"type":"Polygon","coordinates":[[[139.6499488,35.4410348],[139.6499889,35.4410502],[139.6500472,35.4409497],[139.6500071,35.4409343],[139.6499488,35.4410348]]]}},{"type":"Feature","id":96063520,"properties":{"id":"96063520","name":null,"building":"yes","amenity":null,"shop":null,"height":7.0,"height_source":"OSM height tag"},"geometry":{"type":"Polygon","coordinates":[[[139.6497111,35.4413225],[139.6497563,35.4413404],[139.6497914,35.4412816],[139.6497463,35.4412637],[139.6497111,35.4413225]]]}},{"type":"Feature","id":96063522,"properties":{"id":"96063522","name":null,"building":"yes","amenity":null,"shop":null,"height":null,"height_source":"unknown"},"geometry":{"type":"Polygon","coordinates":[[[139.6497176,35.4409468],[139.6497767,35.4409695],[139.6498576,35.44083],[139.6497984,35.4408072],[139.6497176,35.4409468]]]}},{"type":"Feature","id":96063525,"properties":{"id":"96063525","name":null,"building":"yes","amenity":null,"shop":null,"height":null,"height_source":"unknown"},"geometry":{"type":"Polygon","coordinates":[[[139.6490245,35.440666],[139.6490728,35.4406849],[139.6491372,35.4405759],[139.6490888,35.4405569],[139.6490245,35.440666]]]}},{"type":"Feature","id":96063526,"properties":{"id":"96063526","name":null,"building":"yes","amenity":null,"shop":null,"height":null,"height_source":"unknown"},"geometry":{"type":"Polygon","coordinates":[[[139.6498529,35.4410006],[139.6498849,35.4410129],[139.6499355,35.4409255],[139.6499036,35.4409132],[139.6498529,35.4410006]]]}},{"type":"Feature","id":96063528,"properties":{"id":"96063528","name":null,"building":"yes","amenity":null,"shop":null,"height":null,"height_source":"unknown"},"geometry":{"type":"Polygon","coordinates":[[[139.6494647,35.4406851],[139.6495187,35.4407063],[139.6495779,35.4406059],[139.6495239,35.4405847],[139.6494647,35.4406851]]]}},{"type":"Feature","id":96063532,"properties":{"id":"96063532","name":null,"building":"yes","amenity":null,"shop":null,"height":12.0,"height_source":"OSM height tag"},"geometry":{"type":"Polygon","coordinates":[[[139.6503973,35.4415953],[139.6504809,35.4416267],[139.650521,35.4415558],[139.6504374,35.4415244],[139.6503973,35.4415953]]]}},{"type":"Feature","id":96063533,"properties":{"id":"96063533","name":null,"building":"yes","amenity":null,"shop":null,"height":12.3,"height_source":"OSM height tag"},"geometry":{"type":"Polygon","coordinates":[[[139.6499537,35.4412443],[139.6500024,35.4412633],[139.6500571,35.4411704],[139.6500083,35.4411514],[139.6499537,35.4412443]]]}},{"type":"Feature","id":96063535,"properties":{"id":"96063535","name":null,"building":"yes","amenity":null,"shop":null,"height":15.8,"height_source":"OSM height tag"},"geometry":{"type":"Polygon","coordinates":[[[139.6487888,35.4408329],[139.6488661,35.440864],[139.6489426,35.4407379],[139.6488653,35.4407068],[139.6487888,35.4408329]]]}},{"type":"Feature","id":96063539,"properties":{"id":"96063539","name":null,"building":"yes","amenity":null,"shop":null,"height":null,"height_source":"unknown"},"geometry":{"type":"Polygon","coordinates":[[[139.6491881,35.4409957],[139.649241,35.441017],[139.6493225,35.4408826],[139.6492696,35.4408613],[139.6491881,35.4409957]]]}},{"type":"Feature","id":96063541,"properties":{"id":"96063541","name":null,"building":"yes","amenity":null,"shop":null,"height":24.0,"height_source":"OSM height tag"},"geometry":{"type":"Polygon","coordinates":[[[139.6488561,35.4409782],[139.6489152,35.4410019],[139.6490528,35.4407751],[139.6489938,35.4407513],[139.6488561,35.4409782]]]}},{"type":"Feature","id":96063543,"properties":{"id":"96063543","name":null,"building":"yes","amenity":null,"shop":null,"height":null,"height_source":"unknown"},"geometry":{"type":"Polygon","coordinates":[[[139.6489699,35.440646],[139.6490177,35.4406647],[139.6491071,35.440513],[139.6490593,35.4404943],[139.6489699,35.440646]]]}},{"type":"Feature","id":96063544,"properties":{"id":"96063544","name":null,"building":"yes","amenity":null,"shop":null,"height":14.6,"height_source":"OSM height tag"},"geometry":{"type":"Polygon","coordinates":[[[139.649335,35.4409988],[139.6493932,35.4410222],[139.6494486,35.4409309],[139.6493904,35.4409075],[139.649335,35.4409988]]]}},{"type":"Feature","id":96063545,"properties":{"id":"96063545","name":null,"building":"yes","amenity":null,"shop":null,"height":7.0,"height_source":"OSM height tag"},"geometry":{"type":"Polygon","coordinates":[[[139.6494214,35.4412034],[139.6494855,35.4412288],[139.6495066,35.4411936],[139.6494424,35.4411682],[139.6494214,35.4412034]]]}},{"type":"Feature","id":96063546,"properties":{"id":"96063546","name":null,"building":"yes","amenity":null,"shop":null,"height":15.5,"height_source":"OSM height tag"},"geometry":{"type":"Polygon","coordinates":[[[139.6493732,35.4410416],[139.6493822,35.4410267],[139.6493307,35.441006],[139.6492591,35.4411239],[139.6493756,35.4411708],[139.6494381,35.4410677],[139.6493732,35.4410416]]]}},{"type":"Feature","id":96063547,"properties":{"id":"96063547","name":null,"building":"yes","amenity":null,"shop":null,"height":null,"height_source":"unknown"},"geometry":{"type":"Polygon","coordinates":[[[139.6492377,35.4407408],[139.6492736,35.4407549],[139.6493456,35.4406329],[139.6493096,35.4406188],[139.6492377,35.4407408]]]}},{"type":"Feature","id":96063548,"properties":{"id":"96063548","name":null,"building":"yes","amenity":null,"shop":null,"height":null,"height_source":"unknown"},"geometry":{"type":"Polygon","coordinates":[[[139.6491851,35.4405294],[139.6492332,35.4405482],[139.6492725,35.4404816],[139.6492244,35.4404628],[139.6491851,35.4405294]]]}},{"type":"Feature","id":96063549,"properties":{"id":"96063549","name":null,"building":"yes","amenity":null,"shop":null,"height":null,"height_source":"unknown"},"geometry":{"type":"Polygon","coordinates":[[[139.6499431,35.4408484],[139.6500778,35.4409002],[139.6501316,35.4408075],[139.6499969,35.4407557],[139.6499431,35.4408484]]]}},{"type":"Feature","id":96063550,"properties":{"id":"96063550","name":null,"building":"yes","amenity":null,"shop":null,"height":9.3,"height_source":"OSM height tag"},"geometry":{"type":"Polygon","coordinates":[[[139.6500454,35.4414502],[139.6500871,35.4414663],[139.6501298,35.4413933],[139.6500881,35.4413771],[139.6500454,35.4414502]]]}},{"type":"Feature","id":96063551,"properties":{"id":"96063551","name":null,"building":"yes","amenity":null,"shop":null,"height":10.8,"height_source":"OSM height tag"},"geometry":{"type":"Polygon","coordinates":[[[139.6499025,35.441222],[139.649947,35.4412397],[139.6499988,35.4411531],[139.6499543,35.4411354],[139.6499025,35.441222]]]}},{"type":"Feature","id":171873853,"properties":{"id":"171873853","name":null,"building":"yes","amenity":null,"shop":null,"height":null,"height_source":"unknown"},"geometry":{"type":"Polygon","coordinates":[[[139.6506291,35.4406008],[139.6506958,35.4406193],[139.6507302,35.4405368],[139.6506635,35.4405183],[139.6506291,35.4406008]]]}},{"type":"Feature","id":171873854,"properties":{"id":"171873854","name":null,"building":"yes","amenity":null,"shop":null,"height":null,"height_source":"unknown"},"geometry":{"type":"Polygon","coordinates":[[[139.6504589,35.4406411],[139.6505213,35.4406566],[139.6505547,35.4405671],[139.6504923,35.4405516],[139.6504589,35.4406411]]]}},{"type":"Feature","id":171873855,"properties":{"id":"171873855","name":null,"building":"yes","amenity":null,"shop":null,"height":null,"height_source":"unknown"},"geometry":{"type":"Polygon","coordinates":[[[139.6506445,35.4403902],[139.6507912,35.4404256],[139.6508136,35.440364],[139.6506669,35.4403286],[139.6506445,35.4403902]]]}},{"type":"Feature","id":171873856,"properties":{"id":"171873856","name":null,"building":"yes","amenity":null,"shop":null,"height":null,"height_source":"unknown"},"geometry":{"type":"Polygon","coordinates":[[[139.6505432,35.4404793],[139.6507344,35.4405268],[139.6507654,35.440444],[139.6505743,35.4403965],[139.6505432,35.4404793]]]}},{"type":"Feature","id":171873858,"properties":{"id":"171873858","name":null,"building":"yes","amenity":null,"shop":null,"height":null,"height_source":"unknown"},"geometry":{"type":"Polygon","coordinates":[[[139.6505582,35.4403748],[139.6506311,35.4403927],[139.6506505,35.4403402],[139.6505776,35.4403223],[139.6505582,35.4403748]]]}},{"type":"Feature","id":171873859,"properties":{"id":"171873859","name":null,"building":"yes","amenity":null,"shop":null,"height":4.1,"height_source":"OSM height tag"},"geometry":{"type":"Polygon","coordinates":[[[139.6502804,35.4427738],[139.6503712,35.442859],[139.6504079,35.442833],[139.6503171,35.4427478],[139.6502988,35.4427608],[139.6502804,35.4427738]]]}},{"type":"Feature","id":171873860,"properties":{"id":"171873860","name":null,"building":"yes","amenity":null,"shop":null,"height":null,"height_source":"unknown"},"geometry":{"type":"Polygon","coordinates":[[[139.6505607,35.4406309],[139.650659,35.4406606],[139.6506776,35.4406197],[139.6505793,35.44059],[139.6505607,35.4406309]]]}},{"type":"Feature","id":171873861,"properties":{"id":"171873861","name":null,"building":"yes","amenity":null,"shop":null,"height":null,"height_source":"unknown"},"geometry":{"type":"Polygon","coordinates":[[[139.6504998,35.4405459],[139.6505547,35.4405598],[139.6505715,35.4405156],[139.6505166,35.4405018],[139.6504998,35.4405459]]]}},{"type":"Feature","id":171873862,"properties":{"id":"171873862","name":null,"building":"yes","amenity":null,"shop":null,"height":null,"height_source":"unknown"},"geometry":{"type":"Polygon","coordinates":[[[139.6505572,35.4405813],[139.6506156,35.4406],[139.6506514,35.4405258],[139.650593,35.4405071],[139.6505572,35.4405813]]]}},{"type":"Feature","id":171874486,"properties":{"id":"171874486","name":null,"building":"yes","amenity":null,"shop":null,"height":null,"height_source":"unknown"},"geometry":{"type":"Polygon","coordinates":[[[139.6507731,35.4403389],[139.6507834,35.4403354],[139.6507868,35.4403423],[139.6508115,35.4403343],[139.6507692,35.4402477],[139.6507445,35.4402558],[139.6507519,35.440271],[139.6507469,35.4402725],[139.6507554,35.4402919],[139.6507501,35.4402937],[139.6507731,35.4403389]]]}},{"type":"Feature","id":171874487,"properties":{"id":"171874487","name":null,"building":"yes","amenity":null,"shop":null,"height":null,"height_source":"unknown"},"geometry":{"type":"Polygon","coordinates":[[[139.6500449,35.4406212],[139.6500918,35.4406402],[139.650132,35.4405743],[139.6500851,35.4405553],[139.6500449,35.4406212]]]}},{"type":"Feature","id":171874488,"properties":{"id":"171874488","name":null,"building":"yes","amenity":null,"shop":null,"height":null,"height_source":"unknown"},"geometry":{"type":"Polygon","coordinates":[[[139.6504971,35.439637],[139.6505613,35.4396836],[139.6506152,35.4396343],[139.650551,35.4395877],[139.6504971,35.439637]]]}},{"type":"Feature","id":171874489,"properties":{"id":"171874489","name":null,"building":"yes","amenity":null,"shop":null,"height":null,"height_source":"unknown"},"geometry":{"type":"Polygon","coordinates":[[[139.6504557,35.4400326],[139.6506046,35.4400936],[139.6506484,35.4400226],[139.6504994,35.4399616],[139.6504557,35.4400326]]]}},{"type":"Feature","id":171874490,"properties":{"id":"171874490","name":null,"building":"yes","amenity":null,"shop":null,"height":null,"height_source":"unknown"},"geometry":{"type":"Polygon","coordinates":[[[139.6501031,35.440483],[139.6501435,35.4404997],[139.6502158,35.440383],[139.6501754,35.4403664],[139.6501031,35.440483]]]}},{"type":"Feature","id":171874491,"properties":{"id":"171874491","name":null,"building":"yes","amenity":null,"shop":null,"height":null,"height_source":"unknown"},"geometry":{"type":"Polygon","coordinates":[[[139.6504445,35.4397846],[139.6505584,35.4398338],[139.6505833,35.4397956],[139.6504693,35.4397464],[139.6504445,35.4397846]]]}},{"type":"Feature","id":171874492,"properties":{"id":"171874492","name":null,"building":"yes","amenity":null,"shop":null,"height":null,"height_source":"unknown"},"geometry":{"type":"Polygon","coordinates":[[[139.6505022,35.4407882],[139.6505537,35.4408084],[139.6505929,35.440742],[139.6505414,35.4407218],[139.6505022,35.4407882]]]}},{"type":"Feature","id":171874493,"properties":{"id":"171874493","name":null,"building":"yes","amenity":null,"shop":null,"height":null,"height_source":"unknown"},"geometry":{"type":"Polygon","coordinates":[[[139.6498256,35.4404943],[139.6499077,35.4405276],[139.6499484,35.440461],[139.6498664,35.4404277],[139.6498256,35.4404943]]]}},{"type":"Feature","id":171874494,"properties":{"id":"171874494","name":null,"building":"yes","amenity":null,"shop":null,"height":null,"height_source":"unknown"},"geometry":{"type":"Polygon","coordinates":[[[139.6499168,35.4406447],[139.6499991,35.4406781],[139.6500392,35.4406125],[139.6499569,35.4405791],[139.6499168,35.4406447]]]}},{"type":"Feature","id":171874495,"properties":{"id":"171874495","name":null,"building":"yes","amenity":null,"shop":null,"height":null,"height_source":"unknown"},"geometry":{"type":"Polygon","coordinates":[[[139.6504654,35.4398674],[139.650524,35.4398919],[139.6505578,35.4398381],[139.6504993,35.4398136],[139.6504654,35.4398674]]]}},{"type":"Feature","id":171874496,"properties":{"id":"171874496","name":null,"building":"yes","amenity":null,"shop":null,"height":null,"height_source":"unknown"},"geometry":{"type":"Polygon","coordinates":[[[139.6504006,35.4400982],[139.6504761,35.4401281],[139.6505095,35.4400721],[139.650434,35.4400422],[139.6504006,35.4400982]]]}},{"type":"Feature","id":171874497,"properties":{"id":"171874497","name":null,"building":"yes","amenity":null,"shop":null,"height":null,"height_source":"unknown"},"geometry":{"type":"Polygon","coordinates":[[[139.6506335,35.4408403],[139.6506738,35.4408568],[139.6507147,35.4407907],[139.6506744,35.4407741],[139.6506335,35.4408403]]]}},{"type":"Feature","id":171874498,"properties":{"id":"171874498","name":null,"building":"yes","amenity":null,"shop":null,"height":null,"height_source":"unknown"},"geometry":{"type":"Polygon","coordinates":[[[139.6502709,35.4402861],[139.6503374,35.4403051],[139.6503789,35.4402087],[139.6503123,35.4401897],[139.6502709,35.4402861]]]}},{"type":"Feature","id":171874499,"properties":{"id":"171874499","name":null,"building":"yes","amenity":null,"shop":null,"height":null,"height_source":"unknown"},"geometry":{"type":"Polygon","coordinates":[[[139.6509407,35.4404709],[139.6510215,35.4404428],[139.6509798,35.4403634],[139.6508991,35.4403916],[139.6509407,35.4404709]]]}},{"type":"Feature","id":171874500,"properties":{"id":"171874500","name":null,"building":"yes","amenity":null,"shop":null,"height":null,"height_source":"unknown"},"geometry":{"type":"Polygon","coordinates":[[[139.6502906,35.4407571],[139.6503445,35.4407789],[139.6503598,35.4407539],[139.6503059,35.4407321],[139.6502906,35.4407571]]]}},{"type":"Feature","id":171874501,"properties":{"id":"171874501","name":null,"building":"yes","amenity":null,"shop":null,"height":null,"height_source":"unknown"},"geometry":{"type":"Polygon","coordinates":[[[139.6506803,35.4403271],[139.650745,35.4403222],[139.6507376,35.4402575],[139.6506728,35.4402624],[139.6506803,35.4403271]]]}},{"type":"Feature","id":171874502,"properties":{"id":"171874502","name":null,"building":"yes","amenity":null,"shop":null,"height":null,"height_source":"unknown"},"geometry":{"type":"Polygon","coordinates":[[[139.6506323,35.4399882],[139.6506651,35.4400011],[139.650683,35.439971],[139.6506502,35.439958],[139.6506323,35.4399882]]]}},{"type":"Feature","id":171874503,"properties":{"id":"171874503","name":null,"building":"yes","amenity":null,"shop":null,"height":null,"height_source":"unknown"},"geometry":{"type":"Polygon","coordinates":[[[139.6501116,35.4401223],[139.6502164,35.4401712],[139.6502394,35.4401385],[139.6501346,35.4400896],[139.6501116,35.4401223]]]}},{"type":"Feature","id":171874504,"properties":{"id":"171874504","name":null,"building":"yes","amenity":null,"shop":null,"height":null,"height_source":"unknown"},"geometry":{"type":"Polygon","coordinates":[[[139.6504874,35.4401304],[139.6505771,35.4401706],[139.6506114,35.4401198],[139.6505218,35.4400796],[139.6504874,35.4401304]]]}},{"type":"Feature","id":171874505,"properties":{"id":"171874505","name":null,"building":"yes","amenity":null,"shop":null,"height":null,"height_source":"unknown"},"geometry":{"type":"Polygon","coordinates":[[[139.6502592,35.4404652],[139.6504287,35.4405189],[139.6505033,35.4403625],[139.6503338,35.4403088],[139.6502592,35.4404652]]]}},{"type":"Feature","id":171874506,"properties":{"id":"171874506","name":null,"building":"yes","amenity":null,"shop":null,"height":null,"height_source":"unknown"},"geometry":{"type":"Polygon","coordinates":[[[139.6500996,35.4406344],[139.650144,35.4406524],[139.6501733,35.4406045],[139.6501288,35.4405865],[139.6500996,35.4406344]]]}},{"type":"Feature","id":171874507,"properties":{"id":"171874507","name":null,"building":"yes","amenity":null,"shop":null,"height":null,"height_source":"unknown"},"geometry":{"type":"Polygon","coordinates":[[[139.6502148,35.4406766],[139.6502641,35.4406966],[139.6503136,35.4406156],[139.6502642,35.4405956],[139.6502148,35.4406766]]]}},{"type":"Feature","id":171874508,"properties":{"id":"171874508","name":null,"building":"yes","amenity":null,"shop":null,"height":null,"height_source":"unknown"},"geometry":{"type":"Polygon","coordinates":[[[139.6505345,35.4398893],[139.6506817,35.4399496],[139.6507102,35.4399035],[139.6505631,35.4398431],[139.6505345,35.4398893]]]}},{"type":"Feature","id":171874509,"properties":{"id":"171874509","name":null,"building":"yes","amenity":null,"shop":null,"height":null,"height_source":"unknown"},"geometry":{"type":"Polygon","coordinates":[[[139.6506794,35.4408595],[139.6507197,35.440875],[139.6507575,35.4408094],[139.6507171,35.440794],[139.6506794,35.4408595]]]}},{"type":"Feature","id":171874510,"properties":{"id":"171874510","name":null,"building":"yes","amenity":null,"shop":null,"height":null,"height_source":"unknown"},"geometry":{"type":"Polygon","coordinates":[[[139.650292,35.4406783],[139.650382,35.4407148],[139.6503965,35.440691],[139.6503066,35.4406545],[139.650292,35.4406783]]]}},{"type":"Feature","id":171874511,"properties":{"id":"171874511","name":null,"building":"yes","amenity":null,"shop":null,"height":null,"height_source":"unknown"},"geometry":{"type":"Polygon","coordinates":[[[139.6502014,35.4407726],[139.6503172,35.4408196],[139.6503411,35.4407804],[139.6502253,35.4407334],[139.6502014,35.4407726]]]}},{"type":"Feature","id":171874512,"properties":{"id":"171874512","name":null,"building":"yes","amenity":null,"shop":null,"height":null,"height_source":"unknown"},"geometry":{"type":"Polygon","coordinates":[[[139.6505561,35.4397138],[139.6506009,35.4397452],[139.6506665,35.4396831],[139.6506217,35.4396517],[139.6505561,35.4397138]]]}},{"type":"Feature","id":171874513,"properties":{"id":"171874513","name":null,"building":"yes","amenity":null,"shop":null,"height":null,"height_source":"unknown"},"geometry":{"type":"Polygon","coordinates":[[[139.6502148,35.440368],[139.6502684,35.4403846],[139.6503038,35.440309],[139.6502503,35.4402924],[139.6502148,35.440368]]]}},{"type":"Feature","id":171874514,"properties":{"id":"171874514","name":null,"building":"yes","amenity":null,"shop":null,"height":null,"height_source":"unknown"},"geometry":{"type":"Polygon","coordinates":[[[139.6508772,35.4403208],[139.6510106,35.4402789],[139.6509853,35.4402255],[139.6508519,35.4402675],[139.6508772,35.4403208]]]}},{"type":"Feature","id":171874515,"properties":{"id":"171874515","name":null,"building":"yes","amenity":null,"shop":null,"height":null,"height_source":"unknown"},"geometry":{"type":"Polygon","coordinates":[[[139.6500562,35.4407106],[139.6500953,35.4407264],[139.650132,35.4406663],[139.6500929,35.4406504],[139.6500562,35.4407106]]]}},{"type":"Feature","id":171874516,"properties":{"id":"171874516","name":null,"building":"yes","amenity":null,"shop":null,"height":null,"height_source":"unknown"},"geometry":{"type":"Polygon","coordinates":[[[139.6503663,35.4398917],[139.6504743,35.4399389],[139.6505061,35.4398906],[139.6503981,35.4398434],[139.6503663,35.4398917]]]}},{"type":"Feature","id":171874517,"properties":{"id":"171874517","name":null,"building":"yes","amenity":null,"shop":null,"height":null,"height_source":"unknown"},"geometry":{"type":"Polygon","coordinates":[[[139.6502324,35.4402161],[139.6502848,35.4402324],[139.6503165,35.4401646],[139.6502641,35.4401483],[139.6502324,35.4402161]]]}},{"type":"Feature","id":171874518,"properties":{"id":"171874518","name":null,"building":"yes","amenity":null,"shop":null,"height":null,"height_source":"unknown"},"geometry":{"type":"Polygon","coordinates":[[[139.6506349,35.4402074],[139.6507048,35.4402264],[139.6507286,35.4401683],[139.6506587,35.4401493],[139.6506349,35.4402074]]]}},{"type":"Feature","id":171874519,"properties":{"id":"171874519","name":null,"building":"yes","amenity":null,"shop":null,"height":null,"height_source":"unknown"},"geometry":{"type":"Polygon","coordinates":[[[139.6504216,35.440758],[139.65049,35.440785],[139.6505044,35.4407608],[139.650436,35.4407338],[139.6504216,35.440758]]]}},{"type":"Feature","id":171874520,"properties":{"id":"171874520","name":null,"building":"yes","amenity":null,"shop":null,"height":null,"height_source":"unknown"},"geometry":{"type":"Polygon","coordinates":[[[139.6502733,35.4407094],[139.6503593,35.4407442],[139.650376,35.4407168],[139.6502901,35.440682],[139.6502733,35.4407094]]]}},{"type":"Feature","id":171874521,"properties":{"id":"171874521","name":null,"building":"yes","amenity":null,"shop":null,"height":null,"height_source":"unknown"},"geometry":{"type":"Polygon","coordinates":[[[139.6499234,35.4403517],[139.6500342,35.4404111],[139.6500759,35.4403594],[139.6499651,35.4403],[139.6499234,35.4403517]]]}},{"type":"Feature","id":171874522,"properties":{"id":"171874522","name":null,"building":"yes","amenity":null,"shop":null,"height":null,"height_source":"unknown"},"geometry":{"type":"Polygon","coordinates":[[[139.650494,35.4397479],[139.6505818,35.4397889],[139.6506082,35.4397514],[139.6505204,35.4397103],[139.650494,35.4397479]]]}},{"type":"Feature","id":171874525,"properties":{"id":"171874525","name":null,"building":"yes","amenity":null,"shop":null,"height":null,"height_source":"unknown"},"geometry":{"type":"Polygon","coordinates":[[[139.650904,35.4403789],[139.6510282,35.4403398],[139.6510058,35.4402925],[139.6508816,35.4403316],[139.650904,35.4403789]]]}},{"type":"Feature","id":171874526,"properties":{"id":"171874526","name":null,"building":"yes","amenity":null,"shop":null,"height":null,"height_source":"unknown"},"geometry":{"type":"Polygon","coordinates":[[[139.6499763,35.440542],[139.6500571,35.4405748],[139.6500701,35.4405535],[139.6499893,35.4405207],[139.6499763,35.440542]]]}},{"type":"Feature","id":171874527,"properties":{"id":"171874527","name":null,"building":"yes","amenity":null,"shop":null,"height":null,"height_source":"unknown"},"geometry":{"type":"Polygon","coordinates":[[[139.6501816,35.4400622],[139.6502515,35.4400927],[139.6502838,35.4400435],[139.6502139,35.4400131],[139.6501816,35.4400622]]]}},{"type":"Feature","id":171874528,"properties":{"id":"171874528","name":null,"building":"yes","amenity":null,"shop":null,"height":null,"height_source":"unknown"},"geometry":{"type":"Polygon","coordinates":[[[139.6508897,35.4400735],[139.650992,35.4401034],[139.6510172,35.4400462],[139.6509148,35.4400163],[139.6508897,35.4400735]]]}},{"type":"Feature","id":171874529,"properties":{"id":"171874529","name":null,"building":"yes","amenity":null,"shop":null,"height":null,"height_source":"unknown"},"geometry":{"type":"Polygon","coordinates":[[[139.650294,35.4399245],[139.6503825,35.4399642],[139.6504049,35.4399311],[139.6503163,35.4398914],[139.650294,35.4399245]]]}},{"type":"Feature","id":171874530,"properties":{"id":"171874530","name":null,"building":"yes","amenity":null,"shop":null,"height":null,"height_source":"unknown"},"geometry":{"type":"Polygon","coordinates":[[[139.6503644,35.4408414],[139.6504393,35.4408707],[139.6504869,35.4407899],[139.650412,35.4407606],[139.6503644,35.4408414]]]}},{"type":"Feature","id":171874531,"properties":{"id":"171874531","name":null,"building":"yes","amenity":null,"shop":null,"height":null,"height_source":"unknown"},"geometry":{"type":"Polygon","coordinates":[[[139.6500571,35.440466],[139.6500931,35.4404816],[139.650162,35.4403763],[139.650126,35.4403607],[139.6500571,35.440466]]]}},{"type":"Feature","id":171874532,"properties":{"id":"171874532","name":null,"building":"yes","amenity":null,"shop":null,"height":9.6,"height_source":"OSM height tag"},"geometry":{"type":"Polygon","coordinates":[[[139.6510781,35.4410525],[139.6512384,35.4410875],[139.6512597,35.4410228],[139.6510994,35.4409877],[139.6510781,35.4410525]]]}},{"type":"Feature","id":171874533,"properties":{"id":"171874533","name":null,"building":"yes","amenity":null,"shop":null,"height":null,"height_source":"unknown"},"geometry":{"type":"Polygon","coordinates":[[[139.6501478,35.4406622],[139.6501988,35.4406834],[139.6502587,35.4405901],[139.6502011,35.4405667],[139.6501478,35.4406622]]]}},{"type":"Feature","id":171874534,"properties":{"id":"171874534","name":null,"building":"yes","amenity":null,"shop":null,"height":null,"height_source":"unknown"},"geometry":{"type":"Polygon","coordinates":[[[139.6503815,35.4398257],[139.6504566,35.4398585],[139.650482,35.4398198],[139.6504069,35.439787],[139.6503815,35.4398257]]]}},{"type":"Feature","id":171874535,"properties":{"id":"171874535","name":null,"building":"yes","amenity":null,"shop":null,"height":null,"height_source":"unknown"},"geometry":{"type":"Polygon","coordinates":[[[139.650375,35.4400047],[139.6504331,35.440028],[139.6504775,35.4399544],[139.6504195,35.4399311],[139.650375,35.4400047]]]}},{"type":"Feature","id":171874536,"properties":{"id":"171874536","name":null,"building":"yes","amenity":null,"shop":null,"height":null,"height_source":"unknown"},"geometry":{"type":"Polygon","coordinates":[[[139.6508424,35.4401327],[139.6509574,35.4401683],[139.6509824,35.4401149],[139.6508674,35.4400792],[139.6508424,35.4401327]]]}},{"type":"Feature","id":171874537,"properties":{"id":"171874537","name":null,"building":"yes","amenity":null,"shop":null,"height":null,"height_source":"unknown"},"geometry":{"type":"Polygon","coordinates":[[[139.6505569,35.4408086],[139.6506261,35.4408362],[139.6506477,35.4408003],[139.6505785,35.4407727],[139.6505569,35.4408086]]]}},{"type":"Feature","id":171874538,"properties":{"id":"171874538","name":null,"building":"yes","amenity":null,"shop":null,"height":13.8,"height_source":"OSM height tag"},"geometry":{"type":"Polygon","coordinates":[[[139.6511465,35.4409557],[139.6513628,35.441003],[139.651386,35.4409325],[139.6511697,35.4408852],[139.6511465,35.4409557]]]}},{"type":"Feature","id":171874539,"properties":{"id":"171874539","name":null,"building":"yes","amenity":null,"shop":null,"height":null,"height_source":"unknown"},"geometry":{"type":"Polygon","coordinates":[[[139.6503597,35.4403003],[139.6504237,35.4403205],[139.6504671,35.4402295],[139.6504031,35.4402092],[139.6503597,35.4403003]]]}},{"type":"Feature","id":171874540,"properties":{"id":"171874540","name":null,"building":"yes","amenity":null,"shop":null,"height":null,"height_source":"unknown"},"geometry":{"type":"Polygon","coordinates":[[[139.6502363,35.4404771],[139.6502189,35.4405155],[139.6503985,35.4405902],[139.650423,35.4405312],[139.6502363,35.4404771]]]}},{"type":"Feature","id":171874541,"properties":{"id":"171874541","name":null,"building":"yes","amenity":null,"shop":null,"height":null,"height_source":"unknown"},"geometry":{"type":"Polygon","coordinates":[[[139.650313,35.4400963],[139.6503604,35.4401167],[139.6504116,35.4400376],[139.6503642,35.4400172],[139.650313,35.4400963]]]}},{"type":"Feature","id":171874542,"properties":{"id":"171874542","name":null,"building":"yes","amenity":null,"shop":null,"height":null,"height_source":"unknown"},"geometry":{"type":"Polygon","coordinates":[[[139.6501306,35.4405835],[139.6501755,35.4406017],[139.6501962,35.4405677],[139.6501514,35.4405495],[139.6501306,35.4405835]]]}},{"type":"Feature","id":171874543,"properties":{"id":"171874543","name":null,"building":"yes","amenity":null,"shop":null,"height":null,"height_source":"unknown"},"geometry":{"type":"Polygon","coordinates":[[[139.6505645,35.439956],[139.6506302,35.4399816],[139.6506519,35.4399445],[139.6505863,35.4399189],[139.6505645,35.439956]]]}},{"type":"Feature","id":171874544,"properties":{"id":"171874544","name":null,"building":"yes","amenity":null,"shop":null,"height":null,"height_source":"unknown"},"geometry":{"type":"Polygon","coordinates":[[[139.6500915,35.440158],[139.6501938,35.4402043],[139.6502144,35.440174],[139.6501121,35.4401278],[139.6500915,35.440158]]]}},{"type":"Feature","id":171874545,"properties":{"id":"171874545","name":null,"building":"yes","amenity":null,"shop":null,"height":null,"height_source":"unknown"},"geometry":{"type":"Polygon","coordinates":[[[139.6504458,35.4401815],[139.6505425,35.4402235],[139.6505725,35.4401776],[139.6504758,35.4401356],[139.6504458,35.4401815]]]}},{"type":"Feature","id":171874546,"properties":{"id":"171874546","name":null,"building":"yes","amenity":null,"shop":null,"height":null,"height_source":"unknown"},"geometry":{"type":"Polygon","coordinates":[[[139.6501576,35.4405023],[139.6501974,35.4405169],[139.6502573,35.4404089],[139.6502176,35.4403942],[139.6501576,35.4405023]]]}},{"type":"Feature","id":171874547,"properties":{"id":"171874547","name":null,"building":"yes","amenity":null,"shop":null,"height":null,"height_source":"unknown"},"geometry":{"type":"Polygon","coordinates":[[[139.65031,35.4406513],[139.6503851,35.4406817],[139.6504032,35.4406521],[139.6503281,35.4406217],[139.65031,35.4406513]]]}},{"type":"Feature","id":171874548,"properties":{"id":"171874548","name":null,"building":"yes","amenity":null,"shop":null,"height":null,"height_source":"unknown"},"geometry":{"type":"Polygon","coordinates":[[[139.6505617,35.4409203],[139.6506653,35.4409603],[139.6507079,35.4408871],[139.6506359,35.4408593],[139.6506169,35.4408918],[139.6505854,35.4408796],[139.6505617,35.4409203]]]}},{"type":"Feature","id":171874549,"properties":{"id":"171874549","name":null,"building":"yes","amenity":null,"shop":null,"height":null,"height_source":"unknown"},"geometry":{"type":"Polygon","coordinates":[[[139.650438,35.4403287],[139.6505059,35.4403483],[139.650535,35.4402811],[139.6504671,35.4402616],[139.650438,35.4403287]]]}},{"type":"Feature","id":171874550,"properties":{"id":"171874550","name":null,"building":"yes","amenity":null,"shop":null,"height":null,"height_source":"unknown"},"geometry":{"type":"Polygon","coordinates":[[[139.6508313,35.4402616],[139.6509612,35.4402145],[139.6509361,35.4401686],[139.6508062,35.4402158],[139.6508313,35.4402616]]]}},{"type":"Feature","id":171874551,"properties":{"id":"171874551","name":null,"building":"yes","amenity":null,"shop":null,"height":null,"height_source":"unknown"},"geometry":{"type":"Polygon","coordinates":[[[139.6501082,35.4407234],[139.6501999,35.4407606],[139.6502338,35.440705],[139.6501422,35.4406679],[139.6501082,35.4407234]]]}},{"type":"Feature","id":171874552,"properties":{"id":"171874552","name":null,"building":"yes","amenity":null,"shop":null,"height":null,"height_source":"unknown"},"geometry":{"type":"Polygon","coordinates":[[[139.6501315,35.44032],[139.6502143,35.4403493],[139.6502425,35.4402964],[139.6501597,35.4402671],[139.6501315,35.44032]]]}},{"type":"Feature","id":171874553,"properties":{"id":"171874553","name":null,"building":"yes","amenity":null,"shop":null,"height":null,"height_source":"unknown"},"geometry":{"type":"Polygon","coordinates":[[[139.6505035,35.4399456],[139.6505504,35.4399649],[139.650579,35.4399187],[139.650532,35.4398995],[139.6505035,35.4399456]]]}},{"type":"Feature","id":171874554,"properties":{"id":"171874554","name":null,"building":"yes","amenity":null,"shop":null,"height":null,"height_source":"unknown"},"geometry":{"type":"Polygon","coordinates":[[[139.6500622,35.4402106],[139.6501734,35.4402595],[139.650204,35.4402133],[139.6500928,35.4401644],[139.6500622,35.4402106]]]}},{"type":"Feature","id":171874555,"properties":{"id":"171874555","name":null,"building":"yes","amenity":null,"shop":null,"height":null,"height_source":"unknown"},"geometry":{"type":"Polygon","coordinates":[[[139.6503675,35.4401499],[139.6504387,35.4401798],[139.6504683,35.4401331],[139.650397,35.4401032],[139.6503675,35.4401499]]]}},{"type":"Feature","id":171874556,"properties":{"id":"171874556","name":null,"building":"yes","amenity":null,"shop":null,"height":null,"height_source":"unknown"},"geometry":{"type":"Polygon","coordinates":[[[139.6500008,35.4406927],[139.6500478,35.4407118],[139.6500863,35.4406489],[139.6500392,35.4406298],[139.6500008,35.4406927]]]}},{"type":"Feature","id":171874557,"properties":{"id":"171874557","name":null,"building":"yes","amenity":null,"shop":null,"height":null,"height_source":"unknown"},"geometry":{"type":"Polygon","coordinates":[[[139.6506787,35.4401436],[139.6507718,35.4401712],[139.6507927,35.4401245],[139.6506995,35.4400969],[139.6506787,35.4401436]]]}},{"type":"Feature","id":171874558,"properties":{"id":"171874558","name":null,"building":"yes","amenity":null,"shop":null,"height":null,"height_source":"unknown"},"geometry":{"type":"Polygon","coordinates":[[[139.6499773,35.4402993],[139.6500776,35.4403529],[139.6501093,35.4403136],[139.650009,35.4402599],[139.6499773,35.4402993]]]}},{"type":"Feature","id":171874559,"properties":{"id":"171874559","name":null,"building":"yes","amenity":null,"shop":null,"height":null,"height_source":"unknown"},"geometry":{"type":"Polygon","coordinates":[[[139.6504546,35.4408566],[139.6505587,35.4408966],[139.6505923,35.4408384],[139.6504882,35.4407985],[139.6504546,35.4408566]]]}},{"type":"Feature","id":171874560,"properties":{"id":"171874560","name":null,"building":"yes","amenity":null,"shop":null,"height":null,"height_source":"unknown"},"geometry":{"type":"Polygon","coordinates":[[[139.6502508,35.4407378],[139.6502873,35.4407526],[139.6503026,35.4407275],[139.6502661,35.4407127],[139.6502508,35.4407378]]]}},{"type":"Feature","id":171874561,"properties":{"id":"171874561","name":null,"building":"yes","amenity":null,"shop":null,"height":null,"height_source":"unknown"},"geometry":{"type":"Polygon","coordinates":[[[139.6499936,35.4405184],[139.6500771,35.4405523],[139.6500917,35.4405285],[139.6500081,35.4404946],[139.6499936,35.4405184]]]}},{"type":"Feature","id":171874562,"properties":{"id":"171874562","name":null,"building":"yes","amenity":null,"shop":null,"height":null,"height_source":"unknown"},"geometry":{"type":"Polygon","coordinates":[[[139.6505826,35.4398229],[139.6507073,35.4398705],[139.6507646,35.4397707],[139.6506399,35.4397232],[139.6505826,35.4398229]]]}},{"type":"Feature","id":171874563,"properties":{"id":"171874563","name":null,"building":"yes","amenity":null,"shop":null,"height":null,"height_source":"unknown"},"geometry":{"type":"Polygon","coordinates":[[[139.6500102,35.4402493],[139.6501265,35.4403062],[139.6501546,35.4402681],[139.6500384,35.4402111],[139.6500102,35.4402493]]]}},{"type":"Feature","id":171874564,"properties":{"id":"171874564","name":null,"building":"yes","amenity":null,"shop":null,"height":null,"height_source":"unknown"},"geometry":{"type":"Polygon","coordinates":[[[139.6508361,35.4399843],[139.6509758,35.4400263],[139.6509966,35.4399802],[139.6508569,35.4399383],[139.6508361,35.4399843]]]}},{"type":"Feature","id":171874565,"properties":{"id":"171874565","name":null,"building":"yes","amenity":null,"shop":null,"height":null,"height_source":"unknown"},"geometry":{"type":"Polygon","coordinates":[[[139.6505823,35.440769],[139.6506501,35.4407966],[139.6506644,35.4407732],[139.6505966,35.4407456],[139.6505823,35.440769]]]}},{"type":"Feature","id":171874566,"properties":{"id":"171874566","name":null,"building":"yes","amenity":null,"shop":null,"height":null,"height_source":"unknown"},"geometry":{"type":"Polygon","coordinates":[[[139.6499615,35.4405656],[139.650045,35.4405994],[139.6500571,35.4405796],[139.6499735,35.4405458],[139.6499615,35.4405656]]]}},{"type":"Feature","id":171874567,"properties":{"id":"171874567","name":null,"building":"yes","amenity":null,"shop":null,"height":null,"height_source":"unknown"},"geometry":{"type":"Polygon","coordinates":[[[139.65027,35.4399581],[139.6503571,35.4399972],[139.6503778,35.4399667],[139.6502906,35.4399276],[139.65027,35.4399581]]]}},{"type":"Feature","id":171874568,"properties":{"id":"171874568","name":null,"building":"yes","amenity":null,"shop":null,"height":null,"height_source":"unknown"},"geometry":{"type":"Polygon","coordinates":[[[139.6506963,35.4400913],[139.6507733,35.4401126],[139.650799,35.4400508],[139.6507221,35.4400295],[139.6506963,35.4400913]]]}},{"type":"Feature","id":171874569,"properties":{"id":"171874569","name":null,"building":"yes","amenity":null,"shop":null,"height":null,"height_source":"unknown"},"geometry":{"type":"Polygon","coordinates":[[[139.6501885,35.4402645],[139.6502604,35.4402873],[139.6502793,35.4402477],[139.6502074,35.4402249],[139.6501885,35.4402645]]]}},{"type":"Feature","id":171874570,"properties":{"id":"171874570","name":null,"building":"yes","amenity":null,"shop":null,"height":null,"height_source":"unknown"},"geometry":{"type":"Polygon","coordinates":[[[139.6504365,35.4407281],[139.6505103,35.4407572],[139.6505357,35.4407145],[139.6504618,35.4406854],[139.6504365,35.4407281]]]}},{"type":"Feature","id":171874571,"properties":{"id":"171874571","name":null,"building":"yes","amenity":null,"shop":null,"height":null,"height_source":"unknown"},"geometry":{"type":"Polygon","coordinates":[[[139.6499026,35.4406427],[139.6499553,35.4405564],[139.6498278,35.4405047],[139.649804,35.4405702],[139.6498271,35.4406139],[139.6499026,35.4406427]]]}},{"type":"Feature","id":171874572,"properties":{"id":"171874572","name":null,"building":"yes","amenity":null,"shop":null,"height":null,"height_source":"unknown"},"geometry":{"type":"Polygon","coordinates":[[[139.6509767,35.4405663],[139.6510169,35.4405548],[139.651038,35.440505],[139.6510042,35.4404567],[139.6509337,35.4404801],[139.6509767,35.4405663]]]}},{"type":"Feature","id":171874573,"properties":{"id":"171874573","name":null,"building":"yes","amenity":null,"shop":null,"height":null,"height_source":"unknown"},"geometry":{"type":"Polygon","coordinates":[[[139.6504667,35.4395617],[139.6504821,35.4396073],[139.6504988,35.4396189],[139.6505513,35.439576],[139.6505005,35.4395346],[139.6504667,35.4395617]]]}},{"type":"Feature","id":171874574,"properties":{"id":"171874574","name":null,"building":"yes","amenity":null,"shop":null,"height":null,"height_source":"unknown"},"geometry":{"type":"Polygon","coordinates":[[[139.6506669,35.440725],[139.650894,35.4407974],[139.6509614,35.4406571],[139.6508549,35.4404599],[139.650792,35.4404428],[139.6507343,35.4405847],[139.6506669,35.440725]]]}},{"type":"Feature","id":171874575,"properties":{"id":"171874575","name":null,"building":"yes","amenity":null,"shop":null,"height":null,"height_source":"unknown"},"geometry":{"type":"Polygon","coordinates":[[[139.6506274,35.4403307],[139.6506517,35.4403369],[139.6506602,35.4403146],[139.6506359,35.4403085],[139.6506481,35.4402765],[139.6506043,35.4402654],[139.6505921,35.4402973],[139.6505836,35.4403196],[139.6506274,35.4403307]]]}},{"type":"Feature","id":171874576,"properties":{"id":"171874576","name":null,"building":"yes","amenity":null,"shop":null,"height":19.9,"height_source":"OSM height tag"},"geometry":{"type":"Polygon","coordinates":[[[139.6508865,35.4409996],[139.6509716,35.4410182],[139.6510686,35.4410395],[139.6511048,35.4409298],[139.6511257,35.4408663],[139.6510287,35.4408451],[139.6510078,35.4409085],[139.6509226,35.4408899],[139.6508865,35.4409996]]]}},{"type":"Feature","id":171874577,"properties":{"id":"171874577","name":null,"building":"yes","amenity":null,"shop":null,"height":null,"height_source":"unknown"},"geometry":{"type":"Polygon","coordinates":[[[139.6502233,35.4400093],[139.6502942,35.4400398],[139.65026,35.4400927],[139.6502935,35.4401071],[139.6503277,35.4400542],[139.6503602,35.440004],[139.6503267,35.4399896],[139.6502557,35.4399592],[139.6502233,35.4400093]]]}},{"type":"Feature","id":172116649,"properties":{"id":"172116649","name":null,"building":"yes","amenity":null,"shop":null,"height":null,"height_source":"unknown"},"geometry":{"type":"Polygon","coordinates":[[[139.6506326,35.4440461],[139.650803,35.444217],[139.6508347,35.4440954],[139.6507882,35.4440779],[139.6507482,35.4440519],[139.650717,35.4440188],[139.6506963,35.4439807],[139.6506876,35.4439396],[139.6506911,35.4438979],[139.6506943,35.4438897],[139.6505731,35.4438651],[139.6505442,35.4438845],[139.6506752,35.444018],[139.6506326,35.4440461]]]}},{"type":"Feature","id":172116651,"properties":{"id":"172116651","name":null,"building":"yes","amenity":null,"shop":null,"height":null,"height_source":"unknown"},"geometry":{"type":"Polygon","coordinates":[[[139.6504346,35.4445964],[139.6505348,35.4445309],[139.6503273,35.44432],[139.6502717,35.4443563],[139.650286,35.4443709],[139.6502414,35.4444],[139.6504346,35.4445964]]]}},{"type":"Feature","id":172116653,"properties":{"id":"172116653","name":"グランドアネックス","building":"yes","amenity":null,"shop":null,"height":28.1,"height_source":"OSM height tag"},"geometry":{"type":"Polygon","coordinates":[[[139.6499995,35.4444729],[139.6501771,35.4443544],[139.6500561,35.4442341],[139.6498785,35.4443526],[139.6499995,35.4444729]]]}},{"type":"Feature","id":172116654,"properties":{"id":"172116654","name":"グランプリエ横浜山下公園","building":"yes","amenity":null,"shop":null,"height":31.7,"height_source":"OSM height tag"},"geometry":{"type":"Polygon","coordinates":[[[139.6501858,35.4441581],[139.6505524,35.4445242],[139.6508723,35.4443116],[139.6505057,35.4439455],[139.6501858,35.4441581]]]}},{"type":"Feature","id":172117885,"properties":{"id":"172117885","name":"ホテルニューグランド新館","building":"historic","amenity":null,"shop":null,"height":66.5,"height_source":"OSM height tag"},"geometry":{"type":"Polygon","coordinates":[[[139.6490224,35.4448851],[139.6493756,35.445207],[139.6494066,35.4451984],[139.6494456,35.4451821],[139.6494767,35.4451598],[139.6494992,35.4451346],[139.6495138,35.4451059],[139.6494946,35.4450878],[139.6495435,35.4450556],[139.6492964,35.4447993],[139.6492582,35.4447597],[139.6491941,35.4448056],[139.6491673,35.4447805],[139.6490224,35.4448851]]]}},{"type":"Feature","id":172117888,"properties":{"id":"172117888","name":"ミツヨシビル","building":"office","amenity":null,"shop":null,"height":null,"height_source":"unknown"},"geometry":{"type":"Polygon","coordinates":[[[139.6492762,35.4442953],[139.6494487,35.4441813],[139.6492923,35.4440242],[139.6491198,35.4441382],[139.6492762,35.4442953]]]}},{"type":"Feature","id":172117889,"properties":{"id":"172117889","name":null,"building":"yes","amenity":null,"shop":null,"height":null,"height_source":"unknown"},"geometry":{"type":"Polygon","coordinates":[[[139.6495179,35.4443757],[139.6496007,35.444321],[139.6494715,35.4441912],[139.6493887,35.4442459],[139.6495179,35.4443757]]]}},{"type":"Feature","id":172117890,"properties":{"id":"172117890","name":null,"building":"yes","amenity":null,"shop":null,"height":null,"height_source":"unknown"},"geometry":{"type":"Polygon","coordinates":[[[139.6490866,35.4444182],[139.6492569,35.4443057],[139.6491283,35.4441765],[139.648958,35.444289],[139.6490866,35.4444182]]]}},{"type":"Feature","id":172117895,"properties":{"id":"172117895","name":null,"building":"yes","amenity":null,"shop":null,"height":null,"height_source":"unknown"},"geometry":{"type":"Polygon","coordinates":[[[139.6493122,35.4444854],[139.6494862,35.4443704],[139.64937,35.4442537],[139.649196,35.4443687],[139.6493122,35.4444854]]]}},{"type":"Feature","id":172117896,"properties":{"id":"172117896","name":null,"building":"yes","amenity":null,"shop":null,"height":null,"height_source":"unknown"},"geometry":{"type":"Polygon","coordinates":[[[139.6490947,35.4444354],[139.6492127,35.444554],[139.6493062,35.4444922],[139.6491882,35.4443736],[139.6490947,35.4444354]]]}},{"type":"Feature","id":172241228,"properties":{"id":"172241228","name":null,"building":"yes","amenity":null,"shop":null,"height":26.4,"height_source":"OSM height tag"},"geometry":{"type":"Polygon","coordinates":[[[139.6479111,35.4404987],[139.6479811,35.4405312],[139.6481069,35.4403527],[139.648035,35.4403192],[139.6479111,35.4404987]]]}},{"type":"Feature","id":172241229,"properties":{"id":"172241229","name":null,"building":"yes","amenity":null,"shop":null,"height":null,"height_source":"unknown"},"geometry":{"type":"Polygon","coordinates":[[[139.6478648,35.4396156],[139.6481456,35.4396831],[139.6481727,35.4396132],[139.6478879,35.4395468],[139.6478648,35.4396156]]]}},{"type":"Feature","id":172241230,"properties":{"id":"172241230","name":null,"building":"yes","amenity":null,"shop":null,"height":null,"height_source":"unknown"},"geometry":{"type":"Polygon","coordinates":[[[139.64978,35.439851],[139.6498896,35.4398398],[139.649883,35.4397968],[139.6497734,35.4398081],[139.64978,35.439851]]]}},{"type":"Feature","id":172241239,"properties":{"id":"172241239","name":null,"building":"yes","amenity":null,"shop":null,"height":null,"height_source":"unknown"},"geometry":{"type":"Polygon","coordinates":[[[139.6481252,35.4399025],[139.6481792,35.4399281],[139.6482588,35.4398164],[139.6482049,35.4397909],[139.6481252,35.4399025]]]}},{"type":"Feature","id":172241240,"properties":{"id":"172241240","name":null,"building":"yes","amenity":null,"shop":null,"height":null,"height_source":"unknown"},"geometry":{"type":"Polygon","coordinates":[[[139.6495191,35.4405032],[139.6497067,35.4405721],[139.6497533,35.4404879],[139.6495657,35.440419],[139.6495191,35.4405032]]]}},{"type":"Feature","id":172241245,"properties":{"id":"172241245","name":null,"building":"yes","amenity":null,"shop":null,"height":null,"height_source":"unknown"},"geometry":{"type":"Polygon","coordinates":[[[139.6480785,35.4395564],[139.6481893,35.4395686],[139.6482134,35.4394224],[139.6481026,35.4394102],[139.6480785,35.4395564]]]}},{"type":"Feature","id":172241246,"properties":{"id":"172241246","name":null,"building":"yes","amenity":null,"shop":null,"height":null,"height_source":"unknown"},"geometry":{"type":"Polygon","coordinates":[[[139.6489919,35.439938],[139.6491074,35.4398337],[139.649028,35.4397754],[139.6489126,35.4398797],[139.6489919,35.439938]]]}},{"type":"Feature","id":172241247,"properties":{"id":"172241247","name":null,"building":"yes","amenity":null,"shop":null,"height":null,"height_source":"unknown"},"geometry":{"type":"Polygon","coordinates":[[[139.6498175,35.4400554],[139.6498515,35.4400583],[139.6498501,35.4400179],[139.6498172,35.4400202],[139.6498175,35.4400554]]]}},{"type":"Feature","id":172241248,"properties":{"id":"172241248","name":null,"building":"yes","amenity":null,"shop":null,"height":null,"height_source":"unknown"},"geometry":{"type":"Polygon","coordinates":[[[139.6495557,35.4403208],[139.649693,35.4403458],[139.6497137,35.4402699],[139.6495765,35.440245],[139.6495557,35.4403208]]]}},{"type":"Feature","id":172241250,"properties":{"id":"172241250","name":null,"building":"yes","amenity":null,"shop":null,"height":null,"height_source":"unknown"},"geometry":{"type":"Polygon","coordinates":[[[139.6478494,35.4396704],[139.6479464,35.4396921],[139.6479611,35.4396485],[139.647864,35.4396269],[139.6478494,35.4396704]]]}},{"type":"Feature","id":172241252,"properties":{"id":"172241252","name":"百段館","building":"yes","amenity":null,"shop":null,"height":24.8,"height_source":"OSM height tag"},"geometry":{"type":"Polygon","coordinates":[[[139.6485323,35.4407445],[139.6486415,35.4405907],[139.6485507,35.440548],[139.6484416,35.4407018],[139.6485323,35.4407445]]]}},{"type":"Feature","id":172241257,"properties":{"id":"172241257","name":null,"building":"yes","amenity":null,"shop":null,"height":23.4,"height_source":"OSM height tag"},"geometry":{"type":"Polygon","coordinates":[[[139.6475263,35.4403138],[139.6475693,35.4403347],[139.6477032,35.4401524],[139.6476602,35.4401314],[139.6475263,35.4403138]]]}},{"type":"Feature","id":172241258,"properties":{"id":"172241258","name":null,"building":"yes","amenity":null,"shop":null,"height":null,"height_source":"unknown"},"geometry":{"type":"Polygon","coordinates":[[[139.6480704,35.4390278],[139.6481477,35.4390317],[139.6481536,35.4389537],[139.6480763,35.4389498],[139.6480704,35.4390278]]]}},{"type":"Feature","id":172241266,"properties":{"id":"172241266","name":null,"building":"yes","amenity":null,"shop":null,"height":null,"height_source":"unknown"},"geometry":{"type":"Polygon","coordinates":[[[139.6480004,35.4397573],[139.648065,35.4397859],[139.6480916,35.4397461],[139.648027,35.4397175],[139.6480004,35.4397573]]]}},{"type":"Feature","id":172241268,"properties":{"id":"172241268","name":null,"building":"yes","amenity":null,"shop":null,"height":null,"height_source":"unknown"},"geometry":{"type":"Polygon","coordinates":[[[139.6490442,35.4403147],[139.649238,35.4403818],[139.6492956,35.4402713],[139.6491018,35.4402043],[139.6490442,35.4403147]]]}},{"type":"Feature","id":172241270,"properties":{"id":"172241270","name":null,"building":"yes","amenity":null,"shop":null,"height":null,"height_source":"unknown"},"geometry":{"type":"Polygon","coordinates":[[[139.6492543,35.4398911],[139.6493517,35.4400014],[139.6494217,35.4399604],[139.6493243,35.4398501],[139.6492543,35.4398911]]]}},{"type":"Feature","id":172241272,"properties":{"id":"172241272","name":null,"building":"yes","amenity":null,"shop":null,"height":null,"height_source":"unknown"},"geometry":{"type":"Polygon","coordinates":[[[139.6482799,35.4399808],[139.6484173,35.44005],[139.6484824,35.4399641],[139.648345,35.4398949],[139.6482799,35.4399808]]]}},{"type":"Feature","id":172241274,"properties":{"id":"172241274","name":null,"building":"yes","amenity":null,"shop":null,"height":16.0,"height_source":"OSM height tag"},"geometry":{"type":"Polygon","coordinates":[[[139.6479917,35.4405316],[139.6481303,35.4405959],[139.648251,35.4404231],[139.6481123,35.4403588],[139.6479917,35.4405316]]]}},{"type":"Feature","id":172241277,"properties":{"id":"172241277","name":null,"building":"yes","amenity":null,"shop":null,"height":null,"height_source":"unknown"},"geometry":{"type":"Polygon","coordinates":[[[139.6478962,35.4394473],[139.6479922,35.4394571],[139.6480007,35.4394021],[139.6479047,35.4393923],[139.6478962,35.4394473]]]}},{"type":"Feature","id":172241278,"properties":{"id":"172241278","name":null,"building":"yes","amenity":null,"shop":null,"height":null,"height_source":"unknown"},"geometry":{"type":"Polygon","coordinates":[[[139.6478925,35.4395287],[139.6480242,35.4395581],[139.6480427,35.439503],[139.647911,35.4394736],[139.6478925,35.4395287]]]}},{"type":"Feature","id":172241280,"properties":{"id":"172241280","name":null,"building":"yes","amenity":null,"shop":null,"height":10.3,"height_source":"OSM height tag"},"geometry":{"type":"Polygon","coordinates":[[[139.6483545,35.4407341],[139.6483986,35.4407549],[139.6484609,35.4406671],[139.6484168,35.4406463],[139.6483545,35.4407341]]]}},{"type":"Feature","id":172241282,"properties":{"id":"172241282","name":null,"building":"yes","amenity":null,"shop":null,"height":null,"height_source":"unknown"},"geometry":{"type":"Polygon","coordinates":[[[139.6497073,35.4400541],[139.6497783,35.4400522],[139.6497748,35.4399647],[139.6497039,35.4399666],[139.6497073,35.4400541]]]}},{"type":"Feature","id":172241284,"properties":{"id":"172241284","name":null,"building":"yes","amenity":null,"shop":null,"height":null,"height_source":"unknown"},"geometry":{"type":"Polygon","coordinates":[[[139.6495125,35.4403979],[139.6497337,35.4404434],[139.6497485,35.4403958],[139.6495273,35.4403502],[139.6495125,35.4403979]]]}},{"type":"Feature","id":172241295,"properties":{"id":"172241295","name":null,"building":"yes","amenity":null,"shop":null,"height":null,"height_source":"unknown"},"geometry":{"type":"Polygon","coordinates":[[[139.6478933,35.4393802],[139.6480369,35.4393957],[139.6480447,35.4393479],[139.6479011,35.4393324],[139.6478933,35.4393802]]]}},{"type":"Feature","id":172241297,"properties":{"id":"172241297","name":null,"building":"yes","amenity":null,"shop":null,"height":null,"height_source":"unknown"},"geometry":{"type":"Polygon","coordinates":[[[139.6479332,35.4398212],[139.647993,35.4397324],[139.6479467,35.4397117],[139.6478869,35.4398005],[139.6479332,35.4398212]]]}},{"type":"Feature","id":172241298,"properties":{"id":"172241298","name":null,"building":"yes","amenity":null,"shop":null,"height":null,"height_source":"unknown"},"geometry":{"type":"Polygon","coordinates":[[[139.6497568,35.4397654],[139.6498697,35.4397538],[139.6498643,35.4397189],[139.6497514,35.4397305],[139.6497568,35.4397654]]]}},{"type":"Feature","id":172241300,"properties":{"id":"172241300","name":null,"building":"yes","amenity":null,"shop":null,"height":8.2,"height_source":"OSM height tag"},"geometry":{"type":"Polygon","coordinates":[[[139.6475784,35.4403358],[139.6476523,35.4403718],[139.647718,35.4402823],[139.6476441,35.4402463],[139.6475784,35.4403358]]]}},{"type":"Feature","id":172241302,"properties":{"id":"172241302","name":null,"building":"yes","amenity":null,"shop":null,"height":null,"height_source":"unknown"},"geometry":{"type":"Polygon","coordinates":[[[139.647941,35.4391056],[139.648101,35.4391366],[139.6481184,35.439077],[139.6479584,35.439046],[139.647941,35.4391056]]]}},{"type":"Feature","id":172241304,"properties":{"id":"172241304","name":null,"building":"yes","amenity":null,"shop":null,"height":null,"height_source":"unknown"},"geometry":{"type":"Polygon","coordinates":[[[139.6478809,35.4397926],[139.6479438,35.4396991],[139.647848,35.439679],[139.647827,35.439765],[139.6478809,35.4397926]]]}},{"type":"Feature","id":172241309,"properties":{"id":"172241309","name":null,"building":"yes","amenity":null,"shop":null,"height":10.5,"height_source":"OSM height tag"},"geometry":{"type":"Polygon","coordinates":[[[139.6482985,35.4407049],[139.6483514,35.4407298],[139.6484086,35.4406493],[139.6483557,35.4406243],[139.6482985,35.4407049]]]}},{"type":"Feature","id":172241310,"properties":{"id":"172241310","name":null,"building":"yes","amenity":null,"shop":null,"height":null,"height_source":"unknown"},"geometry":{"type":"Polygon","coordinates":[[[139.6481057,35.4398965],[139.6481398,35.4398503],[139.648077,35.4398196],[139.6480429,35.4398658],[139.6481057,35.4398965]]]}},{"type":"Feature","id":172241311,"properties":{"id":"172241311","name":null,"building":"yes","amenity":null,"shop":null,"height":10.5,"height_source":"OSM height tag"},"geometry":{"type":"Polygon","coordinates":[[[139.6482988,35.4405419],[139.6483308,35.4405569],[139.6483857,35.4404796],[139.6483537,35.4404645],[139.6482988,35.4405419]]]}},{"type":"Feature","id":172241312,"properties":{"id":"172241312","name":null,"building":"yes","amenity":null,"shop":null,"height":14.9,"height_source":"OSM height tag"},"geometry":{"type":"Polygon","coordinates":[[[139.647471,35.4402782],[139.6475261,35.440305],[139.6475835,35.4402268],[139.6475284,35.4401999],[139.647471,35.4402782]]]}},{"type":"Feature","id":172241324,"properties":{"id":"172241324","name":null,"building":"yes","amenity":null,"shop":null,"height":null,"height_source":"unknown"},"geometry":{"type":"Polygon","coordinates":[[[139.6479852,35.4390139],[139.6480483,35.4390213],[139.6480634,35.4389358],[139.6480003,35.4389284],[139.6479852,35.4390139]]]}},{"type":"Feature","id":172241328,"properties":{"id":"172241328","name":null,"building":"yes","amenity":null,"shop":null,"height":null,"height_source":"unknown"},"geometry":{"type":"Polygon","coordinates":[[[139.6498109,35.440255],[139.6498118,35.4401533],[139.6497215,35.4401528],[139.6497206,35.4402544],[139.6498109,35.440255]]]}},{"type":"Feature","id":172241329,"properties":{"id":"172241329","name":null,"building":"yes","amenity":null,"shop":null,"height":10.6,"height_source":"OSM height tag"},"geometry":{"type":"Polygon","coordinates":[[[139.6482409,35.4405298],[139.6482872,35.4405516],[139.6483471,35.4404672],[139.6483008,35.4404454],[139.6482409,35.4405298]]]}},{"type":"Feature","id":172241330,"properties":{"id":"172241330","name":null,"building":"yes","amenity":null,"shop":null,"height":null,"height_source":"unknown"},"geometry":{"type":"Polygon","coordinates":[[[139.6480164,35.4397085],[139.6481004,35.4397452],[139.648128,35.4397031],[139.6480441,35.4396665],[139.6480164,35.4397085]]]}},{"type":"Feature","id":172241331,"properties":{"id":"172241331","name":null,"building":"yes","amenity":null,"shop":null,"height":null,"height_source":"unknown"},"geometry":{"type":"Polygon","coordinates":[[[139.6490116,35.4403337],[139.6490965,35.4401487],[139.648995,35.4401152],[139.6489098,35.4402995],[139.6489482,35.4403115],[139.6489431,35.4403219],[139.6489943,35.4403402],[139.6490116,35.4403337]]]}},{"type":"Feature","id":172241333,"properties":{"id":"172241333","name":null,"building":"yes","amenity":null,"shop":null,"height":null,"height_source":"unknown"},"geometry":{"type":"Polygon","coordinates":[[[139.6482662,35.4399804],[139.6483678,35.4398379],[139.6482825,35.4397976],[139.648181,35.43994],[139.6482662,35.4399804]]]}},{"type":"Feature","id":172241335,"properties":{"id":"172241335","name":null,"building":"yes","amenity":null,"shop":null,"height":22.3,"height_source":"OSM height tag"},"geometry":{"type":"Polygon","coordinates":[[[139.6477675,35.440427],[139.6478929,35.4402561],[139.6477942,35.440208],[139.6476687,35.4403789],[139.6477675,35.440427]]]}},{"type":"Feature","id":172241339,"properties":{"id":"172241339","name":null,"building":"yes","amenity":null,"shop":null,"height":null,"height_source":"unknown"},"geometry":{"type":"Polygon","coordinates":[[[139.6493335,35.4403969],[139.6494451,35.440432],[139.6495031,35.4403094],[139.6493915,35.4402743],[139.6493335,35.4403969]]]}},{"type":"Feature","id":172241340,"properties":{"id":"172241340","name":null,"building":"yes","amenity":null,"shop":null,"height":null,"height_source":"unknown"},"geometry":{"type":"Polygon","coordinates":[[[139.648001,35.4394658],[139.6480868,35.4394752],[139.6480976,35.4394103],[139.6480118,35.4394009],[139.648001,35.4394658]]]}},{"type":"Feature","id":172241341,"properties":{"id":"172241341","name":null,"building":"yes","amenity":null,"shop":null,"height":14.4,"height_source":"OSM height tag"},"geometry":{"type":"Polygon","coordinates":[[[139.6483781,35.4406018],[139.6484733,35.4406467],[139.6485414,35.4405507],[139.6484463,35.4405059],[139.6483781,35.4406018]]]}},{"type":"Feature","id":172241349,"properties":{"id":"172241349","name":null,"building":"yes","amenity":null,"shop":null,"height":null,"height_source":"unknown"},"geometry":{"type":"Polygon","coordinates":[[[139.649793,35.4398894],[139.6498943,35.439879],[139.6498887,35.4398424],[139.6497874,35.4398527],[139.649793,35.4398894]]]}},{"type":"Feature","id":172241352,"properties":{"id":"172241352","name":null,"building":"yes","amenity":null,"shop":null,"height":18.3,"height_source":"OSM height tag"},"geometry":{"type":"Polygon","coordinates":[[[139.6477879,35.4404374],[139.6479022,35.4404903],[139.6480266,35.4403121],[139.6479123,35.4402592],[139.6477879,35.4404374]]]}},{"type":"Feature","id":172241354,"properties":{"id":"172241354","name":null,"building":"yes","amenity":null,"shop":null,"height":null,"height_source":"unknown"},"geometry":{"type":"Polygon","coordinates":[[[139.6479494,35.4397035],[139.6480004,35.4397175],[139.6480201,35.4396697],[139.6479691,35.4396557],[139.6479494,35.4397035]]]}},{"type":"Feature","id":172241356,"properties":{"id":"172241356","name":null,"building":"yes","amenity":null,"shop":null,"height":7.3,"height_source":"OSM height tag"},"geometry":{"type":"Polygon","coordinates":[[[139.6484161,35.4407683],[139.6484869,35.4408042],[139.6485249,35.4407545],[139.6484541,35.4407186],[139.6484161,35.4407683]]]}},{"type":"Feature","id":172241358,"properties":{"id":"172241358","name":null,"building":"yes","amenity":null,"shop":null,"height":null,"height_source":"unknown"},"geometry":{"type":"Polygon","coordinates":[[[139.6497564,35.4396898],[139.6498569,35.4396795],[139.6498515,35.4396449],[139.6497511,35.4396552],[139.6497564,35.4396898]]]}},{"type":"Feature","id":172241361,"properties":{"id":"172241361","name":null,"building":"yes","amenity":null,"shop":null,"height":null,"height_source":"unknown"},"geometry":{"type":"Polygon","coordinates":[[[139.6497525,35.4397277],[139.6498607,35.4397166],[139.6498558,35.4396844],[139.6497475,35.4396955],[139.6497525,35.4397277]]]}},{"type":"Feature","id":172241363,"properties":{"id":"172241363","name":null,"building":"yes","amenity":null,"shop":null,"height":null,"height_source":"unknown"},"geometry":{"type":"Polygon","coordinates":[[[139.6496485,35.4400635],[139.6496924,35.4400632],[139.6496897,35.4399818],[139.6496442,35.4399812],[139.6496485,35.4400635]]]}},{"type":"Feature","id":172241366,"properties":{"id":"172241366","name":null,"building":"yes","amenity":null,"shop":null,"height":12.1,"height_source":"OSM height tag"},"geometry":{"type":"Polygon","coordinates":[[[139.6476472,35.4402409],[139.6477247,35.4402787],[139.6477894,35.4401906],[139.6477119,35.4401529],[139.6476472,35.4402409]]]}},{"type":"Feature","id":172241367,"properties":{"id":"172241367","name":null,"building":"yes","amenity":null,"shop":null,"height":null,"height_source":"unknown"},"geometry":{"type":"Polygon","coordinates":[[[139.647659,35.4392209],[139.6477672,35.4392493],[139.6478419,35.4390602],[139.6477337,35.4390318],[139.647659,35.4392209]]]}},{"type":"Feature","id":172241369,"properties":{"id":"172241369","name":null,"building":"yes","amenity":null,"shop":null,"height":null,"height_source":"unknown"},"geometry":{"type":"Polygon","coordinates":[[[139.6497001,35.4403742],[139.6497854,35.4403925],[139.6498042,35.4403345],[139.6497189,35.4403162],[139.6497001,35.4403742]]]}},{"type":"Feature","id":172241380,"properties":{"id":"172241380","name":null,"building":"yes","amenity":null,"shop":null,"height":null,"height_source":"unknown"},"geometry":{"type":"Polygon","coordinates":[[[139.6479064,35.4393118],[139.6480258,35.4393193],[139.6480321,35.4392516],[139.6479128,35.4392441],[139.6479064,35.4393118]]]}},{"type":"Feature","id":172241381,"properties":{"id":"172241381","name":null,"building":"yes","amenity":null,"shop":null,"height":null,"height_source":"unknown"},"geometry":{"type":"Polygon","coordinates":[[[139.6479939,35.4398434],[139.6480404,35.4397841],[139.6479919,35.4397588],[139.6479454,35.4398181],[139.6479939,35.4398434]]]}},{"type":"Feature","id":172241382,"properties":{"id":"172241382","name":null,"building":"yes","amenity":null,"shop":null,"height":null,"height_source":"unknown"},"geometry":{"type":"Polygon","coordinates":[[[139.6484293,35.440067],[139.6485939,35.4401479],[139.6486601,35.4400586],[139.6484955,35.4399776],[139.6484293,35.440067]]]}},{"type":"Feature","id":172241383,"properties":{"id":"172241383","name":null,"building":"yes","amenity":null,"shop":null,"height":null,"height_source":"unknown"},"geometry":{"type":"Polygon","coordinates":[[[139.6492482,35.4403884],[139.6493196,35.4404114],[139.6493796,35.4402877],[139.6493082,35.4402647],[139.6492482,35.4403884]]]}},{"type":"Feature","id":172241385,"properties":{"id":"172241385","name":null,"building":"yes","amenity":null,"shop":null,"height":null,"height_source":"unknown"},"geometry":{"type":"Polygon","coordinates":[[[139.6498074,35.4400057],[139.6499011,35.4400021],[139.6499024,35.4399186],[139.6497969,35.4399367],[139.6498074,35.4400057]]]}},{"type":"Feature","id":172241386,"properties":{"id":"172241386","name":null,"building":"yes","amenity":null,"shop":null,"height":10.1,"height_source":"OSM height tag"},"geometry":{"type":"Polygon","coordinates":[[[139.6475353,35.4401964],[139.6475863,35.4402212],[139.6476549,35.4401277],[139.6476039,35.4401029],[139.6475353,35.4401964]]]}},{"type":"Feature","id":172241387,"properties":{"id":"172241387","name":null,"building":"yes","amenity":null,"shop":null,"height":25.8,"height_source":"OSM height tag"},"geometry":{"type":"Polygon","coordinates":[[[139.6482348,35.4405327],[139.6482968,35.4404454],[139.6482547,35.4404255],[139.6481262,35.4406066],[139.6482062,35.4406443],[139.6482727,35.4405506],[139.6482348,35.4405327]]]}},{"type":"Feature","id":172241388,"properties":{"id":"172241388","name":null,"building":"yes","amenity":null,"shop":null,"height":25.6,"height_source":"OSM height tag"},"geometry":{"type":"Polygon","coordinates":[[[139.6483291,35.4405651],[139.648292,35.4405477],[139.6482088,35.4406649],[139.6482916,35.4407039],[139.6483748,35.4405867],[139.6484324,35.4405056],[139.6483866,35.440484],[139.6483291,35.4405651]]]}},{"type":"Feature","id":172241389,"properties":{"id":"172241389","name":null,"building":"yes","amenity":null,"shop":null,"height":null,"height_source":"unknown"},"geometry":{"type":"Polygon","coordinates":[[[139.6480791,35.4392678],[139.6480501,35.4392648],[139.6480402,35.4393295],[139.6482185,35.4393476],[139.6482285,35.439283],[139.6481907,35.4392791],[139.6481956,35.4392472],[139.648084,35.4392358],[139.6480791,35.4392678]]]}},{"type":"Feature","id":172530693,"properties":{"id":"172530693","name":"神奈川県横浜合同庁舎","building":"public","amenity":null,"shop":null,"height":23.2,"height_source":"OSM height tag"},"geometry":{"type":"Polygon","coordinates":[[[139.649868,35.4440965],[139.6496913,35.4439188],[139.6495301,35.4440251],[139.6495758,35.444071],[139.6495973,35.4440927],[139.6496187,35.4441142],[139.6497068,35.4442028],[139.649868,35.4440965]]]}},{"type":"Feature","id":172624173,"properties":{"id":"172624173","name":null,"building":"toilets","amenity":null,"shop":null,"height":null,"height_source":"unknown"},"geometry":{"type":"Polygon","coordinates":[[[139.6518238,35.4441261],[139.6518498,35.4440805],[139.651987,35.4441248],[139.6519659,35.4441599],[139.6519861,35.4441989],[139.6518531,35.4442518],[139.6518531,35.4441858],[139.6518531,35.4441341],[139.6518238,35.4441261]]]}},{"type":"Feature","id":205604299,"properties":{"id":"205604299","name":"Christ Church","building":"yes","amenity":"place_of_worship","shop":null,"height":null,"height_source":"unknown"},"geometry":{"type":"Polygon","coordinates":[[[139.6524725,35.438092],[139.652511,35.4381421],[139.65265,35.4380712],[139.6525014,35.4378779],[139.6523625,35.4379487],[139.6524035,35.4380021],[139.6523335,35.4380378],[139.6523484,35.4380571],[139.6522943,35.4380847],[139.6523322,35.4381341],[139.6523863,35.4381065],[139.6524026,35.4381277],[139.6524725,35.438092]]]}},{"type":"Feature","id":205604300,"properties":{"id":"205604300","name":null,"building":"yes","amenity":null,"shop":null,"height":null,"height_source":"unknown"},"geometry":{"type":"Polygon","coordinates":[[[139.6530129,35.4387146],[139.6530396,35.4387318],[139.6530246,35.4387472],[139.6531084,35.4388015],[139.6531768,35.4387314],[139.653093,35.4386771],[139.6530815,35.4386889],[139.6530548,35.4386716],[139.6530629,35.4386633],[139.6530098,35.4386289],[139.6529544,35.4386856],[139.6530075,35.4387201],[139.6530129,35.4387146]]]}},{"type":"Feature","id":205604303,"properties":{"id":"205604303","name":"山手十番館","building":"yes","amenity":"restaurant","shop":null,"height":null,"height_source":"unknown"},"geometry":{"type":"Polygon","coordinates":[[[139.6526047,35.4388754],[139.6526145,35.4388752],[139.6526328,35.4388518],[139.6526325,35.4387803],[139.6525716,35.4387819],[139.6525723,35.4388001],[139.6525239,35.4388014],[139.6525277,35.4388966],[139.6525393,35.4388963],[139.6525405,35.4389256],[139.6525806,35.4389245],[139.6525795,35.4388952],[139.6526054,35.4388945],[139.6526047,35.4388754]]]}},{"type":"Feature","id":205604304,"properties":{"id":"205604304","name":"横浜地方気象台","building":"public","amenity":null,"shop":null,"height":10.8,"height_source":"OSM height tag"},"geometry":{"type":"Polygon","coordinates":[[[139.6528634,35.4399451],[139.6527887,35.4399859],[139.6527359,35.4399239],[139.6526358,35.4399788],[139.6526128,35.4399522],[139.6524514,35.4400423],[139.6525832,35.4401982],[139.6528461,35.4400534],[139.6528154,35.4400165],[139.6529266,35.4399532],[139.652945,35.4398483],[139.6529043,35.439842],[139.6529185,35.4397765],[139.6527882,35.4397565],[139.652762,35.4398764],[139.6527802,35.4398788],[139.652773,35.4399122],[139.6528094,35.4399186],[139.6528094,35.4399346],[139.6528634,35.4399451]]]}},{"type":"Feature","id":205604305,"properties":{"id":"205604305","name":"横浜外国人墓地資料館","building":"yes","amenity":null,"shop":null,"height":9.8,"height_source":"OSM height tag"},"geometry":{"type":"Polygon","coordinates":[[[139.6523447,35.4395779],[139.6523517,35.4395832],[139.6523628,35.4395874],[139.6523762,35.4395891],[139.652385,35.4395879],[139.6523956,35.4395819],[139.6523989,35.4395745],[139.652414,35.4395782],[139.6524412,35.4395037],[139.6524356,35.4394941],[139.652429,35.4394853],[139.6524198,35.4394778],[139.6524064,35.4394734],[139.6523844,35.4394734],[139.6523705,35.4394767],[139.6523548,35.4394827],[139.6523276,35.4395572],[139.6523424,35.439561],[139.6523391,35.4395717],[139.6523447,35.4395779]]]}},{"type":"Feature","id":205604306,"properties":{"id":"205604306","name":null,"building":"yes","amenity":null,"shop":null,"height":null,"height_source":"unknown"},"geometry":{"type":"Polygon","coordinates":[[[139.6532747,35.4379127],[139.6533621,35.4379289],[139.6533848,35.4378474],[139.6533752,35.4377946],[139.6533615,35.4377922],[139.6533621,35.4377692],[139.6532565,35.4377496],[139.6532369,35.4378201],[139.65319,35.4378114],[139.6531709,35.4378802],[139.6531284,35.4378723],[139.6531115,35.437933],[139.6530614,35.4379237],[139.6530436,35.4379879],[139.6529923,35.4379784],[139.6529743,35.4380429],[139.6531845,35.4380817],[139.653215,35.4379723],[139.653256,35.4379799],[139.6532747,35.4379127]]]}},{"type":"Feature","id":205604308,"properties":{"id":"205604308","name":null,"building":"yes","amenity":null,"shop":null,"height":null,"height_source":"unknown"},"geometry":{"type":"Polygon","coordinates":[[[139.6528628,35.4387404],[139.6528329,35.4387182],[139.652799,35.4387485],[139.6528375,35.4387771],[139.6528225,35.4387904],[139.6528537,35.4388136],[139.6528686,35.4388003],[139.652932,35.4388474],[139.6529422,35.4388383],[139.6530002,35.4388808],[139.6530414,35.4388441],[139.6530109,35.4388214],[139.6530084,35.4388237],[139.6529832,35.438805],[139.6529933,35.4387961],[139.6529634,35.4387739],[139.6529534,35.4387828],[139.6529179,35.4387564],[139.652929,35.4387465],[139.6528978,35.4387233],[139.6528867,35.4387331],[139.6528781,35.4387268],[139.6528628,35.4387404]]]}},{"type":"Feature","id":205604317,"properties":{"id":"205604317","name":null,"building":"yes","amenity":null,"shop":null,"height":null,"height_source":"unknown"},"geometry":{"type":"Polygon","coordinates":[[[139.6527132,35.4388535],[139.6528791,35.4389611],[139.6529328,35.4389061],[139.6527669,35.4387985],[139.6527132,35.4388535]]]}},{"type":"Feature","id":205604324,"properties":{"id":"205604324","name":null,"building":"yes","amenity":null,"shop":null,"height":null,"height_source":"unknown"},"geometry":{"type":"Polygon","coordinates":[[[139.6517317,35.4390161],[139.6518049,35.4389142],[139.6517421,35.4388842],[139.6516688,35.4389861],[139.6517317,35.4390161]]]}},{"type":"Feature","id":205604326,"properties":{"id":"205604326","name":null,"building":"yes","amenity":null,"shop":null,"height":null,"height_source":"unknown"},"geometry":{"type":"Polygon","coordinates":[[[139.6529951,35.438593],[139.6531095,35.4386671],[139.6531673,35.4386079],[139.6530432,35.438527],[139.6529951,35.438593]]]}},{"type":"Feature","id":205604345,"properties":{"id":"205604345","name":null,"building":"yes","amenity":null,"shop":null,"height":null,"height_source":"unknown"},"geometry":{"type":"Polygon","coordinates":[[[139.6515039,35.4391139],[139.6515959,35.4391148],[139.6515964,35.4390764],[139.6515045,35.4390755],[139.6515039,35.4391139]]]}},{"type":"Feature","id":205604401,"properties":{"id":"205604401","name":null,"building":"house","amenity":null,"shop":null,"height":null,"height_source":"unknown"},"geometry":{"type":"Polygon","coordinates":[[[139.652601,35.4384065],[139.6526773,35.4384384],[139.6527115,35.4383839],[139.6526353,35.4383521],[139.652601,35.4384065]]]}},{"type":"Feature","id":205604415,"properties":{"id":"205604415","name":null,"building":"house","amenity":null,"shop":null,"height":null,"height_source":"unknown"},"geometry":{"type":"Polygon","coordinates":[[[139.6526978,35.4384838],[139.6527792,35.4385238],[139.6528521,35.4384254],[139.6527707,35.4383854],[139.6526978,35.4384838]]]}},{"type":"Feature","id":205604421,"properties":{"id":"205604421","name":null,"building":"yes","amenity":null,"shop":null,"height":null,"height_source":"unknown"},"geometry":{"type":"Polygon","coordinates":[[[139.6514956,35.4390709],[139.6515269,35.4390712],[139.6515274,35.4390372],[139.6514961,35.4390369],[139.6514956,35.4390709]]]}},{"type":"Feature","id":205604424,"properties":{"id":"205604424","name":null,"building":"yes","amenity":null,"shop":null,"height":null,"height_source":"unknown"},"geometry":{"type":"Polygon","coordinates":[[[139.6516346,35.4389295],[139.6516844,35.4389532],[139.6517447,35.4388691],[139.6516948,35.4388454],[139.6516346,35.4389295]]]}},{"type":"Feature","id":205604425,"properties":{"id":"205604425","name":null,"building":"yes","amenity":null,"shop":null,"height":null,"height_source":"unknown"},"geometry":{"type":"Polygon","coordinates":[[[139.6526658,35.4380198],[139.6527077,35.4380522],[139.6527305,35.4380326],[139.6526887,35.4380002],[139.6526658,35.4380198]]]}},{"type":"Feature","id":205604438,"properties":{"id":"205604438","name":null,"building":"yes","amenity":null,"shop":null,"height":null,"height_source":"unknown"},"geometry":{"type":"Polygon","coordinates":[[[139.6529197,35.4381344],[139.6530447,35.4382319],[139.6531113,35.4381797],[139.6529577,35.4380592],[139.6528973,35.4380996],[139.6529288,35.4381237],[139.6529197,35.4381344]]]}},{"type":"Feature","id":205604441,"properties":{"id":"205604441","name":null,"building":"yes","amenity":null,"shop":null,"height":null,"height_source":"unknown"},"geometry":{"type":"Polygon","coordinates":[[[139.6530129,35.4385379],[139.6529412,35.4385041],[139.6528605,35.4386176],[139.6528813,35.4386275],[139.6528722,35.4386404],[139.6529231,35.4386644],[139.6530129,35.4385379]]]}},{"type":"Feature","id":205604450,"properties":{"id":"205604450","name":null,"building":"yes","amenity":null,"shop":null,"height":null,"height_source":"unknown"},"geometry":{"type":"Polygon","coordinates":[[[139.6526637,35.4379748],[139.6527092,35.4380102],[139.6527724,35.4379563],[139.6527682,35.4379531],[139.6528506,35.4378828],[139.6527826,35.4378299],[139.6526943,35.4379052],[139.652721,35.437926],[139.6526637,35.4379748]]]}},{"type":"Feature","id":205604451,"properties":{"id":"205604451","name":null,"building":"yes","amenity":null,"shop":null,"height":null,"height_source":"unknown"},"geometry":{"type":"Polygon","coordinates":[[[139.65288,35.4383484],[139.6528924,35.4383529],[139.652918,35.4383061],[139.652687,35.4382222],[139.6526624,35.4382673],[139.6526199,35.4382519],[139.6525951,35.4382971],[139.6528562,35.4383919],[139.65288,35.4383484]]]}},{"type":"Feature","id":205604452,"properties":{"id":"205604452","name":null,"building":"yes","amenity":null,"shop":null,"height":null,"height_source":"unknown"},"geometry":{"type":"Polygon","coordinates":[[[139.6528371,35.4389612],[139.6526876,35.4388681],[139.6526432,35.4389153],[139.6526628,35.4389275],[139.6526204,35.4389728],[139.6526514,35.4389921],[139.6526158,35.43903],[139.6527148,35.4390916],[139.6528371,35.4389612]]]}},{"type":"Feature","id":205604454,"properties":{"id":"205604454","name":null,"building":"yes","amenity":null,"shop":null,"height":null,"height_source":"unknown"},"geometry":{"type":"Polygon","coordinates":[[[139.6516052,35.4390996],[139.6516833,35.4391003],[139.6516838,35.4390715],[139.6516957,35.4390717],[139.6516965,35.4390208],[139.6516306,35.4390202],[139.6516307,35.4390135],[139.6516065,35.4390133],[139.6516052,35.4390996]]]}},{"type":"Feature","id":205604459,"properties":{"id":"205604459","name":null,"building":"yes","amenity":null,"shop":null,"height":null,"height_source":"unknown"},"geometry":{"type":"Polygon","coordinates":[[[139.6515704,35.4389883],[139.6516015,35.4390032],[139.6516074,35.4389949],[139.6516288,35.4390051],[139.6516505,35.4389749],[139.6515459,35.4389251],[139.651513,35.4389709],[139.6515651,35.4389957],[139.6515704,35.4389883]]]}},{"type":"Feature","id":205604460,"properties":{"id":"205604460","name":"カーネルスコーナーマンション","building":"yes","amenity":null,"shop":null,"height":null,"height_source":"unknown"},"geometry":{"type":"Polygon","coordinates":[[[139.6526444,35.4392663],[139.6527515,35.4391503],[139.6526933,35.4391146],[139.6525676,35.4390375],[139.6525483,35.4390585],[139.652571,35.4391457],[139.6526298,35.4391835],[139.6525861,35.4392306],[139.6526444,35.4392663]]]}},{"type":"Feature","id":205604463,"properties":{"id":"205604463","name":null,"building":"yes","amenity":null,"shop":null,"height":null,"height_source":"unknown"},"geometry":{"type":"Polygon","coordinates":[[[139.6515958,35.4388999],[139.6515904,35.4389073],[139.6516291,35.4389258],[139.6517105,35.4388122],[139.6516718,35.4387938],[139.6516334,35.4388475],[139.6516132,35.4388379],[139.6515756,35.4388903],[139.6515958,35.4388999]]]}},{"type":"Feature","id":205610613,"properties":{"id":"205610613","name":null,"building":"yes","amenity":null,"shop":null,"height":11.1,"height_source":"OSM height tag"},"geometry":{"type":"Polygon","coordinates":[[[139.6521553,35.4406037],[139.6521196,35.4405939],[139.6520932,35.4406577],[139.6521186,35.4406646],[139.6521013,35.4407064],[139.6521938,35.4407318],[139.6522204,35.4406676],[139.652208,35.4406642],[139.6522436,35.4405782],[139.6521738,35.440559],[139.6521553,35.4406037]]]}},{"type":"Feature","id":205610616,"properties":{"id":"205610616","name":null,"building":"yes","amenity":null,"shop":null,"height":null,"height_source":"unknown"},"geometry":{"type":"Polygon","coordinates":[[[139.6528562,35.4409694],[139.6529349,35.4410083],[139.6529411,35.441],[139.6530204,35.4410392],[139.6530455,35.4410054],[139.6530594,35.4410123],[139.6530995,35.4409584],[139.6530356,35.4409268],[139.6530126,35.4409578],[139.6529616,35.4409326],[139.6529565,35.4409395],[139.6529201,35.4409215],[139.6529045,35.4409423],[139.6528839,35.4409321],[139.6528562,35.4409694]]]}},{"type":"Feature","id":205610617,"properties":{"id":"205610617","name":null,"building":"yes","amenity":null,"shop":null,"height":12.4,"height_source":"OSM height tag"},"geometry":{"type":"Polygon","coordinates":[[[139.652256,35.4402547],[139.6523183,35.4402957],[139.6523548,35.4403191],[139.652367,35.4403071],[139.6523924,35.4403264],[139.6524254,35.4402955],[139.6524456,35.4403019],[139.6524301,35.4403083],[139.6524696,35.4403715],[139.6526373,35.440302],[139.6525979,35.4402388],[139.6525097,35.4402757],[139.6524958,35.4402596],[139.6524825,35.4402514],[139.6524639,35.4402467],[139.6524457,35.4402475],[139.6524545,35.4402386],[139.6523642,35.4401741],[139.6523213,35.440212],[139.652312,35.4402051],[139.652256,35.4402547]]]}},{"type":"Feature","id":205610619,"properties":{"id":"205610619","name":null,"building":"yes","amenity":null,"shop":null,"height":null,"height_source":"unknown"},"geometry":{"type":"Polygon","coordinates":[[[139.6520625,35.4415395],[139.652166,35.4415654],[139.6521918,35.441497],[139.6520883,35.4414711],[139.6520625,35.4415395]]]}},{"type":"Feature","id":205610623,"properties":{"id":"205610623","name":null,"building":"yes","amenity":null,"shop":null,"height":null,"height_source":"unknown"},"geometry":{"type":"Polygon","coordinates":[[[139.6526606,35.4407146],[139.6527244,35.4407441],[139.6527524,35.4407039],[139.6526886,35.4406744],[139.6526606,35.4407146]]]}},{"type":"Feature","id":205610624,"properties":{"id":"205610624","name":null,"building":"yes","amenity":null,"shop":null,"height":8.5,"height_source":"OSM height tag"},"geometry":{"type":"Polygon","coordinates":[[[139.65202,35.4414276],[139.6522048,35.4414739],[139.6522308,35.4414049],[139.652046,35.4413587],[139.65202,35.4414276]]]}},{"type":"Feature","id":205610625,"properties":{"id":"205610625","name":null,"building":"yes","amenity":null,"shop":null,"height":5.3,"height_source":"OSM height tag"},"geometry":{"type":"Polygon","coordinates":[[[139.6521686,35.4412537],[139.6522842,35.4412827],[139.6523049,35.4412277],[139.6521893,35.4411988],[139.6521686,35.4412537]]]}},{"type":"Feature","id":205610626,"properties":{"id":"205610626","name":null,"building":"yes","amenity":null,"shop":null,"height":null,"height_source":"unknown"},"geometry":{"type":"Polygon","coordinates":[[[139.6528108,35.4410322],[139.6529254,35.4410879],[139.6529626,35.4410372],[139.652848,35.4409814],[139.6528108,35.4410322]]]}},{"type":"Feature","id":205610633,"properties":{"id":"205610633","name":null,"building":"yes","amenity":null,"shop":null,"height":7.3,"height_source":"OSM height tag"},"geometry":{"type":"Polygon","coordinates":[[[139.652122,35.4411394],[139.6522749,35.4411776],[139.6522923,35.4411315],[139.6521393,35.4410933],[139.652122,35.4411394]]]}},{"type":"Feature","id":205610635,"properties":{"id":"205610635","name":null,"building":"yes","amenity":null,"shop":null,"height":11.8,"height_source":"OSM height tag"},"geometry":{"type":"Polygon","coordinates":[[[139.6523288,35.440683],[139.6524565,35.4407192],[139.6524831,35.4406568],[139.6523554,35.4406206],[139.6523288,35.440683]]]}},{"type":"Feature","id":205610636,"properties":{"id":"205610636","name":null,"building":"yes","amenity":null,"shop":null,"height":10.3,"height_source":"OSM height tag"},"geometry":{"type":"Polygon","coordinates":[[[139.6520312,35.4416533],[139.652152,35.4416835],[139.6521889,35.4415855],[139.6520681,35.4415553],[139.6520312,35.4416533]]]}},{"type":"Feature","id":205610638,"properties":{"id":"205610638","name":null,"building":"yes","amenity":null,"shop":null,"height":null,"height_source":"unknown"},"geometry":{"type":"Polygon","coordinates":[[[139.6524097,35.4413215],[139.6525409,35.4413641],[139.6525623,35.4413204],[139.6524311,35.4412778],[139.6524097,35.4413215]]]}},{"type":"Feature","id":205610639,"properties":{"id":"205610639","name":null,"building":"yes","amenity":null,"shop":null,"height":null,"height_source":"unknown"},"geometry":{"type":"Polygon","coordinates":[[[139.6527959,35.4407648],[139.6528616,35.4407962],[139.65292,35.4407153],[139.6528544,35.4406839],[139.6527959,35.4407648]]]}},{"type":"Feature","id":205610641,"properties":{"id":"205610641","name":null,"building":"yes","amenity":null,"shop":null,"height":9.0,"height_source":"OSM height tag"},"geometry":{"type":"Polygon","coordinates":[[[139.6519343,35.4415098],[139.6520562,35.4415403],[139.6520818,35.4414722],[139.65196,35.4414417],[139.6519343,35.4415098]]]}},{"type":"Feature","id":205610648,"properties":{"id":"205610648","name":null,"building":"yes","amenity":null,"shop":null,"height":null,"height_source":"unknown"},"geometry":{"type":"Polygon","coordinates":[[[139.6527797,35.4409314],[139.6528085,35.4409456],[139.6528354,35.4409095],[139.6528066,35.4408952],[139.6527797,35.4409314]]]}},{"type":"Feature","id":205610649,"properties":{"id":"205610649","name":null,"building":"yes","amenity":null,"shop":null,"height":21.2,"height_source":"OSM height tag"},"geometry":{"type":"Polygon","coordinates":[[[139.6520311,35.4413215],[139.6522228,35.4413694],[139.6522541,35.4412864],[139.6520624,35.4412385],[139.6520311,35.4413215]]]}},{"type":"Feature","id":205610650,"properties":{"id":"205610650","name":null,"building":"yes","amenity":null,"shop":null,"height":null,"height_source":"unknown"},"geometry":{"type":"Polygon","coordinates":[[[139.6520525,35.4412319],[139.6521615,35.4412591],[139.652192,35.4411782],[139.652083,35.441151],[139.6520525,35.4412319]]]}},{"type":"Feature","id":205610653,"properties":{"id":"205610653","name":null,"building":"yes","amenity":null,"shop":null,"height":null,"height_source":"unknown"},"geometry":{"type":"Polygon","coordinates":[[[139.6525453,35.4413675],[139.6526484,35.4414012],[139.6526711,35.4413574],[139.6525675,35.4413218],[139.6525453,35.4413675]]]}},{"type":"Feature","id":205610655,"properties":{"id":"205610655","name":null,"building":"yes","amenity":null,"shop":null,"height":null,"height_source":"unknown"},"geometry":{"type":"Polygon","coordinates":[[[139.6527764,35.4411092],[139.6528848,35.4411753],[139.6529331,35.4411227],[139.6528246,35.4410566],[139.6527764,35.4411092]]]}},{"type":"Feature","id":205610656,"properties":{"id":"205610656","name":null,"building":"yes","amenity":null,"shop":null,"height":null,"height_source":"unknown"},"geometry":{"type":"Polygon","coordinates":[[[139.6522165,35.4403907],[139.6523563,35.4404415],[139.6524025,35.4403571],[139.6522628,35.4403063],[139.6522165,35.4403907]]]}},{"type":"Feature","id":205610664,"properties":{"id":"205610664","name":null,"building":"yes","amenity":null,"shop":null,"height":10.9,"height_source":"OSM height tag"},"geometry":{"type":"Polygon","coordinates":[[[139.6518957,35.4415388],[139.6518635,35.4416673],[139.651926,35.4416777],[139.6519437,35.4416075],[139.6519731,35.4416124],[139.6519877,35.4415542],[139.6518957,35.4415388]]]}},{"type":"Feature","id":205610665,"properties":{"id":"205610665","name":null,"building":"yes","amenity":null,"shop":null,"height":null,"height_source":"unknown"},"geometry":{"type":"Polygon","coordinates":[[[139.6529283,35.440724],[139.6528748,35.4407948],[139.6529662,35.4408407],[139.6529902,35.4408089],[139.6530081,35.4408179],[139.6530376,35.4407788],[139.6529283,35.440724]]]}},{"type":"Feature","id":205610666,"properties":{"id":"205610666","name":null,"building":"yes","amenity":null,"shop":null,"height":8.6,"height_source":"OSM height tag"},"geometry":{"type":"Polygon","coordinates":[[[139.6525658,35.4405279],[139.6527622,35.440456],[139.6527555,35.4404405],[139.6526643,35.4403872],[139.6525152,35.440436],[139.6524899,35.4405045],[139.6525658,35.4405279]]]}},{"type":"Feature","id":205610668,"properties":{"id":"205610668","name":null,"building":"yes","amenity":null,"shop":null,"height":9.4,"height_source":"OSM height tag"},"geometry":{"type":"Polygon","coordinates":[[[139.6523298,35.4405535],[139.6523615,35.4404769],[139.65232,35.4404655],[139.6523288,35.4404441],[139.6522771,35.4404299],[139.6522366,35.4405279],[139.6523298,35.4405535]]]}},{"type":"Feature","id":205610670,"properties":{"id":"205610670","name":null,"building":"yes","amenity":null,"shop":null,"height":null,"height_source":"unknown"},"geometry":{"type":"Polygon","coordinates":[[[139.6527737,35.4408966],[139.6528025,35.4408579],[139.6527704,35.440842],[139.6527822,35.4408262],[139.6527325,35.4408017],[139.652692,35.4408562],[139.6527737,35.4408966]]]}},{"type":"Feature","id":205610674,"properties":{"id":"205610674","name":null,"building":"yes","amenity":null,"shop":null,"height":null,"height_source":"unknown"},"geometry":{"type":"Polygon","coordinates":[[[139.6528876,35.4406397],[139.6528749,35.4406576],[139.652977,35.4407057],[139.6530444,35.4406108],[139.6530002,35.44059],[139.652975,35.4406254],[139.6529011,35.4405906],[139.6528717,35.4406321],[139.6528876,35.4406397]]]}},{"type":"Feature","id":205727802,"properties":{"id":"205727802","name":"横浜市営 元町公園弓道場","building":"yes","amenity":null,"shop":null,"height":null,"height_source":"unknown"},"geometry":{"type":"Polygon","coordinates":[[[139.651234,35.4381724],[139.6514354,35.4381885],[139.6514441,35.438117],[139.6512426,35.4381008],[139.651234,35.4381724]]]}},{"type":"Feature","id":223824067,"properties":{"id":"223824067","name":null,"building":"yes","amenity":null,"shop":null,"height":8.1,"height_source":"OSM height tag"},"geometry":{"type":"Polygon","coordinates":[[[139.6471727,35.4398778],[139.6470426,35.4398139],[139.6469675,35.4399156],[139.6470976,35.4399794],[139.6471727,35.4398778]]]}},{"type":"Feature","id":223824079,"properties":{"id":"223824079","name":null,"building":"yes","amenity":null,"shop":null,"height":13.3,"height_source":"OSM height tag"},"geometry":{"type":"Polygon","coordinates":[[[139.6472513,35.4399173],[139.6471783,35.4398815],[139.6471052,35.4399805],[139.6471782,35.4400163],[139.6472513,35.4399173]]]}},{"type":"Feature","id":223824082,"properties":{"id":"223824082","name":null,"building":"yes","amenity":null,"shop":null,"height":13.5,"height_source":"OSM height tag"},"geometry":{"type":"Polygon","coordinates":[[[139.6472877,35.4400634],[139.6471942,35.4400176],[139.6471273,35.4401081],[139.6472208,35.440154],[139.6472877,35.4400634]]]}},{"type":"Feature","id":223824084,"properties":{"id":"223824084","name":null,"building":"yes","amenity":null,"shop":null,"height":6.8,"height_source":"OSM height tag"},"geometry":{"type":"Polygon","coordinates":[[[139.6471695,35.4400312],[139.6470949,35.4399946],[139.6470313,35.4400806],[139.647106,35.4401172],[139.6471695,35.4400312]]]}},{"type":"Feature","id":223824087,"properties":{"id":"223824087","name":null,"building":"yes","amenity":null,"shop":null,"height":null,"height_source":"unknown"},"geometry":{"type":"Polygon","coordinates":[[[139.6477273,35.4397837],[139.647656,35.4397501],[139.6476236,35.4397958],[139.6476949,35.4398294],[139.6477273,35.4397837]]]}},{"type":"Feature","id":223824088,"properties":{"id":"223824088","name":null,"building":"yes","amenity":null,"shop":null,"height":16.5,"height_source":"OSM height tag"},"geometry":{"type":"Polygon","coordinates":[[[139.6469606,35.4399113],[139.6470387,35.4398056],[139.6469475,35.4397609],[139.6468694,35.4398665],[139.6469606,35.4399113]]]}},{"type":"Feature","id":223824098,"properties":{"id":"223824098","name":null,"building":"yes","amenity":null,"shop":null,"height":null,"height_source":"unknown"},"geometry":{"type":"Polygon","coordinates":[[[139.6476736,35.4398347],[139.6476118,35.4398057],[139.6475908,35.4398353],[139.6476526,35.4398644],[139.6476736,35.4398347]]]}},{"type":"Feature","id":223824102,"properties":{"id":"223824102","name":null,"building":"yes","amenity":null,"shop":null,"height":null,"height_source":"unknown"},"geometry":{"type":"Polygon","coordinates":[[[139.6476609,35.4399168],[139.6475766,35.4398772],[139.6475602,35.4399004],[139.6476445,35.43994],[139.6476609,35.4399168]]]}},{"type":"Feature","id":223824105,"properties":{"id":"223824105","name":null,"building":"yes","amenity":null,"shop":null,"height":null,"height_source":"unknown"},"geometry":{"type":"Polygon","coordinates":[[[139.6476818,35.4398852],[139.6475871,35.4398407],[139.6475676,35.4398682],[139.6476623,35.4399127],[139.6476818,35.4398852]]]}},{"type":"Feature","id":223824107,"properties":{"id":"223824107","name":null,"building":"yes","amenity":null,"shop":null,"height":null,"height_source":"unknown"},"geometry":{"type":"Polygon","coordinates":[[[139.6473856,35.4395795],[139.647341,35.4395585],[139.6472633,35.4396682],[139.6473079,35.4396892],[139.6473856,35.4395795]]]}},{"type":"Feature","id":223824108,"properties":{"id":"223824108","name":null,"building":"yes","amenity":null,"shop":null,"height":null,"height_source":"unknown"},"geometry":{"type":"Polygon","coordinates":[[[139.6473336,35.4395482],[139.6472916,35.4395284],[139.6472478,35.4395901],[139.6472899,35.4396099],[139.6473336,35.4395482]]]}},{"type":"Feature","id":223824109,"properties":{"id":"223824109","name":null,"building":"yes","amenity":null,"shop":null,"height":null,"height_source":"unknown"},"geometry":{"type":"Polygon","coordinates":[[[139.6475548,35.4400663],[139.6474591,35.4400193],[139.6473795,35.440127],[139.6474752,35.440174],[139.6475548,35.4400663]]]}},{"type":"Feature","id":223824111,"properties":{"id":"223824111","name":null,"building":"yes","amenity":null,"shop":null,"height":null,"height_source":"unknown"},"geometry":{"type":"Polygon","coordinates":[[[139.6472991,35.4396949],[139.6472043,35.4396503],[139.6471223,35.439766],[139.6472171,35.4398106],[139.6472991,35.4396949]]]}},{"type":"Feature","id":223824113,"properties":{"id":"223824113","name":null,"building":"yes","amenity":null,"shop":null,"height":null,"height_source":"unknown"},"geometry":{"type":"Polygon","coordinates":[[[139.647414,35.4399083],[139.6475042,35.4399507],[139.6476631,35.4397264],[139.6475729,35.439684],[139.647414,35.4399083]]]}},{"type":"Feature","id":223824117,"properties":{"id":"223824117","name":null,"building":"yes","amenity":null,"shop":null,"height":null,"height_source":"unknown"},"geometry":{"type":"Polygon","coordinates":[[[139.6476161,35.4399873],[139.6476457,35.4399455],[139.6475497,35.4399004],[139.6475201,35.4399421],[139.6476161,35.4399873]]]}},{"type":"Feature","id":223824118,"properties":{"id":"223824118","name":"もとまちユニオン","building":"retail","amenity":null,"shop":"supermarket","height":null,"height_source":"unknown"},"geometry":{"type":"Polygon","coordinates":[[[139.6475468,35.4396962],[139.6473718,35.4396139],[139.6472304,35.4398135],[139.6474054,35.4398957],[139.6475468,35.4396962]]]}},{"type":"Feature","id":223824119,"properties":{"id":"223824119","name":null,"building":"yes","amenity":null,"shop":null,"height":null,"height_source":"unknown"},"geometry":{"type":"Polygon","coordinates":[[[139.6470046,35.4397159],[139.6471114,35.4395653],[139.6470143,35.4395196],[139.6469076,35.4396703],[139.6470046,35.4397159]]]}},{"type":"Feature","id":223824121,"properties":{"id":"223824121","name":null,"building":"yes","amenity":null,"shop":null,"height":null,"height_source":"unknown"},"geometry":{"type":"Polygon","coordinates":[[[139.6470151,35.4395093],[139.6469754,35.4394906],[139.6468726,35.4396357],[139.6469123,35.4396544],[139.6470151,35.4395093]]]}},{"type":"Feature","id":223824128,"properties":{"id":"223824128","name":null,"building":"yes","amenity":null,"shop":null,"height":null,"height_source":"unknown"},"geometry":{"type":"Polygon","coordinates":[[[139.6470576,35.4394244],[139.6469559,35.4393792],[139.646912,35.4394446],[139.6470137,35.4394899],[139.6470576,35.4394244]]]}},{"type":"Feature","id":223824129,"properties":{"id":"223824129","name":null,"building":"yes","amenity":null,"shop":null,"height":9.2,"height_source":"OSM height tag"},"geometry":{"type":"Polygon","coordinates":[[[139.6470572,35.4399934],[139.646947,35.4399393],[139.6468931,35.4400123],[139.6470033,35.4400663],[139.6470572,35.4399934]]]}},{"type":"Feature","id":223824137,"properties":{"id":"223824137","name":null,"building":"yes","amenity":null,"shop":null,"height":null,"height_source":"unknown"},"geometry":{"type":"Polygon","coordinates":[[[139.6472803,35.4399504],[139.6472564,35.4399387],[139.6472017,35.4400127],[139.6472256,35.4400244],[139.6472803,35.4399504]]]}},{"type":"Feature","id":223824147,"properties":{"id":"223824147","name":null,"building":"yes","amenity":null,"shop":null,"height":null,"height_source":"unknown"},"geometry":{"type":"Polygon","coordinates":[[[139.647132,35.4394567],[139.6470675,35.439428],[139.6470204,35.4394983],[139.6470604,35.439516],[139.6470486,35.4395336],[139.6471123,35.4395619],[139.6471528,35.4395015],[139.6471136,35.4394841],[139.647132,35.4394567]]]}},{"type":"Feature","id":223824149,"properties":{"id":"223824149","name":null,"building":"yes","amenity":null,"shop":null,"height":null,"height_source":"unknown"},"geometry":{"type":"Polygon","coordinates":[[[139.6472001,35.4396426],[139.6472504,35.4396662],[139.6472784,35.4396266],[139.6472281,35.439603],[139.6472672,35.4395478],[139.6471673,35.4395008],[139.647027,35.4396987],[139.647127,35.4397457],[139.6472001,35.4396426]]]}},{"type":"Feature","id":223824150,"properties":{"id":"223824150","name":null,"building":"yes","amenity":null,"shop":null,"height":null,"height_source":"unknown"},"geometry":{"type":"Polygon","coordinates":[[[139.6474418,35.4401937],[139.647457,35.440173],[139.6474015,35.4401458],[139.6473862,35.4401665],[139.6473646,35.4401559],[139.6473199,35.4402164],[139.647417,35.4402641],[139.6474618,35.4402035],[139.6474418,35.4401937]]]}},{"type":"Feature","id":223824152,"properties":{"id":"223824152","name":null,"building":"yes","amenity":null,"shop":null,"height":null,"height_source":"unknown"},"geometry":{"type":"Polygon","coordinates":[[[139.6474428,35.4400209],[139.6473628,35.4399816],[139.6472624,35.4401176],[139.6472736,35.4401231],[139.6472561,35.4401468],[139.6473041,35.4401703],[139.6473216,35.4401466],[139.6473424,35.4401568],[139.6474428,35.4400209]]]}},{"type":"Feature","id":223986045,"properties":{"id":"223986045","name":null,"building":"yes","amenity":null,"shop":null,"height":null,"height_source":"unknown"},"geometry":{"type":"Polygon","coordinates":[[[139.6485688,35.4404744],[139.6486322,35.4403824],[139.6485905,35.4403633],[139.648527,35.4404553],[139.6485688,35.4404744]]]}},{"type":"Feature","id":223986046,"properties":{"id":"223986046","name":null,"building":"yes","amenity":null,"shop":null,"height":null,"height_source":"unknown"},"geometry":{"type":"Polygon","coordinates":[[[139.648046,35.4402142],[139.648117,35.4402475],[139.6482685,35.4400333],[139.6481975,35.44],[139.648046,35.4402142]]]}},{"type":"Feature","id":223986047,"properties":{"id":"223986047","name":null,"building":"yes","amenity":null,"shop":null,"height":null,"height_source":"unknown"},"geometry":{"type":"Polygon","coordinates":[[[139.6485506,35.4404095],[139.6484518,35.4403643],[139.6484256,35.4404021],[139.6485245,35.4404474],[139.6485506,35.4404095]]]}},{"type":"Feature","id":223986048,"properties":{"id":"223986048","name":null,"building":"yes","amenity":null,"shop":null,"height":null,"height_source":"unknown"},"geometry":{"type":"Polygon","coordinates":[[[139.6480541,35.4399408],[139.6479582,35.4398957],[139.6478132,35.4401001],[139.6479092,35.4401453],[139.6480541,35.4399408]]]}},{"type":"Feature","id":223986049,"properties":{"id":"223986049","name":null,"building":"yes","amenity":null,"shop":null,"height":null,"height_source":"unknown"},"geometry":{"type":"Polygon","coordinates":[[[139.6478851,35.4398386],[139.6478115,35.4398039],[139.6476608,35.4400166],[139.6477344,35.4400512],[139.6478851,35.4398386]]]}},{"type":"Feature","id":223986050,"properties":{"id":"223986050","name":null,"building":"yes","amenity":null,"shop":null,"height":null,"height_source":"unknown"},"geometry":{"type":"Polygon","coordinates":[[[139.6481289,35.4402559],[139.6482235,35.4403005],[139.6483789,35.4400821],[139.6482843,35.4400374],[139.6481289,35.4402559]]]}},{"type":"Feature","id":223986051,"properties":{"id":"223986051","name":null,"building":"yes","amenity":null,"shop":null,"height":null,"height_source":"unknown"},"geometry":{"type":"Polygon","coordinates":[[[139.6480246,35.4400886],[139.6479796,35.4400674],[139.6479197,35.4401519],[139.6479647,35.4401731],[139.6480246,35.4400886]]]}},{"type":"Feature","id":223986052,"properties":{"id":"223986052","name":null,"building":"yes","amenity":null,"shop":null,"height":null,"height_source":"unknown"},"geometry":{"type":"Polygon","coordinates":[[[139.6486594,35.4403641],[139.6486339,35.4404012],[139.6486665,35.4404161],[139.6486921,35.4403791],[139.6486594,35.4403641]]]}},{"type":"Feature","id":223986053,"properties":{"id":"223986053","name":null,"building":"yes","amenity":null,"shop":null,"height":null,"height_source":"unknown"},"geometry":{"type":"Polygon","coordinates":[[[139.6479799,35.4400612],[139.6480299,35.4400847],[139.6480693,35.440029],[139.6480194,35.4400055],[139.6479799,35.4400612]]]}},{"type":"Feature","id":223986054,"properties":{"id":"223986054","name":null,"building":"yes","amenity":null,"shop":null,"height":null,"height_source":"unknown"},"geometry":{"type":"Polygon","coordinates":[[[139.6481727,35.4399841],[139.6481286,35.4399634],[139.6480999,35.4400039],[139.648144,35.4400246],[139.6481727,35.4399841]]]}},{"type":"Feature","id":223986055,"properties":{"id":"223986055","name":null,"building":"yes","amenity":null,"shop":null,"height":null,"height_source":"unknown"},"geometry":{"type":"Polygon","coordinates":[[[139.6488113,35.4403523],[139.6488391,35.4403119],[139.6487481,35.4402702],[139.6487203,35.4403106],[139.6488113,35.4403523]]]}},{"type":"Feature","id":223986056,"properties":{"id":"223986056","name":null,"building":"yes","amenity":null,"shop":null,"height":null,"height_source":"unknown"},"geometry":{"type":"Polygon","coordinates":[[[139.6483353,35.4401677],[139.6483826,35.4401896],[139.6484335,35.4401164],[139.6483861,35.4400946],[139.6483353,35.4401677]]]}},{"type":"Feature","id":223986057,"properties":{"id":"223986057","name":null,"building":"yes","amenity":null,"shop":null,"height":null,"height_source":"unknown"},"geometry":{"type":"Polygon","coordinates":[[[139.6481287,35.4400483],[139.6481438,35.4400271],[139.6480944,35.4400039],[139.6480794,35.440025],[139.6481287,35.4400483]]]}},{"type":"Feature","id":223986058,"properties":{"id":"223986058","name":null,"building":"yes","amenity":null,"shop":null,"height":null,"height_source":"unknown"},"geometry":{"type":"Polygon","coordinates":[[[139.6485801,35.4404744],[139.6486866,35.4405251],[139.6487382,35.4404531],[139.6486317,35.4404024],[139.6485801,35.4404744]]]}},{"type":"Feature","id":223986059,"properties":{"id":"223986059","name":null,"building":"yes","amenity":null,"shop":null,"height":null,"height_source":"unknown"},"geometry":{"type":"Polygon","coordinates":[[[139.6485383,35.4403254],[139.6484989,35.4403073],[139.6484626,35.4403599],[139.648502,35.440378],[139.6485383,35.4403254]]]}},{"type":"Feature","id":223986060,"properties":{"id":"223986060","name":null,"building":"yes","amenity":null,"shop":null,"height":null,"height_source":"unknown"},"geometry":{"type":"Polygon","coordinates":[[[139.6480743,35.4400248],[139.6481101,35.4399742],[139.648066,35.4399535],[139.6480302,35.440004],[139.6480743,35.4400248]]]}},{"type":"Feature","id":223986061,"properties":{"id":"223986061","name":null,"building":"yes","amenity":null,"shop":null,"height":null,"height_source":"unknown"},"geometry":{"type":"Polygon","coordinates":[[[139.648549,35.4404066],[139.6485988,35.4403344],[139.6485526,35.4403132],[139.6485028,35.4403854],[139.648549,35.4404066]]]}},{"type":"Feature","id":223986062,"properties":{"id":"223986062","name":null,"building":"yes","amenity":null,"shop":null,"height":null,"height_source":"unknown"},"geometry":{"type":"Polygon","coordinates":[[[139.6478219,35.4399408],[139.6478903,35.439973],[139.6479538,35.4398834],[139.6478855,35.4398512],[139.6478219,35.4399408]]]}},{"type":"Feature","id":223986063,"properties":{"id":"223986063","name":null,"building":"yes","amenity":null,"shop":null,"height":null,"height_source":"unknown"},"geometry":{"type":"Polygon","coordinates":[[[139.6482808,35.4403322],[139.64834,35.4403613],[139.6484975,35.4401487],[139.6484383,35.4401196],[139.6482808,35.4403322]]]}},{"type":"Feature","id":223986064,"properties":{"id":"223986064","name":null,"building":"yes","amenity":null,"shop":null,"height":null,"height_source":"unknown"},"geometry":{"type":"Polygon","coordinates":[[[139.647881,35.439993],[139.6478047,35.4399572],[139.6477336,35.4400576],[139.6478098,35.4400935],[139.647881,35.439993]]]}},{"type":"Feature","id":223986065,"properties":{"id":"223986065","name":null,"building":"yes","amenity":null,"shop":null,"height":null,"height_source":"unknown"},"geometry":{"type":"Polygon","coordinates":[[[139.6479676,35.4401831],[139.6480219,35.4402086],[139.6481281,35.4400587],[139.6480738,35.4400332],[139.6479676,35.4401831]]]}},{"type":"Feature","id":223986066,"properties":{"id":"223986066","name":null,"building":"yes","amenity":null,"shop":null,"height":null,"height_source":"unknown"},"geometry":{"type":"Polygon","coordinates":[[[139.6486827,35.4403718],[139.6486983,35.4403789],[139.6486725,35.4404164],[139.6487475,35.4404507],[139.6488122,35.4403568],[139.6487217,35.4403153],[139.6486827,35.4403718]]]}},{"type":"Feature","id":223986067,"properties":{"id":"223986067","name":null,"building":"yes","amenity":null,"shop":null,"height":null,"height_source":"unknown"},"geometry":{"type":"Polygon","coordinates":[[[139.6482249,35.4403072],[139.6482767,35.4403327],[139.6483655,35.4402128],[139.6483425,35.4402015],[139.6483485,35.4401934],[139.6483197,35.4401793],[139.6482249,35.4403072]]]}},{"type":"Feature","id":223986068,"properties":{"id":"223986068","name":null,"building":"yes","amenity":null,"shop":null,"height":null,"height_source":"unknown"},"geometry":{"type":"Polygon","coordinates":[[[139.6486202,35.440209],[139.6485009,35.440154],[139.6483521,35.4403682],[139.6484203,35.4403996],[139.6484948,35.4402924],[139.6485458,35.440316],[139.6486202,35.440209]]]}},{"type":"Feature","id":289205981,"properties":{"id":"289205981","name":null,"building":"yes","amenity":null,"shop":null,"height":null,"height_source":"unknown"},"geometry":{"type":"Polygon","coordinates":[[[139.6469776,35.4389771],[139.6470593,35.4390087],[139.6471001,35.4389385],[139.6470184,35.438907],[139.6469776,35.4389771]]]}},{"type":"Feature","id":319050351,"properties":{"id":"319050351","name":"横浜マリンタワー","building":"yes","amenity":null,"shop":null,"height":88.0,"height_source":"OSM height tag"},"geometry":{"type":"Polygon","coordinates":[[[139.650842,35.4439804],[139.6508637,35.4439937],[139.6508896,35.4440005],[139.6509167,35.4440001],[139.6509423,35.4439926],[139.6509634,35.4439787],[139.6509779,35.44396],[139.6509842,35.4439384],[139.6509815,35.4439164],[139.6509701,35.4438963],[139.6509514,35.4438802],[139.6509273,35.44387],[139.6509004,35.4438667],[139.6508737,35.4438707],[139.65085,35.4438816],[139.6508319,35.4438981],[139.6508214,35.4439186],[139.6508196,35.4439406],[139.6508268,35.443962],[139.650842,35.4439804]]]}},{"type":"Feature","id":350999194,"properties":{"id":"350999194","name":null,"building":"yes","amenity":null,"shop":null,"height":16.1,"height_source":"OSM height tag"},"geometry":{"type":"Polygon","coordinates":[[[139.6515557,35.4416309],[139.6514768,35.4415527],[139.6515,35.4415372],[139.651523,35.4415218],[139.6516019,35.4416],[139.6515557,35.4416309]]]}},{"type":"Feature","id":350999195,"properties":{"id":"350999195","name":null,"building":"yes","amenity":null,"shop":null,"height":null,"height_source":"unknown"},"geometry":{"type":"Polygon","coordinates":[[[139.6516214,35.4417365],[139.6516308,35.4417304],[139.6516396,35.4417246],[139.6516543,35.4417397],[139.6516361,35.4417515],[139.6516214,35.4417365]]]}},{"type":"Feature","id":351034842,"properties":{"id":"351034842","name":null,"building":"yes","amenity":null,"shop":null,"height":null,"height_source":"unknown"},"geometry":{"type":"Polygon","coordinates":[[[139.6517632,35.4380623],[139.6517927,35.4380585],[139.6517851,35.4380188],[139.6517554,35.4380225],[139.6517632,35.4380623]]]}},{"type":"Feature","id":351034951,"properties":{"id":"351034951","name":null,"building":"yes","amenity":null,"shop":null,"height":null,"height_source":"unknown"},"geometry":{"type":"Polygon","coordinates":[[[139.6528386,35.4381675],[139.6527715,35.4381128],[139.6528219,35.4380717],[139.652889,35.4381264],[139.6528386,35.4381675]]]}},{"type":"Feature","id":351056443,"properties":{"id":"351056443","name":null,"building":"yes","amenity":null,"shop":null,"height":null,"height_source":"unknown"},"geometry":{"type":"Polygon","coordinates":[[[139.6510718,35.4407877],[139.6510716,35.4407582],[139.6511708,35.4407578],[139.651171,35.4407873],[139.6510718,35.4407877]]]}},{"type":"Feature","id":351058536,"properties":{"id":"351058536","name":"元町公園水泳場事務所","building":"yes","amenity":null,"shop":null,"height":null,"height_source":"unknown"},"geometry":{"type":"Polygon","coordinates":[[[139.6513106,35.4389676],[139.6513237,35.4389149],[139.6512669,35.4389055],[139.6512719,35.4388853],[139.6510935,35.4388559],[139.6510972,35.4388407],[139.6510437,35.4388319],[139.6510422,35.4388379],[139.6509511,35.4388228],[139.6509323,35.4388983],[139.6510121,35.4389115],[139.6510093,35.438923],[139.6510835,35.4389352],[139.6510856,35.4389269],[139.6511981,35.4389455],[139.6511943,35.4389607],[139.651218,35.4389646],[139.6512419,35.4389686],[139.6512449,35.4389568],[139.6513106,35.4389676]]]}},{"type":"Feature","id":352015664,"properties":{"id":"352015664","name":null,"building":"yes","amenity":null,"shop":null,"height":null,"height_source":"unknown"},"geometry":{"type":"Polygon","coordinates":[[[139.6524406,35.4412688],[139.6524584,35.4412347],[139.6526619,35.441305],[139.6526442,35.4413391],[139.6524406,35.4412688]]]}},{"type":"Feature","id":352015666,"properties":{"id":"352015666","name":null,"building":"yes","amenity":null,"shop":null,"height":null,"height_source":"unknown"},"geometry":{"type":"Polygon","coordinates":[[[139.6524675,35.4412233],[139.6524892,35.4411797],[139.6526175,35.441222],[139.6525958,35.4412657],[139.6524675,35.4412233]]]}},{"type":"Feature","id":352016694,"properties":{"id":"352016694","name":null,"building":"yes","amenity":null,"shop":null,"height":null,"height_source":"unknown"},"geometry":{"type":"Polygon","coordinates":[[[139.6525758,35.4409969],[139.6526389,35.4409127],[139.6527383,35.4409621],[139.6527109,35.4409986],[139.6527623,35.4410242],[139.6527266,35.4410719],[139.6525758,35.4409969]]]}},{"type":"Feature","id":352835616,"properties":{"id":"352835616","name":"カトリック山手教会 納骨堂","building":"yes","amenity":null,"shop":null,"height":null,"height_source":"unknown"},"geometry":{"type":"Polygon","coordinates":[[[139.6519431,35.4385584],[139.6519731,35.4385205],[139.6520822,35.438578],[139.6520522,35.4386159],[139.6519431,35.4385584]]]}},{"type":"Feature","id":352969651,"properties":{"id":"352969651","name":null,"building":"roof","amenity":null,"shop":null,"height":null,"height_source":"unknown"},"geometry":{"type":"Polygon","coordinates":[[[139.6480478,35.4444],[139.6480145,35.4443598],[139.648064,35.4443326],[139.6480973,35.4443728],[139.6480478,35.4444]]]}},{"type":"Feature","id":352969652,"properties":{"id":"352969652","name":null,"building":"yes","amenity":null,"shop":null,"height":null,"height_source":"unknown"},"geometry":{"type":"Polygon","coordinates":[[[139.6479033,35.444573],[139.6479353,35.4445559],[139.6478648,35.4444683],[139.6478328,35.4444853],[139.6479033,35.444573]]]}},{"type":"Feature","id":352969653,"properties":{"id":"352969653","name":null,"building":"roof","amenity":null,"shop":null,"height":null,"height_source":"unknown"},"geometry":{"type":"Polygon","coordinates":[[[139.6479374,35.4444626],[139.6479058,35.444424],[139.6479526,35.4443985],[139.6479842,35.4444372],[139.6479374,35.4444626]]]}},{"type":"Feature","id":386561456,"properties":{"id":"386561456","name":null,"building":"residential","amenity":null,"shop":null,"height":null,"height_source":"unknown"},"geometry":{"type":"Polygon","coordinates":[[[139.6510656,35.4399293],[139.651107,35.4398765],[139.6510968,35.4398712],[139.6511446,35.4398103],[139.6510951,35.4397845],[139.6510715,35.4398146],[139.6510527,35.4398048],[139.6510079,35.4398619],[139.6510408,35.439879],[139.65102,35.4399055],[139.6510656,35.4399293]]]}},{"type":"Feature","id":386561457,"properties":{"id":"386561457","name":null,"building":"residential","amenity":null,"shop":null,"height":null,"height_source":"unknown"},"geometry":{"type":"Polygon","coordinates":[[[139.6512086,35.4398258],[139.6512512,35.4397703],[139.6512821,35.4397861],[139.6512968,35.439767],[139.6513112,35.4397743],[139.6513517,35.4397216],[139.6513277,35.4397094],[139.6513341,35.4397011],[139.6513095,35.4396885],[139.6513263,35.4396665],[139.6512295,35.4396171],[139.6512209,35.4396282],[139.6511713,35.4396029],[139.6510785,35.4397237],[139.651135,35.4397526],[139.6511268,35.4397632],[139.6511915,35.4397962],[139.65118,35.4398112],[139.6512086,35.4398258]]]}},{"type":"Feature","id":386561458,"properties":{"id":"386561458","name":null,"building":"residential","amenity":null,"shop":null,"height":null,"height_source":"unknown"},"geometry":{"type":"Polygon","coordinates":[[[139.6508137,35.4394594],[139.6508284,35.4394242],[139.6509071,35.439446],[139.6508924,35.4394812],[139.6508137,35.4394594]]]}},{"type":"Feature","id":386561459,"properties":{"id":"386561459","name":null,"building":"yes","amenity":null,"shop":null,"height":null,"height_source":"unknown"},"geometry":{"type":"Polygon","coordinates":[[[139.6510066,35.4394248],[139.6510214,35.4393863],[139.6511657,35.4394234],[139.6511508,35.4394619],[139.6510066,35.4394248]]]}},{"type":"Feature","id":386561460,"properties":{"id":"386561460","name":null,"building":"roof","amenity":null,"shop":null,"height":null,"height_source":"unknown"},"geometry":{"type":"Polygon","coordinates":[[[139.6509841,35.4395738],[139.6510329,35.4395879],[139.6510506,35.4395469],[139.6510019,35.4395328],[139.6509841,35.4395738]]]}},{"type":"Feature","id":386561461,"properties":{"id":"386561461","name":null,"building":"residential","amenity":null,"shop":null,"height":null,"height_source":"unknown"},"geometry":{"type":"Polygon","coordinates":[[[139.6509973,35.4396989],[139.6510542,35.4396199],[139.6511112,35.4396471],[139.6510542,35.4397262],[139.6509973,35.4396989]]]}},{"type":"Feature","id":386561462,"properties":{"id":"386561462","name":null,"building":"residential","amenity":null,"shop":null,"height":null,"height_source":"unknown"},"geometry":{"type":"Polygon","coordinates":[[[139.6509739,35.4395116],[139.6509969,35.4394422],[139.6511713,35.4394805],[139.6511484,35.4395499],[139.6509739,35.4395116]]]}},{"type":"Feature","id":386561463,"properties":{"id":"386561463","name":null,"building":"residential","amenity":null,"shop":null,"height":null,"height_source":"unknown"},"geometry":{"type":"Polygon","coordinates":[[[139.6505539,35.4395245],[139.6505881,35.4394302],[139.6506436,35.4394436],[139.6506094,35.4395379],[139.6505539,35.4395245]]]}},{"type":"Feature","id":386561464,"properties":{"id":"386561464","name":null,"building":"residential","amenity":null,"shop":null,"height":null,"height_source":"unknown"},"geometry":{"type":"Polygon","coordinates":[[[139.6507039,35.4396186],[139.6507558,35.4394859],[139.6507063,35.4394686],[139.6506619,35.4395873],[139.6507039,35.4396186]]]}},{"type":"Feature","id":386561465,"properties":{"id":"386561465","name":null,"building":"residential","amenity":null,"shop":null,"height":null,"height_source":"unknown"},"geometry":{"type":"Polygon","coordinates":[[[139.6504919,35.4394709],[139.6505159,35.4394048],[139.6505789,35.43942],[139.6505549,35.4394861],[139.6504919,35.4394709]]]}},{"type":"Feature","id":386561466,"properties":{"id":"386561466","name":null,"building":"residential","amenity":null,"shop":null,"height":null,"height_source":"unknown"},"geometry":{"type":"Polygon","coordinates":[[[139.6507144,35.4394358],[139.6507518,35.4393372],[139.6508396,35.4393593],[139.6508022,35.4394579],[139.6507144,35.4394358]]]}},{"type":"Feature","id":386561467,"properties":{"id":"386561467","name":null,"building":"residential","amenity":null,"shop":null,"height":null,"height_source":"unknown"},"geometry":{"type":"Polygon","coordinates":[[[139.6508719,35.4395377],[139.6508916,35.4394904],[139.6507949,35.4394636],[139.6507751,35.439511],[139.6508719,35.4395377]]]}},{"type":"Feature","id":386561468,"properties":{"id":"386561468","name":null,"building":"residential","amenity":null,"shop":null,"height":null,"height_source":"unknown"},"geometry":{"type":"Polygon","coordinates":[[[139.6508298,35.4394211],[139.6508565,35.4393488],[139.6509355,35.4393682],[139.6509087,35.4394405],[139.6508298,35.4394211]]]}},{"type":"Feature","id":386561469,"properties":{"id":"386561469","name":null,"building":"residential","amenity":null,"shop":null,"height":null,"height_source":"unknown"},"geometry":{"type":"Polygon","coordinates":[[[139.6509449,35.4398207],[139.6510081,35.4397356],[139.6510669,35.4397646],[139.6510037,35.4398497],[139.6509449,35.4398207]]]}},{"type":"Feature","id":386561470,"properties":{"id":"386561470","name":null,"building":"residential","amenity":null,"shop":null,"height":null,"height_source":"unknown"},"geometry":{"type":"Polygon","coordinates":[[[139.6507426,35.4395889],[139.6507677,35.439527],[139.6508621,35.4395524],[139.650837,35.4396143],[139.6507426,35.4395889]]]}},{"type":"Feature","id":386561471,"properties":{"id":"386561471","name":null,"building":"residential","amenity":null,"shop":null,"height":null,"height_source":"unknown"},"geometry":{"type":"Polygon","coordinates":[[[139.651047,35.4395977],[139.6510766,35.4395577],[139.6511142,35.4395761],[139.6511215,35.4395663],[139.651161,35.4395857],[139.6511242,35.4396355],[139.651047,35.4395977]]]}},{"type":"Feature","id":386561472,"properties":{"id":"386561472","name":null,"building":"residential","amenity":null,"shop":null,"height":null,"height_source":"unknown"},"geometry":{"type":"Polygon","coordinates":[[[139.6511567,35.4395709],[139.6513134,35.4396099],[139.6513237,35.4395825],[139.6512743,35.4395703],[139.6512894,35.4395301],[139.6512281,35.4395149],[139.6512186,35.4395405],[139.6511724,35.439529],[139.6511567,35.4395709]]]}},{"type":"Feature","id":386563484,"properties":{"id":"386563484","name":null,"building":"yes","amenity":null,"shop":null,"height":null,"height_source":"unknown"},"geometry":{"type":"Polygon","coordinates":[[[139.6500967,35.4397096],[139.6501812,35.4396358],[139.6502204,35.4396655],[139.6501358,35.4397393],[139.6500967,35.4397096]]]}},{"type":"Feature","id":386563485,"properties":{"id":"386563485","name":null,"building":"yes","amenity":null,"shop":null,"height":null,"height_source":"unknown"},"geometry":{"type":"Polygon","coordinates":[[[139.6499844,35.4398442],[139.6500268,35.4397918],[139.6501556,35.439861],[139.6501131,35.4399134],[139.6499844,35.4398442]]]}},{"type":"Feature","id":386563486,"properties":{"id":"386563486","name":null,"building":"yes","amenity":null,"shop":null,"height":null,"height_source":"unknown"},"geometry":{"type":"Polygon","coordinates":[[[139.6501102,35.4400334],[139.6501395,35.4399968],[139.650062,35.4399556],[139.6500327,35.4399923],[139.6501102,35.4400334]]]}},{"type":"Feature","id":386563487,"properties":{"id":"386563487","name":null,"building":"yes","amenity":null,"shop":null,"height":null,"height_source":"unknown"},"geometry":{"type":"Polygon","coordinates":[[[139.6499934,35.4401051],[139.6500375,35.4401303],[139.6500774,35.4400797],[139.6499898,35.440033],[139.6499934,35.4401051]]]}},{"type":"Feature","id":386563488,"properties":{"id":"386563488","name":null,"building":"yes","amenity":null,"shop":null,"height":null,"height_source":"unknown"},"geometry":{"type":"Polygon","coordinates":[[[139.6499975,35.4400291],[139.650024,35.4399962],[139.6501041,35.440039],[139.650083,35.4400652],[139.6500513,35.4400483],[139.6500459,35.4400549],[139.6499975,35.4400291]]]}},{"type":"Feature","id":386563489,"properties":{"id":"386563489","name":null,"building":"yes","amenity":null,"shop":null,"height":null,"height_source":"unknown"},"geometry":{"type":"Polygon","coordinates":[[[139.6503654,35.4397019],[139.6504258,35.4396819],[139.6504064,35.4396431],[139.6503858,35.4396499],[139.6503802,35.4396387],[139.6503404,35.4396519],[139.6503654,35.4397019]]]}},{"type":"Feature","id":386563490,"properties":{"id":"386563490","name":null,"building":"yes","amenity":null,"shop":null,"height":null,"height_source":"unknown"},"geometry":{"type":"Polygon","coordinates":[[[139.6502009,35.4396263],[139.6502559,35.4395783],[139.6503034,35.4396145],[139.650297,35.43962],[139.650305,35.4396262],[139.6502564,35.4396686],[139.6502009,35.4396263]]]}},{"type":"Feature","id":386563491,"properties":{"id":"386563491","name":null,"building":"yes","amenity":null,"shop":null,"height":null,"height_source":"unknown"},"geometry":{"type":"Polygon","coordinates":[[[139.6503047,35.4395092],[139.6503287,35.4395266],[139.6503476,35.4395093],[139.6503597,35.4395181],[139.6504249,35.4394564],[139.6504222,35.4394281],[139.650405,35.4394166],[139.6503047,35.4395092]]]}},{"type":"Feature","id":386563492,"properties":{"id":"386563492","name":null,"building":"yes","amenity":null,"shop":null,"height":null,"height_source":"unknown"},"geometry":{"type":"Polygon","coordinates":[[[139.6500249,35.4399754],[139.6500529,35.4399407],[139.6500653,35.4399474],[139.6500894,35.4399176],[139.6500149,35.4398775],[139.6499753,35.4399264],[139.6499934,35.4399361],[139.6499808,35.4399517],[139.6500249,35.4399754]]]}},{"type":"Feature","id":386563493,"properties":{"id":"386563493","name":null,"building":"yes","amenity":null,"shop":null,"height":null,"height_source":"unknown"},"geometry":{"type":"Polygon","coordinates":[[[139.6503023,35.4397537],[139.6503438,35.4397064],[139.6502826,35.4396707],[139.6502642,35.4396916],[139.650229,35.4396711],[139.6501834,35.4397231],[139.6502666,35.4397715],[139.650289,35.4397459],[139.6503023,35.4397537]]]}},{"type":"Feature","id":386563494,"properties":{"id":"386563494","name":null,"building":"yes","amenity":null,"shop":null,"height":null,"height_source":"unknown"},"geometry":{"type":"Polygon","coordinates":[[[139.6503181,35.4396219],[139.6503014,35.4395936],[139.6503142,35.4395886],[139.6503074,35.4395771],[139.6503843,35.439547],[139.6504131,35.4395959],[139.6503629,35.4396156],[139.6503576,35.4396065],[139.6503181,35.4396219]]]}},{"type":"Feature","id":452386074,"properties":{"id":"452386074","name":null,"building":"yes","amenity":null,"shop":null,"height":8.5,"height_source":"OSM height tag"},"geometry":{"type":"Polygon","coordinates":[[[139.6510913,35.441178],[139.6511614,35.4411235],[139.651199,35.4411519],[139.6511275,35.4412086],[139.6510913,35.441178]]]}},{"type":"Feature","id":452386075,"properties":{"id":"452386075","name":null,"building":"yes","amenity":null,"shop":null,"height":9.3,"height_source":"OSM height tag"},"geometry":{"type":"Polygon","coordinates":[[[139.6510309,35.441096],[139.6510564,35.4410753],[139.6511118,35.4411257],[139.6510832,35.4411463],[139.6510309,35.441096]]]}},{"type":"Feature","id":452424695,"properties":{"id":"452424695","name":null,"building":"apartments","amenity":null,"shop":null,"height":13.0,"height_source":"OSM height tag"},"geometry":{"type":"Polygon","coordinates":[[[139.6529031,35.4400853],[139.6529339,35.4400449],[139.6529835,35.4400329],[139.6529769,35.4400105],[139.6530118,35.4400116],[139.6530171,35.4400394],[139.653068,35.4400296],[139.6530868,35.4400405],[139.6530868,35.4400547],[139.6531311,35.4400542],[139.6531512,35.4400618],[139.6531539,35.4400941],[139.6532062,35.4400864],[139.6532196,35.4401301],[139.6532665,35.4401236],[139.653288,35.4401345],[139.6532893,35.440164],[139.6533617,35.4401531],[139.6533591,35.4401225],[139.6534114,35.4401236],[139.6534207,35.440164],[139.6534824,35.4401585],[139.6534958,35.4402121],[139.6534596,35.4402164],[139.6534704,35.4402678],[139.6534489,35.4402962],[139.6532733,35.4403241],[139.6532397,35.4403038],[139.6532384,35.4402814],[139.6531995,35.4402869],[139.6531713,35.4402656],[139.6531659,35.4402448],[139.6531364,35.4402492],[139.6531029,35.4402274],[139.6531016,35.4402093],[139.6530667,35.4402132],[139.6530359,35.4401929],[139.6530332,35.44017],[139.6529997,35.4401744],[139.6529688,35.4401563],[139.6529621,35.440117],[139.6529031,35.4400853]]]}},{"type":"Feature","id":452424715,"properties":{"id":"452424715","name":null,"building":"apartments","amenity":null,"shop":null,"height":9.2,"height_source":"OSM height tag"},"geometry":{"type":"Polygon","coordinates":[[[139.6526617,35.4403443],[139.6527368,35.4402536],[139.6527462,35.4402634],[139.6527784,35.4402241],[139.6528199,35.4402437],[139.652828,35.4402312],[139.6528669,35.4402536],[139.6528789,35.4402263],[139.6528923,35.4402306],[139.6529084,35.4402132],[139.6529433,35.4402328],[139.6529273,35.440253],[139.6530078,35.4403011],[139.6529795,35.4403279],[139.6529581,35.4403104],[139.6529487,35.4403213],[139.6529286,35.4403071],[139.6529084,35.4403377],[139.6528856,35.4403246],[139.6528763,35.4403383],[139.6528602,35.4403268],[139.6528293,35.4403617],[139.6527877,35.4403366],[139.6527368,35.4403902],[139.6526617,35.4403443]]]}},{"type":"Feature","id":452592291,"properties":{"id":"452592291","name":null,"building":"yes","amenity":null,"shop":null,"height":15.1,"height_source":"OSM height tag"},"geometry":{"type":"Polygon","coordinates":[[[139.6502383,35.4413374],[139.6502749,35.4412718],[139.6503205,35.4412903],[139.6502785,35.441356],[139.6502383,35.4413374]]]}},{"type":"Feature","id":452592297,"properties":{"id":"452592297","name":null,"building":"yes","amenity":null,"shop":null,"height":null,"height_source":"unknown"},"geometry":{"type":"Polygon","coordinates":[[[139.6497716,35.4413265],[139.6498225,35.4412456],[139.6498628,35.4412664],[139.6498123,35.4413493],[139.6497716,35.4413265]]]}},{"type":"Feature","id":452592305,"properties":{"id":"452592305","name":null,"building":"yes","amenity":null,"shop":null,"height":null,"height_source":"unknown"},"geometry":{"type":"Polygon","coordinates":[[[139.649738,35.4407026],[139.649764,35.4406621],[139.6498561,35.4406982],[139.6498333,35.4407387],[139.649738,35.4407026]]]}},{"type":"Feature","id":453220399,"properties":{"id":"453220399","name":null,"building":"house","amenity":null,"shop":null,"height":null,"height_source":"unknown"},"geometry":{"type":"Polygon","coordinates":[[[139.6496509,35.4382704],[139.6497515,35.4382595],[139.6497649,35.4383633],[139.6496656,35.4383731],[139.6496509,35.4382704]]]}},{"type":"Feature","id":453220402,"properties":{"id":"453220402","name":null,"building":"house","amenity":null,"shop":null,"height":null,"height_source":"unknown"},"geometry":{"type":"Polygon","coordinates":[[[139.6496267,35.4380956],[139.6497032,35.4380836],[139.6497112,35.4381142],[139.6497917,35.4380956],[139.6498193,35.438195],[139.6497094,35.4382191],[139.6497032,35.4381906],[139.6496522,35.4381972],[139.6496267,35.4380956]]]}},{"type":"Feature","id":453220405,"properties":{"id":"453220405","name":null,"building":"house","amenity":null,"shop":null,"height":null,"height_source":"unknown"},"geometry":{"type":"Polygon","coordinates":[[[139.6500948,35.4381185],[139.6501318,35.4381327],[139.6501551,35.4380956],[139.6502337,35.4381251],[139.6501444,35.4382901],[139.650068,35.4382573],[139.6500961,35.4381994],[139.6500607,35.4381841],[139.6500948,35.4381185]]]}},{"type":"Feature","id":453220408,"properties":{"id":"453220408","name":null,"building":"house","amenity":null,"shop":null,"height":null,"height_source":"unknown"},"geometry":{"type":"Polygon","coordinates":[[[139.6502624,35.4387195],[139.6503263,35.4387042],[139.6503241,35.4386834],[139.6503872,35.4386758],[139.650422,35.4387971],[139.6502986,35.4388255],[139.6502624,35.4387195]]]}},{"type":"Feature","id":453220410,"properties":{"id":"453220410","name":null,"building":"house","amenity":null,"shop":null,"height":null,"height_source":"unknown"},"geometry":{"type":"Polygon","coordinates":[[[139.6502101,35.4382343],[139.6503483,35.4382649],[139.6503335,35.4383294],[139.6501873,35.4382988],[139.6502101,35.4382343]]]}},{"type":"Feature","id":453220412,"properties":{"id":"453220412","name":null,"building":"house","amenity":null,"shop":null,"height":null,"height_source":"unknown"},"geometry":{"type":"Polygon","coordinates":[[[139.6497837,35.4384529],[139.6498252,35.438443],[139.6498212,35.4384201],[139.6498877,35.4384124],[139.6499191,35.4384715],[139.6499017,35.4384747],[139.6499084,35.438525],[139.6497944,35.438549],[139.6497796,35.4385097],[139.6497971,35.438501],[139.6497837,35.4384529]]]}},{"type":"Feature","id":453220415,"properties":{"id":"453220415","name":null,"building":"house","amenity":null,"shop":null,"height":null,"height_source":"unknown"},"geometry":{"type":"Polygon","coordinates":[[[139.6504676,35.4380737],[139.6505132,35.4379645],[139.6506481,35.4380027],[139.6505977,35.4381185],[139.6504676,35.4380737]]]}},{"type":"Feature","id":453220416,"properties":{"id":"453220416","name":null,"building":"house","amenity":null,"shop":null,"height":null,"height_source":"unknown"},"geometry":{"type":"Polygon","coordinates":[[[139.6503885,35.4386321],[139.650473,35.438619],[139.6505199,35.4387566],[139.6504301,35.4387708],[139.6503885,35.4386321]]]}},{"type":"Feature","id":453220418,"properties":{"id":"453220418","name":null,"building":"house","amenity":null,"shop":null,"height":null,"height_source":"unknown"},"geometry":{"type":"Polygon","coordinates":[[[139.6502383,35.4385053],[139.6502691,35.438501],[139.6502766,35.4384889],[139.6503188,35.4384868],[139.6503308,35.4385731],[139.6502463,35.4385895],[139.6502383,35.4385053]]]}},{"type":"Feature","id":453220419,"properties":{"id":"453220419","name":null,"building":"house","amenity":null,"shop":null,"height":null,"height_source":"unknown"},"geometry":{"type":"Polygon","coordinates":[[[139.6500452,35.4380289],[139.650076,35.4380267],[139.6500774,35.4380049],[139.6502209,35.437994],[139.6502437,35.4380267],[139.6502745,35.4380289],[139.6502766,35.4380748],[139.6501927,35.4380879],[139.6501954,35.438077],[139.6500519,35.4380847],[139.6500452,35.4380289]]]}},{"type":"Feature","id":453220420,"properties":{"id":"453220420","name":null,"building":"house","amenity":null,"shop":null,"height":null,"height_source":"unknown"},"geometry":{"type":"Polygon","coordinates":[[[139.6501042,35.438702],[139.6502343,35.438678],[139.6502772,35.4388135],[139.6502423,35.4388178],[139.6502437,35.4388353],[139.6501873,35.4388462],[139.6501712,35.4387807],[139.6501256,35.4387883],[139.6501042,35.438702]]]}},{"type":"Feature","id":453220422,"properties":{"id":"453220422","name":null,"building":"house","amenity":null,"shop":null,"height":null,"height_source":"unknown"},"geometry":{"type":"Polygon","coordinates":[[[139.6501833,35.4383862],[139.6502699,35.4383797],[139.6502799,35.4384518],[139.650194,35.4384605],[139.6501833,35.4383862]]]}},{"type":"Feature","id":453220424,"properties":{"id":"453220424","name":null,"building":"house","amenity":null,"shop":null,"height":null,"height_source":"unknown"},"geometry":{"type":"Polygon","coordinates":[[[139.6497716,35.4382649],[139.6499481,35.4382256],[139.6499781,35.4383392],[139.6498896,35.4383524],[139.6498923,35.438372],[139.6498065,35.4383917],[139.6497716,35.4382649]]]}},{"type":"Feature","id":453220426,"properties":{"id":"453220426","name":null,"building":"house","amenity":null,"shop":null,"height":null,"height_source":"unknown"},"geometry":{"type":"Polygon","coordinates":[[[139.649667,35.4387708],[139.649759,35.4387687],[139.6497617,35.4388277],[139.6497488,35.4388484],[139.6497179,35.4388539],[139.6497193,35.4388714],[139.6496992,35.4388801],[139.6496737,35.4388725],[139.649667,35.4387708]]]}},{"type":"Feature","id":453220427,"properties":{"id":"453220427","name":null,"building":"house","amenity":null,"shop":null,"height":null,"height_source":"unknown"},"geometry":{"type":"Polygon","coordinates":[[[139.6503295,35.4384572],[139.6504523,35.4384441],[139.6504724,35.4385359],[139.6503657,35.43856],[139.6503295,35.4384572]]]}},{"type":"Feature","id":453220430,"properties":{"id":"453220430","name":null,"building":"house","amenity":null,"shop":null,"height":null,"height_source":"unknown"},"geometry":{"type":"Polygon","coordinates":[[[139.6498011,35.4380847],[139.6499392,35.4380573],[139.649958,35.4381207],[139.6499406,35.4381229],[139.6499486,35.4381458],[139.6499285,35.4381469],[139.649936,35.438183],[139.6498319,35.4382027],[139.6498011,35.4380847]]]}},{"type":"Feature","id":453220432,"properties":{"id":"453220432","name":null,"building":"house","amenity":null,"shop":null,"height":null,"height_source":"unknown"},"geometry":{"type":"Polygon","coordinates":[[[139.6495731,35.4379371],[139.6496208,35.4379218],[139.6496241,35.4379404],[139.6497005,35.4379251],[139.6497233,35.4380027],[139.6496039,35.4380311],[139.6495731,35.4379371]]]}},{"type":"Feature","id":453220433,"properties":{"id":"453220433","name":null,"building":"house","amenity":null,"shop":null,"height":null,"height_source":"unknown"},"geometry":{"type":"Polygon","coordinates":[[[139.6498212,35.4386681],[139.6499446,35.4386965],[139.6499379,35.438737],[139.6499191,35.4387566],[139.6498762,35.4387829],[139.6498467,35.4387588],[139.6498038,35.4387512],[139.6498212,35.4386681]]]}},{"type":"Feature","id":453220435,"properties":{"id":"453220435","name":null,"building":"house","amenity":null,"shop":null,"height":null,"height_source":"unknown"},"geometry":{"type":"Polygon","coordinates":[[[139.6496616,35.438384],[139.6497568,35.438384],[139.6497568,35.4385643],[139.649671,35.4385665],[139.6496616,35.438384]]]}},{"type":"Feature","id":453220436,"properties":{"id":"453220436","name":null,"building":"house","amenity":null,"shop":null,"height":null,"height_source":"unknown"},"geometry":{"type":"Polygon","coordinates":[[[139.6500693,35.4383556],[139.650131,35.4383731],[139.6500988,35.4384769],[139.6500613,35.4384868],[139.650017,35.4384769],[139.6500693,35.4383556]]]}},{"type":"Feature","id":453220437,"properties":{"id":"453220437","name":null,"building":"house","amenity":null,"shop":null,"height":null,"height_source":"unknown"},"geometry":{"type":"Polygon","coordinates":[[[139.6499915,35.4385567],[139.6501176,35.4385272],[139.6501431,35.4386069],[139.6500291,35.4386408],[139.6499915,35.4385567]]]}},{"type":"Feature","id":453220438,"properties":{"id":"453220438","name":null,"building":"house","amenity":null,"shop":null,"height":null,"height_source":"unknown"},"geometry":{"type":"Polygon","coordinates":[[[139.6503147,35.4383436],[139.6504059,35.4383436],[139.6504032,35.4384168],[139.650312,35.4384157],[139.6503147,35.4383436]]]}},{"type":"Feature","id":453220439,"properties":{"id":"453220439","name":null,"building":"house","amenity":null,"shop":null,"height":null,"height_source":"unknown"},"geometry":{"type":"Polygon","coordinates":[[[139.6497407,35.4379218],[139.6498588,35.4378956],[139.6498856,35.437971],[139.6497649,35.4380005],[139.6497407,35.4379218]]]}},{"type":"Feature","id":453220440,"properties":{"id":"453220440","name":null,"building":"house","amenity":null,"shop":null,"height":null,"height_source":"unknown"},"geometry":{"type":"Polygon","coordinates":[[[139.6496656,35.4386179],[139.6497737,35.4386168],[139.6497716,35.4387097],[139.6497568,35.4387075],[139.649759,35.4387523],[139.6496777,35.4387555],[139.6496656,35.4386179]]]}},{"type":"Feature","id":453220444,"properties":{"id":"453220444","name":null,"building":"house","amenity":null,"shop":null,"height":null,"height_source":"unknown"},"geometry":{"type":"Polygon","coordinates":[[[139.6502611,35.4381491],[139.650286,35.4380945],[139.6503992,35.4381218],[139.6503791,35.438183],[139.6502611,35.4381491]]]}},{"type":"Feature","id":453220445,"properties":{"id":"453220445","name":null,"building":"house","amenity":null,"shop":null,"height":null,"height_source":"unknown"},"geometry":{"type":"Polygon","coordinates":[[[139.6503255,35.4382354],[139.650337,35.4382048],[139.6503893,35.4382169],[139.6504167,35.4381557],[139.6505239,35.438183],[139.6505092,35.4382223],[139.6504918,35.4382169],[139.6504743,35.4382649],[139.6504569,35.4382595],[139.6504274,35.4383032],[139.6503617,35.4382901],[139.6503737,35.4382584],[139.6503255,35.4382354]]]}},{"type":"Feature","id":453228512,"properties":{"id":"453228512","name":null,"building":"house","amenity":null,"shop":null,"height":null,"height_source":"unknown"},"geometry":{"type":"Polygon","coordinates":[[[139.6491748,35.4381458],[139.6492279,35.4381371],[139.649219,35.4381054],[139.6493129,35.4380868],[139.6493196,35.4381196],[139.649376,35.4381109],[139.6493907,35.4381874],[139.6492888,35.4382048],[139.6492923,35.4382278],[139.649203,35.4382409],[139.6491748,35.4381458]]]}},{"type":"Feature","id":453228513,"properties":{"id":"453228513","name":null,"building":"house","amenity":null,"shop":null,"height":null,"height_source":"unknown"},"geometry":{"type":"Polygon","coordinates":[[[139.6496844,35.4393991],[139.6497783,35.4393412],[139.6498105,35.4393707],[139.649826,35.439362],[139.6498829,35.4394221],[139.6497676,35.4394767],[139.6496844,35.4393991]]]}},{"type":"Feature","id":453228514,"properties":{"id":"453228514","name":null,"building":"yes","amenity":null,"shop":null,"height":null,"height_source":"unknown"},"geometry":{"type":"Polygon","coordinates":[[[139.6494712,35.4396012],[139.6495128,35.4395739],[139.649539,35.4396045],[139.6494993,35.4396329],[139.6494712,35.4396012]]]}},{"type":"Feature","id":453228515,"properties":{"id":"453228515","name":null,"building":"house","amenity":null,"shop":null,"height":null,"height_source":"unknown"},"geometry":{"type":"Polygon","coordinates":[[[139.648633,35.4381043],[139.648729,35.4380715],[139.6487644,35.4381568],[139.6486638,35.4381841],[139.648633,35.4381043]]]}},{"type":"Feature","id":453228516,"properties":{"id":"453228516","name":null,"building":"house","amenity":null,"shop":null,"height":null,"height_source":"unknown"},"geometry":{"type":"Polygon","coordinates":[[[139.6486263,35.4385654],[139.6486378,35.4385479],[139.648733,35.4385173],[139.6487572,35.4385545],[139.6487456,35.43856],[139.6487658,35.4386037],[139.6487845,35.438596],[139.6488194,35.4386769],[139.6487148,35.4387075],[139.6486839,35.4386321],[139.6486625,35.4386397],[139.6486263,35.4385654]]]}},{"type":"Feature","id":453228517,"properties":{"id":"453228517","name":null,"building":"house","amenity":null,"shop":null,"height":null,"height_source":"unknown"},"geometry":{"type":"Polygon","coordinates":[[[139.6499942,35.4391598],[139.6500277,35.4391249],[139.6500586,35.4391478],[139.6500862,35.4391249],[139.6501753,35.439174],[139.6501565,35.4391926],[139.650194,35.4392166],[139.650186,35.4392276],[139.6502651,35.4392909],[139.6502316,35.4393248],[139.6502168,35.4393172],[139.6501887,35.4393412],[139.6500814,35.4392702],[139.6500961,35.4392582],[139.6500607,35.4392352],[139.6500701,35.4392221],[139.6500433,35.4392057],[139.6500492,35.4391926],[139.6499942,35.4391598]]]}},{"type":"Feature","id":453228518,"properties":{"id":"453228518","name":null,"building":"house","amenity":null,"shop":null,"height":null,"height_source":"unknown"},"geometry":{"type":"Polygon","coordinates":[[[139.6494028,35.4390746],[139.6494953,35.4390527],[139.6495141,35.4391128],[139.6494832,35.4391183],[139.6494953,35.4391642],[139.6494511,35.4391773],[139.6494283,35.4391554],[139.6494028,35.4390746]]]}},{"type":"Feature","id":453228519,"properties":{"id":"453228519","name":null,"building":"house","amenity":null,"shop":null,"height":null,"height_source":"unknown"},"geometry":{"type":"Polygon","coordinates":[[[139.6496147,35.4393587],[139.649734,35.4392811],[139.6497778,35.439327],[139.6496522,35.4394035],[139.6496147,35.4393587]]]}},{"type":"Feature","id":453228520,"properties":{"id":"453228520","name":null,"building":"house","amenity":null,"shop":null,"height":null,"height_source":"unknown"},"geometry":{"type":"Polygon","coordinates":[[[139.6486611,35.43836],[139.6487778,35.4383261],[139.6488323,35.4384638],[139.648747,35.4384911],[139.6487188,35.4384048],[139.6486799,35.4384146],[139.6486611,35.43836]]]}},{"type":"Feature","id":453228522,"properties":{"id":"453228522","name":null,"building":"house","amenity":null,"shop":null,"height":null,"height_source":"unknown"},"geometry":{"type":"Polygon","coordinates":[[[139.648755,35.4387708],[139.6488248,35.438749],[139.6488564,35.4388211],[139.6489039,35.4388025],[139.6489422,35.4388124],[139.6489503,35.4388386],[139.6489401,35.4388692],[139.6488087,35.4389107],[139.6487832,35.4388572],[139.6488221,35.438843],[139.6488167,35.4388167],[139.6487805,35.4388266],[139.648755,35.4387708]]]}},{"type":"Feature","id":453228523,"properties":{"id":"453228523","name":null,"building":"house","amenity":null,"shop":null,"height":null,"height_source":"unknown"},"geometry":{"type":"Polygon","coordinates":[[[139.649553,35.4392363],[139.6496442,35.4391817],[139.649726,35.439268],[139.6496348,35.439327],[139.649553,35.4392363]]]}},{"type":"Feature","id":453228524,"properties":{"id":"453228524","name":null,"building":"house","amenity":null,"shop":null,"height":null,"height_source":"unknown"},"geometry":{"type":"Polygon","coordinates":[[[139.6486518,35.4382704],[139.6487786,35.4382289],[139.6488046,35.4382802],[139.6487671,35.438289],[139.6487725,35.4383097],[139.648688,35.4383338],[139.6486518,35.4382704]]]}},{"type":"Feature","id":453228525,"properties":{"id":"453228525","name":null,"building":"yes","amenity":null,"shop":null,"height":null,"height_source":"unknown"},"geometry":{"type":"Polygon","coordinates":[[[139.6497448,35.4390221],[139.6498266,35.4390058],[139.6498561,35.4391281],[139.6498333,35.4391314],[139.6498333,35.4391434],[139.6497984,35.4391489],[139.649793,35.4391249],[139.6497743,35.4391281],[139.6497448,35.4390221]]]}},{"type":"Feature","id":453228527,"properties":{"id":"453228527","name":null,"building":"house","amenity":null,"shop":null,"height":null,"height_source":"unknown"},"geometry":{"type":"Polygon","coordinates":[[[139.6483165,35.4381284],[139.6484112,35.4381109],[139.6484265,35.4381513],[139.6484533,35.4381469],[139.6484573,35.4381743],[139.6484957,35.4381677],[139.6485056,35.4382158],[139.6483728,35.4382486],[139.6483701,35.4382234],[139.6483339,35.4382278],[139.6483165,35.4381284]]]}},{"type":"Feature","id":453228528,"properties":{"id":"453228528","name":null,"building":"house","amenity":null,"shop":null,"height":null,"height_source":"unknown"},"geometry":{"type":"Polygon","coordinates":[[[139.6487698,35.4385447],[139.6488462,35.4385228],[139.6489717,35.4385468],[139.6489549,35.4386386],[139.6489253,35.4386321],[139.6488301,35.4386594],[139.6487698,35.4385447]]]}},{"type":"Feature","id":453228529,"properties":{"id":"453228529","name":null,"building":"house","amenity":null,"shop":null,"height":null,"height_source":"unknown"},"geometry":{"type":"Polygon","coordinates":[[[139.6499272,35.4388244],[139.6499977,35.4387883],[139.6500599,35.4388714],[139.6499942,35.4388998],[139.6500143,35.4389336],[139.6499339,35.4389664],[139.6498829,35.4388856],[139.6499486,35.4388561],[139.6499272,35.4388244]]]}},{"type":"Feature","id":453228530,"properties":{"id":"453228530","name":null,"building":"house","amenity":null,"shop":null,"height":null,"height_source":"unknown"},"geometry":{"type":"Polygon","coordinates":[[[139.6501981,35.4391893],[139.6502825,35.4391161],[139.6503357,35.4391544],[139.6503067,35.4391871],[139.6503295,35.4392057],[139.6502745,35.4392549],[139.6501981,35.4391893]]]}},{"type":"Feature","id":453228531,"properties":{"id":"453228531","name":null,"building":"house","amenity":null,"shop":null,"height":null,"height_source":"unknown"},"geometry":{"type":"Polygon","coordinates":[[[139.649785,35.4395925],[139.6498502,35.4396023],[139.6498467,35.4396329],[139.6497769,35.4396275],[139.649785,35.4395925]]]}},{"type":"Feature","id":453228533,"properties":{"id":"453228533","name":null,"building":"house","amenity":null,"shop":null,"height":null,"height_source":"unknown"},"geometry":{"type":"Polygon","coordinates":[[[139.6494578,35.4391882],[139.6495256,35.4391729],[139.6495423,35.4392243],[139.6494792,35.4392429],[139.6494578,35.4391882]]]}},{"type":"Feature","id":453228534,"properties":{"id":"453228534","name":null,"building":"house","amenity":null,"shop":null,"height":null,"height_source":"unknown"},"geometry":{"type":"Polygon","coordinates":[[[139.648527,35.4384267],[139.648641,35.4383895],[139.6486713,35.438466],[139.6485619,35.4385042],[139.648527,35.4384267]]]}},{"type":"Feature","id":453228535,"properties":{"id":"453228535","name":null,"building":"house","amenity":null,"shop":null,"height":null,"height_source":"unknown"},"geometry":{"type":"Polygon","coordinates":[[[139.6502906,35.4388878],[139.6503196,35.4388845],[139.6503845,35.4388845],[139.6503872,35.4389347],[139.6504684,35.4389315],[139.650469,35.4389763],[139.6503965,35.4389795],[139.6503818,35.4390014],[139.650355,35.4390003],[139.6503496,35.4390462],[139.6502986,35.4390429],[139.6502906,35.4388878]]]}},{"type":"Feature","id":453228536,"properties":{"id":"453228536","name":null,"building":"house","amenity":null,"shop":null,"height":null,"height_source":"unknown"},"geometry":{"type":"Polygon","coordinates":[[[139.6501337,35.4390593],[139.650131,35.4389599],[139.6501726,35.4389599],[139.6501726,35.4389413],[139.6502163,35.4389391],[139.6502163,35.4389533],[139.6502705,35.4389555],[139.6502745,35.4390615],[139.6501337,35.4390593]]]}},{"type":"Feature","id":453228537,"properties":{"id":"453228537","name":null,"building":"house","amenity":null,"shop":null,"height":null,"height_source":"unknown"},"geometry":{"type":"Polygon","coordinates":[[[139.6495114,35.4392735],[139.6495436,35.4392461],[139.6496133,35.4393193],[139.6495771,35.4393401],[139.6495114,35.4392735]]]}},{"type":"Feature","id":453228538,"properties":{"id":"453228538","name":null,"building":"house","amenity":null,"shop":null,"height":null,"height_source":"unknown"},"geometry":{"type":"Polygon","coordinates":[[[139.649962,35.4396559],[139.6499969,35.4395499],[139.6500653,35.439563],[139.6500733,35.4395368],[139.6501264,35.4395499],[139.6501136,35.4396012],[139.6500747,35.4396329],[139.6500572,35.4396242],[139.6500479,35.4396548],[139.6500304,35.4396777],[139.649962,35.4396559]]]}},{"type":"Feature","id":453228539,"properties":{"id":"453228539","name":null,"building":"house","amenity":null,"shop":null,"height":null,"height_source":"unknown"},"geometry":{"type":"Polygon","coordinates":[[[139.6488154,35.4389446],[139.6488905,35.4389194],[139.6489173,35.4389227],[139.6489401,35.4389402],[139.6489334,35.438961],[139.64892,35.4389708],[139.6489642,35.4390549],[139.6489575,35.4390768],[139.6488543,35.4391117],[139.6488087,35.4389959],[139.6488194,35.4389839],[139.6488154,35.4389446]]]}},{"type":"Feature","id":453228540,"properties":{"id":"453228540","name":null,"building":"house","amenity":null,"shop":null,"height":null,"height_source":"unknown"},"geometry":{"type":"Polygon","coordinates":[[[139.6495288,35.4391074],[139.6496302,35.4390954],[139.649645,35.439162],[139.6495932,35.4392035],[139.6495503,35.4392155],[139.6495288,35.4391074]]]}},{"type":"Feature","id":453228543,"properties":{"id":"453228543","name":null,"building":"house","amenity":null,"shop":null,"height":null,"height_source":"unknown"},"geometry":{"type":"Polygon","coordinates":[[[139.6497877,35.4395521],[139.649789,35.4395106],[139.6497997,35.4395116],[139.6498118,35.4394658],[139.649873,35.4394712],[139.6498588,35.4395652],[139.6497877,35.4395521]]]}},{"type":"Feature","id":453228544,"properties":{"id":"453228544","name":"クリフサイド","building":"retail","amenity":"nightclub","shop":null,"height":null,"height_source":"unknown"},"geometry":{"type":"Polygon","coordinates":[[[139.6493887,35.4387283],[139.6492705,35.4387279],[139.6492704,35.4386995],[139.6491424,35.4386971],[139.6491352,35.4385168],[139.6491513,35.438516],[139.649152,35.4384326],[139.6492047,35.4384313],[139.6492043,35.4383969],[139.649276,35.438396],[139.6492757,35.4383627],[139.6493424,35.4383622],[139.6493438,35.43839],[139.6493969,35.4383889],[139.6493951,35.4384993],[139.649421,35.438499],[139.6494208,35.4385225],[139.6494364,35.4385226],[139.649441,35.4386684],[139.6494306,35.4386684],[139.6494298,35.4386925],[139.649389,35.438693],[139.6493887,35.4387283]]]}},{"type":"Feature","id":453228545,"properties":{"id":"453228545","name":null,"building":"house","amenity":null,"shop":null,"height":null,"height_source":"unknown"},"geometry":{"type":"Polygon","coordinates":[[[139.6493129,35.4388965],[139.6493612,35.4388768],[139.6493701,35.4388987],[139.6494175,35.4388823],[139.6494685,35.4389916],[139.6493768,35.4390221],[139.6493129,35.4388965]]]}},{"type":"Feature","id":453228546,"properties":{"id":"453228546","name":null,"building":"house","amenity":null,"shop":null,"height":null,"height_source":"unknown"},"geometry":{"type":"Polygon","coordinates":[[[139.648865,35.4381743],[139.6489709,35.4381196],[139.6489897,35.4381349],[139.6490554,35.4381065],[139.6490796,35.4381295],[139.6490675,35.43816],[139.6491085,35.438183],[139.6491279,35.4382169],[139.6490715,35.4382518],[139.6490393,35.4382846],[139.64903,35.4383349],[139.6490809,35.4383425],[139.6491238,35.4383447],[139.6491211,35.4383982],[139.6490849,35.4383873],[139.6490568,35.4383753],[139.649038,35.4384048],[139.6489991,35.4384212],[139.6489535,35.4384201],[139.6489302,35.4384059],[139.6489146,35.4383687],[139.6489307,35.4383316],[139.6489347,35.4382781],[139.648865,35.4381743]]]}},{"type":"Feature","id":453228547,"properties":{"id":"453228547","name":null,"building":"house","amenity":null,"shop":null,"height":null,"height_source":"unknown"},"geometry":{"type":"Polygon","coordinates":[[[139.6485002,35.437865],[139.6486169,35.4378716],[139.6486249,35.4378312],[139.6487116,35.4378377],[139.6487014,35.4379819],[139.6486759,35.4379798],[139.6486692,35.4380213],[139.6484922,35.4380136],[139.6485002,35.437865]]]}},{"type":"Feature","id":453228548,"properties":{"id":"453228548","name":null,"building":"house","amenity":null,"shop":null,"height":null,"height_source":"unknown"},"geometry":{"type":"Polygon","coordinates":[[[139.6484868,35.4380967],[139.6485378,35.4380814],[139.6485659,35.438148],[139.6486231,35.4381349],[139.6486445,35.4381906],[139.6485324,35.4382169],[139.6484868,35.4380967]]]}},{"type":"Feature","id":453228549,"properties":{"id":"453228549","name":null,"building":"house","amenity":null,"shop":null,"height":null,"height_source":"unknown"},"geometry":{"type":"Polygon","coordinates":[[[139.649726,35.4389096],[139.6497729,35.438903],[139.6497904,35.4390025],[139.6497139,35.4390189],[139.6497045,35.4389763],[139.6497568,35.438973],[139.6497515,35.4389522],[139.64973,35.4389522],[139.649726,35.4389096]]]}},{"type":"Feature","id":453228551,"properties":{"id":"453228551","name":null,"building":"house","amenity":null,"shop":null,"height":null,"height_source":"unknown"},"geometry":{"type":"Polygon","coordinates":[[[139.6484586,35.4382518],[139.6486276,35.4382114],[139.6486477,35.4382573],[139.648629,35.4382617],[139.6486464,35.4383185],[139.6485083,35.4383633],[139.6484586,35.4382518]]]}},{"type":"Feature","id":453228552,"properties":{"id":"453228552","name":null,"building":"house","amenity":null,"shop":null,"height":null,"height_source":"unknown"},"geometry":{"type":"Polygon","coordinates":[[[139.6497716,35.4391675],[139.6498588,35.43915],[139.6499092,35.4392297],[139.6498386,35.4392582],[139.6498038,35.4392276],[139.6497716,35.4391675]]]}},{"type":"Feature","id":453228553,"properties":{"id":"453228553","name":null,"building":"house","amenity":null,"shop":null,"height":null,"height_source":"unknown"},"geometry":{"type":"Polygon","coordinates":[[[139.6500613,35.4394472],[139.6500867,35.4394035],[139.650131,35.4394166],[139.6501551,35.4394308],[139.6501686,35.4394166],[139.6501927,35.4394253],[139.6502276,35.4394199],[139.6502418,35.4394286],[139.6502557,35.4394221],[139.6502799,35.4394373],[139.6502007,35.439516],[139.6501632,35.4395073],[139.6501484,35.4395422],[139.6500841,35.4395215],[139.6501109,35.439469],[139.6500613,35.4394472]]]}},{"type":"Feature","id":453228554,"properties":{"id":"453228554","name":null,"building":"house","amenity":null,"shop":null,"height":null,"height_source":"unknown"},"geometry":{"type":"Polygon","coordinates":[[[139.6495141,35.4390451],[139.6496275,35.4390364],[139.6496335,35.4390822],[139.6495248,35.4390986],[139.6495141,35.4390451]]]}},{"type":"Feature","id":453228556,"properties":{"id":"453228556","name":null,"building":"house","amenity":null,"shop":null,"height":null,"height_source":"unknown"},"geometry":{"type":"Polygon","coordinates":[[[139.64949,35.439645],[139.6496308,35.4395652],[139.6497067,35.4396362],[139.6495651,35.439728],[139.64949,35.439645]]]}},{"type":"Feature","id":453228559,"properties":{"id":"453228559","name":null,"building":"house","amenity":null,"shop":null,"height":null,"height_source":"unknown"},"geometry":{"type":"Polygon","coordinates":[[[139.6492003,35.4389457],[139.6492928,35.4389129],[139.6493277,35.4389861],[139.6492298,35.4390167],[139.6492003,35.4389457]]]}},{"type":"Feature","id":453228561,"properties":{"id":"453228561","name":null,"building":"house","amenity":null,"shop":null,"height":null,"height_source":"unknown"},"geometry":{"type":"Polygon","coordinates":[[[139.649844,35.4392647],[139.6499186,35.4392385],[139.6499266,35.4392549],[139.6499655,35.4392363],[139.649995,35.4392735],[139.6498963,35.4393325],[139.649844,35.4392647]]]}},{"type":"Feature","id":453228563,"properties":{"id":"453228563","name":null,"building":"house","amenity":null,"shop":null,"height":null,"height_source":"unknown"},"geometry":{"type":"Polygon","coordinates":[[[139.6483567,35.4379557],[139.648464,35.4379601],[139.64846,35.4380311],[139.6483581,35.4380322],[139.6483567,35.4379557]]]}},{"type":"Feature","id":453228565,"properties":{"id":"453228565","name":null,"building":"house","amenity":null,"shop":null,"height":null,"height_source":"unknown"},"geometry":{"type":"Polygon","coordinates":[[[139.6492418,35.4390713],[139.6493263,35.4390418],[139.6493572,35.4390997],[139.6492727,35.4391281],[139.6492418,35.4390713]]]}},{"type":"Feature","id":453231495,"properties":{"id":"453231495","name":"ビューテラス山手1","building":"apartments","amenity":null,"shop":null,"height":null,"height_source":"unknown"},"geometry":{"type":"Polygon","coordinates":[[[139.6483645,35.4389152],[139.6483224,35.438822],[139.6483798,35.4388047],[139.648362,35.4387655],[139.6484166,35.4387491],[139.6484004,35.4387133],[139.6484575,35.4386962],[139.6484405,35.4386587],[139.6485223,35.4386342],[139.6485642,35.4387269],[139.6485089,35.4387436],[139.6485258,35.4387811],[139.648465,35.4387993],[139.6484821,35.4388372],[139.6484264,35.4388539],[139.6484434,35.4388916],[139.6483645,35.4389152]]]}},{"type":"Feature","id":453231497,"properties":{"id":"453231497","name":null,"building":"house","amenity":null,"shop":null,"height":null,"height_source":"unknown"},"geometry":{"type":"Polygon","coordinates":[[[139.6485889,35.439261],[139.6487112,35.4392264],[139.6487224,35.4392526],[139.6487791,35.4392365],[139.6487998,35.4392851],[139.6487143,35.4393093],[139.648712,35.439304],[139.6486315,35.4393268],[139.6486184,35.4392962],[139.6486054,35.4392998],[139.6485889,35.439261]]]}},{"type":"Feature","id":453231498,"properties":{"id":"453231498","name":null,"building":"house","amenity":null,"shop":null,"height":null,"height_source":"unknown"},"geometry":{"type":"Polygon","coordinates":[[[139.6482079,35.4381852],[139.6482213,35.438148],[139.6482481,35.4381458],[139.6482709,35.4382671],[139.6482146,35.4382748],[139.6482079,35.4381852]]]}},{"type":"Feature","id":453231499,"properties":{"id":"453231499","name":null,"building":"house","amenity":null,"shop":null,"height":null,"height_source":"unknown"},"geometry":{"type":"Polygon","coordinates":[[[139.6482977,35.4384813],[139.6483487,35.438442],[139.6483951,35.4385086],[139.6483245,35.4385731],[139.6482897,35.4385468],[139.6483017,35.438525],[139.648287,35.4385163],[139.6483084,35.4384966],[139.6482977,35.4384813]]]}},{"type":"Feature","id":453231500,"properties":{"id":"453231500","name":null,"building":"house","amenity":null,"shop":null,"height":null,"height_source":"unknown"},"geometry":{"type":"Polygon","coordinates":[[[139.6486866,35.4390473],[139.6487269,35.439032],[139.6487725,35.4391292],[139.6487295,35.4391456],[139.6486866,35.4390473]]]}},{"type":"Feature","id":453231501,"properties":{"id":"453231501","name":"ヒルズ元町","building":"apartments","amenity":null,"shop":null,"height":null,"height_source":"unknown"},"geometry":{"type":"Polygon","coordinates":[[[139.6480737,35.4387938],[139.648096,35.4387577],[139.648114,35.4387687],[139.6481234,35.4387501],[139.6481979,35.4387774],[139.6481663,35.4388331],[139.6480737,35.4387938]]]}},{"type":"Feature","id":453231503,"properties":{"id":"453231503","name":null,"building":"house","amenity":null,"shop":null,"height":null,"height_source":"unknown"},"geometry":{"type":"Polygon","coordinates":[[[139.6482172,35.4383819],[139.648291,35.4383371],[139.6483607,35.4384081],[139.6482789,35.4384572],[139.6482172,35.4383819]]]}},{"type":"Feature","id":453231504,"properties":{"id":"453231504","name":"パール元町","building":"house","amenity":null,"shop":null,"height":null,"height_source":"unknown"},"geometry":{"type":"Polygon","coordinates":[[[139.6481314,35.4387118],[139.6481751,35.4386441],[139.6482199,35.4386605],[139.6482132,35.4386769],[139.6482543,35.4386911],[139.6482239,35.4387512],[139.6481314,35.4387118]]]}},{"type":"Feature","id":453231505,"properties":{"id":"453231505","name":null,"building":"house","amenity":null,"shop":null,"height":null,"height_source":"unknown"},"geometry":{"type":"Polygon","coordinates":[[[139.6482843,35.4386397],[139.6483991,35.4385337],[139.648464,35.4385818],[139.648342,35.4386845],[139.6482843,35.4386397]]]}},{"type":"Feature","id":453231506,"properties":{"id":"453231506","name":null,"building":"house","amenity":null,"shop":null,"height":null,"height_source":"unknown"},"geometry":{"type":"Polygon","coordinates":[[[139.6486853,35.4393871],[139.6487818,35.4393631],[139.6488207,35.4394756],[139.6487295,35.4395018],[139.6486853,35.4393871]]]}},{"type":"Feature","id":453231507,"properties":{"id":"453231507","name":null,"building":"house","amenity":null,"shop":null,"height":null,"height_source":"unknown"},"geometry":{"type":"Polygon","coordinates":[[[139.6484385,35.439315],[139.648552,35.4392745],[139.6485968,35.4393773],[139.6485793,35.4393849],[139.6485887,35.4394078],[139.6485096,35.4394352],[139.6485016,35.4394155],[139.6484734,35.4394231],[139.6484385,35.439315]]]}},{"type":"Feature","id":453231509,"properties":{"id":"453231509","name":null,"building":"house","amenity":null,"shop":null,"height":null,"height_source":"unknown"},"geometry":{"type":"Polygon","coordinates":[[[139.6484412,35.4391533],[139.6485512,35.4391172],[139.6485498,35.4391063],[139.6486772,35.4390659],[139.6487202,35.4391587],[139.6486062,35.4391882],[139.6486142,35.4392035],[139.6484734,35.4392418],[139.6484412,35.4391533]]]}},{"type":"Feature","id":453231510,"properties":{"id":"453231510","name":null,"building":"house","amenity":null,"shop":null,"height":null,"height_source":"unknown"},"geometry":{"type":"Polygon","coordinates":[[[139.648751,35.4395051],[139.6488328,35.4394821],[139.6488315,35.4394603],[139.6488771,35.4394494],[139.6488966,35.4394996],[139.6487706,35.439528],[139.648751,35.4395051]]]}},{"type":"Feature","id":453231511,"properties":{"id":"453231511","name":"エポック元町","building":"apartments","amenity":null,"shop":null,"height":null,"height_source":"unknown"},"geometry":{"type":"Polygon","coordinates":[[[139.6480201,35.4388626],[139.648063,35.438808],[139.6481818,35.4388615],[139.6481462,35.4389205],[139.6480201,35.4388626]]]}},{"type":"Feature","id":453231512,"properties":{"id":"453231512","name":"ビューテラス山手2","building":"apartments","amenity":null,"shop":null,"height":null,"height_source":"unknown"},"geometry":{"type":"Polygon","coordinates":[[[139.6483983,35.4389741],[139.6486464,35.4388998],[139.6486866,35.4389883],[139.6486392,35.4390014],[139.648637,35.4390178],[139.6485042,35.4390615],[139.6485002,35.4390484],[139.6484506,35.4390626],[139.6483983,35.4389741]]]}},{"type":"Feature","id":453231513,"properties":{"id":"453231513","name":null,"building":"house","amenity":null,"shop":null,"height":null,"height_source":"unknown"},"geometry":{"type":"Polygon","coordinates":[[[139.6485311,35.4396734],[139.6485753,35.4396351],[139.6486035,35.4396537],[139.6486552,35.4396122],[139.6486826,35.4396275],[139.6487049,35.4396111],[139.6487282,35.4396231],[139.6487591,35.439598],[139.6487912,35.439622],[139.6486209,35.4397553],[139.6485311,35.4396734]]]}},{"type":"Feature","id":453231514,"properties":{"id":"453231514","name":null,"building":"house","amenity":null,"shop":null,"height":null,"height_source":"unknown"},"geometry":{"type":"Polygon","coordinates":[[[139.6484761,35.4394953],[139.6486357,35.439457],[139.6486585,35.4395106],[139.6486384,35.439516],[139.6486539,35.4395597],[139.6485136,35.4395925],[139.6484761,35.4394953]]]}},{"type":"Feature","id":453240349,"properties":{"id":"453240349","name":"ジュネス山手弐番館","building":"house","amenity":null,"shop":null,"height":null,"height_source":"unknown"},"geometry":{"type":"Polygon","coordinates":[[[139.6480228,35.4384671],[139.6481161,35.4384758],[139.6481113,35.4385381],[139.6480965,35.4385359],[139.6480872,35.4385895],[139.6480094,35.4385774],[139.6480228,35.4384671]]]}},{"type":"Feature","id":453240351,"properties":{"id":"453240351","name":null,"building":"house","amenity":null,"shop":null,"height":null,"height_source":"unknown"},"geometry":{"type":"Polygon","coordinates":[[[139.6477533,35.4389642],[139.6477747,35.4389686],[139.6477721,35.4390309],[139.6477399,35.4390254],[139.6477533,35.4389642]]]}},{"type":"Feature","id":453240352,"properties":{"id":"453240352","name":null,"building":"house","amenity":null,"shop":null,"height":null,"height_source":"unknown"},"geometry":{"type":"Polygon","coordinates":[[[139.6474287,35.4389981],[139.6474448,35.4389719],[139.6474931,35.4389905],[139.6474818,35.4390112],[139.6474623,35.4390473],[139.6474287,35.4390364],[139.6474462,35.4390112],[139.6474287,35.4389981]]]}},{"type":"Feature","id":453240353,"properties":{"id":"453240353","name":null,"building":"house","amenity":null,"shop":null,"height":null,"height_source":"unknown"},"geometry":{"type":"Polygon","coordinates":[[[139.6478136,35.4386692],[139.6478284,35.4386266],[139.6480102,35.438667],[139.6479973,35.4387129],[139.6478136,35.4386692]]]}},{"type":"Feature","id":453240354,"properties":{"id":"453240354","name":"ラ・コリーナ元町","building":"house","amenity":null,"shop":null,"height":null,"height_source":"unknown"},"geometry":{"type":"Polygon","coordinates":[[[139.6477198,35.4388266],[139.6477372,35.438773],[139.6477969,35.4387861],[139.6477935,35.4388025],[139.6478975,35.4388266],[139.647882,35.4388681],[139.6477198,35.4388266]]]}},{"type":"Feature","id":453240355,"properties":{"id":"453240355","name":null,"building":"house","amenity":null,"shop":null,"height":null,"height_source":"unknown"},"geometry":{"type":"Polygon","coordinates":[[[139.6474596,35.4390637],[139.6475079,35.4389916],[139.6475421,35.439009],[139.6474958,35.4390844],[139.6474596,35.4390637]]]}},{"type":"Feature","id":453240356,"properties":{"id":"453240356","name":null,"building":"house","amenity":null,"shop":null,"height":null,"height_source":"unknown"},"geometry":{"type":"Polygon","coordinates":[[[139.6475052,35.4391751],[139.6475333,35.4391292],[139.647573,35.4391478],[139.6475454,35.4391948],[139.6475052,35.4391751]]]}},{"type":"Feature","id":453240357,"properties":{"id":"453240357","name":null,"building":"house","amenity":null,"shop":null,"height":null,"height_source":"unknown"},"geometry":{"type":"Polygon","coordinates":[[[139.6474448,35.4391784],[139.6474837,35.4391194],[139.647518,35.4391347],[139.6474945,35.4391729],[139.6474717,35.4391948],[139.6474448,35.4391784]]]}},{"type":"Feature","id":453240359,"properties":{"id":"453240359","name":null,"building":"house","amenity":null,"shop":null,"height":null,"height_source":"unknown"},"geometry":{"type":"Polygon","coordinates":[[[139.6476125,35.4393073],[139.6476286,35.4392582],[139.6477278,35.4392724],[139.6477157,35.4393237],[139.6476125,35.4393073]]]}},{"type":"Feature","id":453240360,"properties":{"id":"453240360","name":null,"building":"house","amenity":null,"shop":null,"height":null,"height_source":"unknown"},"geometry":{"type":"Polygon","coordinates":[[[139.6477694,35.438737],[139.6477922,35.4386845],[139.6479699,35.438726],[139.6479517,35.4387774],[139.6477694,35.438737]]]}},{"type":"Feature","id":453240361,"properties":{"id":"453240361","name":null,"building":"house","amenity":null,"shop":null,"height":null,"height_source":"unknown"},"geometry":{"type":"Polygon","coordinates":[[[139.647465,35.4392319],[139.6474945,35.439186],[139.6475381,35.4392068],[139.6475079,35.4392549],[139.647465,35.4392319]]]}},{"type":"Feature","id":453240362,"properties":{"id":"453240362","name":null,"building":"house","amenity":null,"shop":null,"height":null,"height_source":"unknown"},"geometry":{"type":"Polygon","coordinates":[[[139.6475588,35.4387927],[139.647583,35.4387195],[139.6477245,35.4387523],[139.647701,35.4388266],[139.6475588,35.4387927]]]}},{"type":"Feature","id":453240363,"properties":{"id":"453240363","name":null,"building":"yes","amenity":null,"shop":null,"height":null,"height_source":"unknown"},"geometry":{"type":"Polygon","coordinates":[[[139.6477587,35.4389522],[139.6477841,35.4388725],[139.647878,35.438891],[139.6478445,35.4389752],[139.6477587,35.4389522]]]}},{"type":"Feature","id":453240364,"properties":{"id":"453240364","name":null,"building":"house","amenity":null,"shop":null,"height":null,"height_source":"unknown"},"geometry":{"type":"Polygon","coordinates":[[[139.6475427,35.4390265],[139.6475615,35.4389981],[139.6476084,35.4390189],[139.6475897,35.4390506],[139.6475427,35.4390265]]]}},{"type":"Feature","id":453240365,"properties":{"id":"453240365","name":null,"building":"house","amenity":null,"shop":null,"height":null,"height_source":"unknown"},"geometry":{"type":"Polygon","coordinates":[[[139.6475977,35.4391161],[139.6476312,35.4390506],[139.6476795,35.439068],[139.6476728,35.4390822],[139.6476937,35.439091],[139.6476621,35.4391478],[139.6475977,35.4391161]]]}},{"type":"Feature","id":453240366,"properties":{"id":"453240366","name":null,"building":"house","amenity":null,"shop":null,"height":null,"height_source":"unknown"},"geometry":{"type":"Polygon","coordinates":[[[139.6475159,35.4390724],[139.6475347,35.4390451],[139.6476017,35.4390735],[139.647587,35.4391008],[139.6475159,35.4390724]]]}},{"type":"Feature","id":453240367,"properties":{"id":"453240367","name":null,"building":"house","amenity":null,"shop":null,"height":null,"height_source":"unknown"},"geometry":{"type":"Polygon","coordinates":[[[139.6473644,35.4391915],[139.6474328,35.439091],[139.647477,35.439115],[139.64741,35.4392166],[139.6473644,35.4391915]]]}},{"type":"Feature","id":453240368,"properties":{"id":"453240368","name":null,"building":"house","amenity":null,"shop":null,"height":null,"height_source":"unknown"},"geometry":{"type":"Polygon","coordinates":[[[139.6478043,35.4390123],[139.647815,35.4389828],[139.6478686,35.4389916],[139.6478539,35.4390276],[139.6478043,35.4390123]]]}},{"type":"Feature","id":453240369,"properties":{"id":"453240369","name":null,"building":"house","amenity":null,"shop":null,"height":null,"height_source":"unknown"},"geometry":{"type":"Polygon","coordinates":[[[139.6479383,35.4386343],[139.6479557,35.438584],[139.6480644,35.4386048],[139.6480483,35.4386616],[139.6479383,35.4386343]]]}},{"type":"Feature","id":453246858,"properties":{"id":"453246858","name":null,"building":"house","amenity":null,"shop":null,"height":null,"height_source":"unknown"},"geometry":{"type":"Polygon","coordinates":[[[139.6473121,35.4391675],[139.6473925,35.4390593],[139.6474301,35.4390746],[139.6473563,35.4391882],[139.6473121,35.4391675]]]}},{"type":"Feature","id":453246863,"properties":{"id":"453246863","name":null,"building":"house","amenity":null,"shop":null,"height":null,"height_source":"unknown"},"geometry":{"type":"Polygon","coordinates":[[[139.6472732,35.4391522],[139.6473201,35.4390844],[139.6473504,35.4390954],[139.6473027,35.4391686],[139.6472732,35.4391522]]]}},{"type":"Feature","id":453246869,"properties":{"id":"453246869","name":null,"building":"house","amenity":null,"shop":null,"height":null,"height_source":"unknown"},"geometry":{"type":"Polygon","coordinates":[[[139.6473255,35.4390757],[139.6473504,35.4390353],[139.6473831,35.4390484],[139.647355,35.4390888],[139.6473255,35.4390757]]]}},{"type":"Feature","id":453246871,"properties":{"id":"453246871","name":null,"building":"house","amenity":null,"shop":null,"height":null,"height_source":"unknown"},"geometry":{"type":"Polygon","coordinates":[[[139.6472034,35.4391161],[139.6472364,35.4390691],[139.6472632,35.4390801],[139.6472699,35.4390702],[139.6473048,35.4390855],[139.6472651,35.4391511],[139.6472034,35.4391161]]]}},{"type":"Feature","id":453246876,"properties":{"id":"453246876","name":null,"building":"house","amenity":null,"shop":null,"height":null,"height_source":"unknown"},"geometry":{"type":"Polygon","coordinates":[[[139.6471364,35.4390768],[139.6471766,35.4390068],[139.6472437,35.4390396],[139.6472021,35.4391063],[139.6471364,35.4390768]]]}},{"type":"Feature","id":453246900,"properties":{"id":"453246900","name":null,"building":"yes","amenity":null,"shop":null,"height":null,"height_source":"unknown"},"geometry":{"type":"Polygon","coordinates":[[[139.6471873,35.4389981],[139.6472008,35.4389752],[139.6472665,35.4390047],[139.6472477,35.4390331],[139.6471873,35.4389981]]]}},{"type":"Feature","id":453246902,"properties":{"id":"453246902","name":null,"building":"house","amenity":null,"shop":null,"height":null,"height_source":"unknown"},"geometry":{"type":"Polygon","coordinates":[[[139.6472879,35.4389872],[139.6473147,35.43895],[139.6474174,35.4389894],[139.6474033,35.4390221],[139.6473872,35.4390101],[139.6473751,35.4390265],[139.6472879,35.4389872]]]}},{"type":"Feature","id":453246905,"properties":{"id":"453246905","name":null,"building":"house","amenity":null,"shop":null,"height":null,"height_source":"unknown"},"geometry":{"type":"Polygon","coordinates":[[[139.6472517,35.4390473],[139.6472866,35.4390047],[139.647341,35.4390342],[139.6473134,35.4390779],[139.6472517,35.4390473]]]}},{"type":"Feature","id":453254349,"properties":{"id":"453254349","name":null,"building":"house","amenity":null,"shop":null,"height":null,"height_source":"unknown"},"geometry":{"type":"Polygon","coordinates":[[[139.6473737,35.4395193],[139.6474421,35.4394198],[139.6474772,35.4394338],[139.6474075,35.4395343],[139.6473737,35.4395193]]]}},{"type":"Feature","id":453254350,"properties":{"id":"453254350","name":null,"building":"yes","amenity":null,"shop":null,"height":null,"height_source":"unknown"},"geometry":{"type":"Polygon","coordinates":[[[139.6476915,35.4395542],[139.6476929,35.4395433],[139.6477237,35.4395466],[139.6477237,35.4395597],[139.6476915,35.4395542]]]}},{"type":"Feature","id":453254351,"properties":{"id":"453254351","name":null,"building":"house","amenity":null,"shop":null,"height":null,"height_source":"unknown"},"geometry":{"type":"Polygon","coordinates":[[[139.6474622,35.4394013],[139.6475148,35.4393224],[139.6475829,35.4393565],[139.6475349,35.4394316],[139.6474622,35.4394013]]]}},{"type":"Feature","id":453254352,"properties":{"id":"453254352","name":null,"building":"house","amenity":null,"shop":null,"height":null,"height_source":"unknown"},"geometry":{"type":"Polygon","coordinates":[[[139.6473415,35.4393947],[139.6473925,35.4393215],[139.6474796,35.4393619],[139.6474222,35.4394327],[139.6473415,35.4393947]]]}},{"type":"Feature","id":453254353,"properties":{"id":"453254353","name":null,"building":"house","amenity":null,"shop":null,"height":null,"height_source":"unknown"},"geometry":{"type":"Polygon","coordinates":[[[139.6472973,35.439457],[139.647331,35.4394054],[139.6474059,35.439445],[139.6473699,35.4394961],[139.6472973,35.439457]]]}},{"type":"Feature","id":453254354,"properties":{"id":"453254354","name":null,"building":"house","amenity":null,"shop":null,"height":null,"height_source":"unknown"},"geometry":{"type":"Polygon","coordinates":[[[139.6472852,35.4393324],[139.6473431,35.4392382],[139.6474059,35.4392723],[139.6473485,35.4393617],[139.6472852,35.4393324]]]}},{"type":"Feature","id":453254355,"properties":{"id":"453254355","name":null,"building":"house","amenity":null,"shop":null,"height":null,"height_source":"unknown"},"geometry":{"type":"Polygon","coordinates":[[[139.6476473,35.4396701],[139.6476811,35.4396327],[139.6477709,35.4396545],[139.6477428,35.4397267],[139.6476473,35.4396701]]]}},{"type":"Feature","id":453254356,"properties":{"id":"453254356","name":null,"building":"house","amenity":null,"shop":null,"height":null,"height_source":"unknown"},"geometry":{"type":"Polygon","coordinates":[[[139.647422,35.4395335],[139.6474906,35.4394371],[139.6475215,35.4394513],[139.6474542,35.4395542],[139.647422,35.4395335]]]}},{"type":"Feature","id":453254357,"properties":{"id":"453254357","name":null,"building":"house","amenity":null,"shop":null,"height":null,"height_source":"unknown"},"geometry":{"type":"Polygon","coordinates":[[[139.6476567,35.4394319],[139.6476781,35.4393608],[139.6477184,35.4393696],[139.6476972,35.4394382],[139.6476567,35.4394319]]]}},{"type":"Feature","id":453254358,"properties":{"id":"453254358","name":null,"building":"house","amenity":null,"shop":null,"height":null,"height_source":"unknown"},"geometry":{"type":"Polygon","coordinates":[[[139.6472221,35.4394166],[139.6472774,35.4393388],[139.6473364,35.4393715],[139.6472841,35.4394491],[139.6472221,35.4394166]]]}},{"type":"Feature","id":453254359,"properties":{"id":"453254359","name":null,"building":"house","amenity":null,"shop":null,"height":null,"height_source":"unknown"},"geometry":{"type":"Polygon","coordinates":[[[139.6476795,35.4396209],[139.6476875,35.4395947],[139.6477519,35.4396111],[139.6477465,35.4396351],[139.6476795,35.4396209]]]}},{"type":"Feature","id":453254360,"properties":{"id":"453254360","name":null,"building":"house","amenity":null,"shop":null,"height":null,"height_source":"unknown"},"geometry":{"type":"Polygon","coordinates":[[[139.6475494,35.4396165],[139.6476261,35.4395365],[139.647654,35.4395575],[139.6475899,35.4396382],[139.6475494,35.4396165]]]}},{"type":"Feature","id":453254361,"properties":{"id":"453254361","name":null,"building":"house","amenity":null,"shop":null,"height":null,"height_source":"unknown"},"geometry":{"type":"Polygon","coordinates":[[[139.6476875,35.4395619],[139.6477774,35.4395684],[139.6477763,35.4395999],[139.6476851,35.439589],[139.6476875,35.4395619]]]}},{"type":"Feature","id":453254362,"properties":{"id":"453254362","name":null,"building":"house","amenity":null,"shop":null,"height":null,"height_source":"unknown"},"geometry":{"type":"Polygon","coordinates":[[[139.6477197,35.4394384],[139.6477304,35.4393696],[139.647768,35.4393718],[139.6477532,35.4394439],[139.6477197,35.4394384]]]}},{"type":"Feature","id":453254363,"properties":{"id":"453254363","name":null,"building":"house","amenity":null,"shop":null,"height":null,"height_source":"unknown"},"geometry":{"type":"Polygon","coordinates":[[[139.647599,35.4396416],[139.6476526,35.4395717],[139.647673,35.4395824],[139.6476569,35.4396065],[139.6476687,35.4396198],[139.6476379,35.4396646],[139.647599,35.4396416]]]}},{"type":"Feature","id":453254364,"properties":{"id":"453254364","name":null,"building":"house","amenity":null,"shop":null,"height":null,"height_source":"unknown"},"geometry":{"type":"Polygon","coordinates":[[[139.6474649,35.4395575],[139.6475266,35.4394712],[139.6475832,35.4395059],[139.6475081,35.4395868],[139.6474649,35.4395575]]]}},{"type":"Feature","id":453254365,"properties":{"id":"453254365","name":null,"building":"house","amenity":null,"shop":null,"height":null,"height_source":"unknown"},"geometry":{"type":"Polygon","coordinates":[[[139.647544,35.4394646],[139.6475521,35.4394275],[139.6476473,35.4394384],[139.6476661,35.4394537],[139.647776,35.4394646],[139.6477707,35.4395247],[139.6476205,35.439516],[139.647544,35.4394646]]]}},{"type":"Feature","id":453254366,"properties":{"id":"453254366","name":null,"building":"house","amenity":null,"shop":null,"height":null,"height_source":"unknown"},"geometry":{"type":"Polygon","coordinates":[[[139.6475132,35.4395936],[139.6475899,35.4395114],[139.6476154,35.43953],[139.6475389,35.4396152],[139.6475132,35.4395936]]]}},{"type":"Feature","id":453254367,"properties":{"id":"453254367","name":null,"building":"house","amenity":null,"shop":null,"height":null,"height_source":"unknown"},"geometry":{"type":"Polygon","coordinates":[[[139.6475749,35.4394035],[139.6476057,35.4393499],[139.6476596,35.4393628],[139.6476422,35.4394229],[139.6475749,35.4394035]]]}},{"type":"Feature","id":453261919,"properties":{"id":"453261919","name":null,"building":"house","amenity":null,"shop":null,"height":null,"height_source":"unknown"},"geometry":{"type":"Polygon","coordinates":[[[139.6471202,35.4392975],[139.647143,35.4392647],[139.647202,35.4392888],[139.6471766,35.4393277],[139.6471202,35.4392975]]]}},{"type":"Feature","id":453261922,"properties":{"id":"453261922","name":null,"building":"house","amenity":null,"shop":null,"height":null,"height_source":"unknown"},"geometry":{"type":"Polygon","coordinates":[[[139.6470572,35.4393685],[139.6471069,35.4393047],[139.6471605,35.4393299],[139.6471162,35.4394009],[139.6470572,35.4393685]]]}},{"type":"Feature","id":453261923,"properties":{"id":"453261923","name":null,"building":"house","amenity":null,"shop":null,"height":null,"height_source":"unknown"},"geometry":{"type":"Polygon","coordinates":[[[139.6471242,35.4394024],[139.6471698,35.4393401],[139.6472382,35.4393718],[139.6471967,35.4394337],[139.6471242,35.4394024]]]}},{"type":"Feature","id":453261929,"properties":{"id":"453261929","name":null,"building":"house","amenity":null,"shop":null,"height":null,"height_source":"unknown"},"geometry":{"type":"Polygon","coordinates":[[[139.6469861,35.4393226],[139.6470706,35.4391981],[139.6471471,35.4392348],[139.6471108,35.4392931],[139.6470961,35.4392855],[139.6470478,35.439355],[139.6469861,35.4393226]]]}},{"type":"Feature","id":453261930,"properties":{"id":"453261930","name":null,"building":"house","amenity":null,"shop":null,"height":null,"height_source":"unknown"},"geometry":{"type":"Polygon","coordinates":[[[139.6471859,35.4393325],[139.6472074,35.4393008],[139.6472396,35.4393178],[139.6472704,35.4392724],[139.6472369,35.4392538],[139.647265,35.4392156],[139.6473227,35.4392462],[139.6472476,35.439362],[139.6471859,35.4393325]]]}},{"type":"Feature","id":453261932,"properties":{"id":"453261932","name":null,"building":"house","amenity":null,"shop":null,"height":null,"height_source":"unknown"},"geometry":{"type":"Polygon","coordinates":[[[139.6471484,35.4392516],[139.6471926,35.4391861],[139.6472369,35.4392042],[139.6471886,35.4392724],[139.6471484,35.4392516]]]}},{"type":"Feature","id":453261946,"properties":{"id":"453261946","name":null,"building":"house","amenity":null,"shop":null,"height":null,"height_source":"unknown"},"geometry":{"type":"Polygon","coordinates":[[[139.6469244,35.4393041],[139.6470197,35.439166],[139.6470625,35.4391904],[139.6469713,35.4393292],[139.6469244,35.4393041]]]}},{"type":"Feature","id":453261952,"properties":{"id":"453261952","name":null,"building":"house","amenity":null,"shop":null,"height":null,"height_source":"unknown"},"geometry":{"type":"Polygon","coordinates":[[[139.6469271,35.4391631],[139.6469808,35.4390851],[139.6470102,35.4390932],[139.647029,35.4390855],[139.6470719,35.4391063],[139.6470558,35.4391292],[139.6469982,35.4391708],[139.6469794,35.4391893],[139.6469271,35.4391631]]]}},{"type":"Feature","id":453261954,"properties":{"id":"453261954","name":null,"building":"house","amenity":null,"shop":null,"height":null,"height_source":"unknown"},"geometry":{"type":"Polygon","coordinates":[[[139.6470585,35.439162],[139.64708,35.4391238],[139.6471859,35.4391751],[139.6471631,35.4392134],[139.6470585,35.439162]]]}},{"type":"Feature","id":455148395,"properties":{"id":"455148395","name":null,"building":"yes","amenity":null,"shop":null,"height":4.5,"height_source":"OSM height tag"},"geometry":{"type":"Polygon","coordinates":[[[139.6524003,35.4431643],[139.6521704,35.4430593],[139.6522354,35.4429647],[139.6524654,35.4430696],[139.6524003,35.4431643]]]}},{"type":"Feature","id":455192177,"properties":{"id":"455192177","name":null,"building":"yes","amenity":null,"shop":null,"height":null,"height_source":"unknown"},"geometry":{"type":"Polygon","coordinates":[[[139.6497085,35.4438789],[139.649639,35.4438118],[139.6497279,35.4437507],[139.6497974,35.4438178],[139.6497085,35.4438789]]]}},{"type":"Feature","id":455192178,"properties":{"id":"455192178","name":null,"building":"public","amenity":null,"shop":null,"height":null,"height_source":"unknown"},"geometry":{"type":"Polygon","coordinates":[[[139.6496913,35.4439188],[139.649868,35.4440965],[139.6497068,35.4442028],[139.6497488,35.4442451],[139.6500018,35.4440782],[139.6498386,35.443914],[139.6498689,35.443894],[139.6498269,35.4438517],[139.6497992,35.44387],[139.6497857,35.4438565],[139.6496913,35.4439188]]]}},{"type":"Feature","id":455192179,"properties":{"id":"455192179","name":null,"building":"roof","amenity":null,"shop":null,"height":null,"height_source":"unknown"},"geometry":{"type":"Polygon","coordinates":[[[139.6496187,35.4441142],[139.6495758,35.444071],[139.649525,35.4441046],[139.6495465,35.4441262],[139.6495678,35.4441477],[139.6496074,35.4441216],[139.6496187,35.4441142]]]}},{"type":"Feature","id":455195660,"properties":{"id":"455195660","name":null,"building":"public","amenity":null,"shop":null,"height":null,"height_source":"unknown"},"geometry":{"type":"Polygon","coordinates":[[[139.6496913,35.4439188],[139.6495301,35.4440251],[139.649444,35.4439385],[139.6496052,35.4438321],[139.6496913,35.4439188]]]}},{"type":"Feature","id":778467469,"properties":{"id":"778467469","name":"朝陽門(青龍門)","building":"roof","amenity":null,"shop":null,"height":null,"height_source":"unknown"},"geometry":{"type":"Polygon","coordinates":[[[139.6478427,35.4440243],[139.647902,35.4439851],[139.6479188,35.444002],[139.6478596,35.4440412],[139.6478427,35.4440243]]]}},{"type":"Feature","id":778467470,"properties":{"id":"778467470","name":"天長門","building":"roof","amenity":null,"shop":null,"height":null,"height_source":"unknown"},"geometry":{"type":"Polygon","coordinates":[[[139.6477742,35.4425432],[139.6477826,35.4424992],[139.647812,35.4425029],[139.6478036,35.4425469],[139.6477742,35.4425432]]]}},{"type":"Feature","id":778467471,"properties":{"id":"778467471","name":"朱雀門","building":"roof","amenity":null,"shop":null,"height":null,"height_source":"unknown"},"geometry":{"type":"Polygon","coordinates":[[[139.6481528,35.4413915],[139.6481611,35.4413673],[139.6482421,35.4413858],[139.6482338,35.4414101],[139.6481528,35.4413915]]]}},{"type":"Feature","id":779831138,"properties":{"id":"779831138","name":null,"building":"yes","amenity":null,"shop":null,"height":null,"height_source":"unknown"},"geometry":{"type":"Polygon","coordinates":[[[139.6472495,35.4434483],[139.6472574,35.4434118],[139.6471487,35.443399],[139.6471431,35.4434319],[139.6472495,35.4434483]]]}},{"type":"Feature","id":830261531,"properties":{"id":"830261531","name":null,"building":"yes","amenity":null,"shop":null,"height":null,"height_source":"unknown"},"geometry":{"type":"Polygon","coordinates":[[[139.6521774,35.4450165],[139.6522763,35.4451292],[139.6524771,35.4450123],[139.6523781,35.4448996],[139.6521774,35.4450165]]]}},{"type":"Feature","id":916945339,"properties":{"id":"916945339","name":null,"building":"roof","amenity":null,"shop":null,"height":null,"height_source":"unknown"},"geometry":{"type":"Polygon","coordinates":[[[139.6483804,35.4439892],[139.648401,35.4439758],[139.6483938,35.4439685],[139.6483733,35.4439819],[139.6483804,35.4439892]]]}},{"type":"Feature","id":916945340,"properties":{"id":"916945340","name":null,"building":"roof","amenity":null,"shop":null,"height":null,"height_source":"unknown"},"geometry":{"type":"Polygon","coordinates":[[[139.6495739,35.4432032],[139.6496055,35.4431827],[139.6495952,35.4431722],[139.6495636,35.4431928],[139.6495739,35.4432032]]]}},{"type":"Feature","id":916945341,"properties":{"id":"916945341","name":null,"building":"roof","amenity":null,"shop":null,"height":null,"height_source":"unknown"},"geometry":{"type":"Polygon","coordinates":[[[139.6498169,35.4427864],[139.649839,35.4427688],[139.64983,35.4427614],[139.649808,35.442779],[139.6498169,35.4427864]]]}},{"type":"Feature","id":923069111,"properties":{"id":"923069111","name":null,"building":"yes","amenity":null,"shop":null,"height":8.1,"height_source":"OSM height tag"},"geometry":{"type":"Polygon","coordinates":[[[139.6504732,35.4428504],[139.6505955,35.4429694],[139.6505458,35.4430032],[139.6504236,35.4428843],[139.650438,35.4428744],[139.6504586,35.4428604],[139.6504732,35.4428504]]]}},{"type":"Feature","id":923128405,"properties":{"id":"923128405","name":null,"building":"yes","amenity":null,"shop":null,"height":5.0,"height_source":"OSM height tag"},"geometry":{"type":"Polygon","coordinates":[[[139.6524117,35.4431688],[139.6524815,35.4432008],[139.6525085,35.4431617],[139.6524386,35.4431297],[139.6524117,35.4431688]]]}},{"type":"Feature","id":1217444113,"properties":{"id":"1217444113","name":null,"building":"yes","amenity":null,"shop":null,"height":19.7,"height_source":"OSM height tag"},"geometry":{"type":"Polygon","coordinates":[[[139.6535639,35.4418885],[139.6539982,35.4420541],[139.6539865,35.4420807],[139.6544325,35.4423451],[139.6543995,35.4423724],[139.654143,35.4425848],[139.6540075,35.4426247],[139.6536619,35.4424916],[139.6535849,35.4426286],[139.6529241,35.442387],[139.6530338,35.4421758],[139.6535639,35.4418885]]]}},{"type":"Feature","id":1236554715,"properties":{"id":"1236554715","name":null,"building":"yes","amenity":null,"shop":null,"height":null,"height_source":"unknown"},"geometry":{"type":"Polygon","coordinates":[[[139.6477566,35.4380869],[139.6477499,35.4383988],[139.6480942,35.4384037],[139.6481009,35.4380918],[139.6477566,35.4380869]]]}},{"type":"Feature","id":1330873964,"properties":{"id":"1330873964","name":null,"building":"yes","amenity":null,"shop":null,"height":null,"height_source":"unknown"},"geometry":{"type":"Polygon","coordinates":[[[139.6513591,35.4445355],[139.6513989,35.4445099],[139.6514005,35.4445006],[139.6513875,35.4444906],[139.6513744,35.4444887],[139.6513384,35.4445093],[139.6513361,35.4445205],[139.6513445,35.4445349],[139.6513591,35.4445355]]]}},{"type":"Feature","id":1476718238,"properties":{"id":"1476718238","name":"元町交番","building":"yes","amenity":"police","shop":null,"height":9.4,"height_source":"OSM height tag"},"geometry":{"type":"Polygon","coordinates":[[[139.6508902,35.4417257],[139.6508894,35.441706],[139.650864,35.4417067],[139.6508661,35.4417551],[139.6509176,35.4417537],[139.6509164,35.441725],[139.6508902,35.4417257]]]}},{"type":"Feature","id":1476718239,"properties":{"id":"1476718239","name":"山下町交番","building":"yes","amenity":"police","shop":null,"height":null,"height_source":"unknown"},"geometry":{"type":"Polygon","coordinates":[[[139.6472039,35.4436938],[139.64725,35.4437048],[139.6472523,35.4437215],[139.6472356,35.4437357],[139.6471948,35.4437392],[139.6471828,35.4437252],[139.6471863,35.4437088],[139.6472039,35.4436938]]]}},{"type":"Feature","id":1540991575,"properties":{"id":"1540991575","name":null,"building":"yes","amenity":null,"shop":null,"height":8.0,"height_source":"OSM height tag"},"geometry":{"type":"Polygon","coordinates":[[[139.6521283,35.4404584],[139.6521321,35.4404594],[139.6521514,35.4404066],[139.6522352,35.4404272],[139.6522058,35.4405075],[139.6521182,35.440486],[139.6521283,35.4404584]]]}},{"type":"Feature","id":1540991576,"properties":{"id":"1540991576","name":null,"building":"yes","amenity":null,"shop":null,"height":23.0,"height_source":"OSM height tag"},"geometry":{"type":"Polygon","coordinates":[[[139.6495205,35.4419251],[139.6495313,35.4419171],[139.6495735,35.4419554],[139.6495626,35.4419634],[139.6496082,35.4420049],[139.6496221,35.4419947],[139.6496426,35.4420133],[139.6496186,35.442031],[139.6496235,35.4420354],[139.6495488,35.4420903],[139.6494329,35.4419848],[139.6495177,35.4419225],[139.6495205,35.4419251]]]}},{"type":"Feature","id":1540991577,"properties":{"id":"1540991577","name":null,"building":"yes","amenity":null,"shop":null,"height":7.9,"height_source":"OSM height tag"},"geometry":{"type":"Polygon","coordinates":[[[139.6492006,35.4418172],[139.6491162,35.4417463],[139.6491545,35.4417158],[139.6492639,35.4417667],[139.6492006,35.4418172]]]}}]}