{"type":"FeatureCollection","features":[{"type":"Feature","properties":{"kind":"primary"},"geometry":{"type":"LineString","coordinates":[[136.9021915,35.168619],[136.9023336,35.1686289],[136.9032523,35.168693],[136.9033802,35.1687019],[136.9034896,35.1687095],[136.9044108,35.1687737],[136.9045384,35.1687826],[136.9046908,35.1687932],[136.9056126,35.1688575],[136.9057327,35.1688659],[136.9065329,35.1689191],[136.9068315,35.1689425],[136.9069719,35.1689523]]}},{"type":"Feature","properties":{"kind":"unclassified"},"geometry":{"type":"LineString","coordinates":[[136.8985773,35.1694157],[136.8985692,35.169496],[136.8984976,35.1702084],[136.8984649,35.170563],[136.898451,35.1707134],[136.8984165,35.1710881],[136.8984102,35.1711564],[136.8984031,35.171223],[136.898319,35.1720063],[136.8983108,35.1720825],[136.8983037,35.172151],[136.8982399,35.1727677],[136.8982254,35.1729084],[136.8982228,35.1729341],[136.8982136,35.1730227]]}},{"type":"Feature","properties":{"kind":"tertiary"},"geometry":{"type":"LineString","coordinates":[[136.9005255,35.1663966],[136.9007167,35.1664101],[136.9008568,35.16642],[136.9012114,35.1664452],[136.9017494,35.1664797],[136.9019741,35.1664945],[136.9023957,35.1665224],[136.9024899,35.1665295],[136.9035647,35.1666105],[136.9038179,35.1666288],[136.9047296,35.1666947],[136.9059296,35.1667913],[136.9069733,35.1668723],[136.9070555,35.1668787],[136.9071056,35.1668838],[136.9071832,35.1668917],[136.9072665,35.1668973],[136.9082696,35.1669642],[136.9084165,35.166974]]}},{"type":"Feature","properties":{"kind":"tertiary"},"geometry":{"type":"LineString","coordinates":[[136.9105254,35.170201],[136.9106238,35.1702076],[136.9128617,35.1703566],[136.9130203,35.1703671],[136.9131159,35.1703735],[136.9132304,35.1703816],[136.9142675,35.1704548],[136.9143807,35.1704628]]}},{"type":"Feature","properties":{"kind":"tertiary"},"geometry":{"type":"LineString","coordinates":[[136.9066147,35.162592],[136.9066512,35.1627317],[136.906772,35.1631867],[136.9067966,35.1632795],[136.9068195,35.1633695],[136.9068907,35.1636496],[136.9070092,35.1641157],[136.9070324,35.164207],[136.907069,35.1643509],[136.9071491,35.164666],[136.9071667,35.1647566],[136.9071882,35.1648678],[136.9071987,35.1649834],[136.9072079,35.165193],[136.9072158,35.1653326],[136.9071823,35.165667],[136.9071763,35.1657271],[136.9071669,35.1658125],[136.9071393,35.1660639]]}},{"type":"Feature","properties":{"kind":"unclassified"},"geometry":{"type":"LineString","coordinates":[[136.907711,35.1631207],[136.907001,35.1632439],[136.9069139,35.163259]]}},{"type":"Feature","properties":{"kind":"unclassified"},"geometry":{"type":"LineString","coordinates":[[136.9111887,35.1621091],[136.9111809,35.1622348],[136.9111442,35.1628228],[136.9110709,35.1635897],[136.9110393,35.1640113],[136.9110154,35.1643312],[136.9109916,35.1647109],[136.9109546,35.1651776],[136.9109439,35.1653128],[136.9108931,35.165899],[136.9108294,35.1667049],[136.910827,35.1667355],[136.9108005,35.1670708],[136.9107812,35.1673152],[136.910774,35.1674059],[136.9107623,35.1675531],[136.9107545,35.1676518],[136.9107358,35.1678887],[136.9107112,35.1682002],[136.9107082,35.1682384],[136.9106884,35.1684891],[136.9106475,35.1690057],[136.9106401,35.1690996],[136.9106202,35.1691926]]}},{"type":"Feature","properties":{"kind":"unclassified"},"geometry":{"type":"LineString","coordinates":[[136.9019073,35.1606144],[136.9020002,35.1606055],[136.903092,35.1605018],[136.9036277,35.1604504],[136.90386,35.1604423],[136.904108,35.1604337],[136.9043579,35.1604223],[136.904698,35.1604118],[136.9051365,35.1603857],[136.9059487,35.1602714],[136.9060494,35.1602572]]}},{"type":"Feature","properties":{"kind":"pedestrian"},"geometry":{"type":"LineString","coordinates":[[136.9051365,35.1603857],[136.9050521,35.1598711],[136.9050357,35.1597713],[136.9049593,35.1593183],[136.9048459,35.1587877],[136.904689,35.1582153]]}},{"type":"Feature","properties":{"kind":"pedestrian"},"geometry":{"type":"LineString","coordinates":[[136.904689,35.1582153],[136.9041661,35.158325],[136.9040776,35.1583395],[136.9039116,35.1583567],[136.903712,35.158371],[136.9034341,35.1583973],[136.9024827,35.1585096],[136.9016106,35.158665],[136.9015437,35.1586769]]}},{"type":"Feature","properties":{"kind":"tertiary"},"geometry":{"type":"LineString","coordinates":[[136.9071393,35.1660639],[136.9071312,35.1661423],[136.9070644,35.1667902],[136.9070576,35.1668577],[136.9070555,35.1668787],[136.907052,35.166911],[136.907044,35.1669842],[136.9069576,35.1677758],[136.9068907,35.1684837],[136.9068445,35.1688318]]}},{"type":"Feature","properties":{"kind":"unclassified"},"geometry":{"type":"LineString","coordinates":[[136.9060258,35.165972],[136.9047869,35.1658483]]}},{"type":"Feature","properties":{"kind":"unclassified"},"geometry":{"type":"LineString","coordinates":[[136.9055619,35.1620234],[136.9055342,35.1619231],[136.9054555,35.1616381],[136.9053758,35.1612997],[136.9053097,35.1610741],[136.9052778,35.1609654],[136.9052328,35.1608117],[136.9052209,35.1607455],[136.9051365,35.1603857]]}},{"type":"Feature","properties":{"kind":"pedestrian"},"geometry":{"type":"LineString","coordinates":[[136.9059395,35.1586209],[136.905857,35.1586332],[136.9051409,35.1587401],[136.9048459,35.1587877],[136.9043125,35.1588728],[136.904014,35.1589246],[136.9037593,35.1589689],[136.9034974,35.1589936],[136.9025644,35.1590677],[136.9020821,35.1591061],[136.9017295,35.1591526],[136.901658,35.159162]]}},{"type":"Feature","properties":{"kind":"unclassified"},"geometry":{"type":"LineString","coordinates":[[136.9054555,35.1616381],[136.9059262,35.1616433],[136.9060775,35.161645],[136.9062901,35.1616041],[136.9063715,35.1615885]]}},{"type":"Feature","properties":{"kind":"unclassified"},"geometry":{"type":"LineString","coordinates":[[136.9019073,35.1606144],[136.9018153,35.1606138],[136.9015884,35.1606125],[136.9012805,35.1605332],[136.9012642,35.160529],[136.9011567,35.1604999],[136.9009435,35.1605252],[136.9007453,35.1605488],[136.900557,35.1605712],[136.9002058,35.160613],[136.9001185,35.1606233],[136.8999669,35.1606414],[136.8998017,35.160661],[136.8992677,35.1607245],[136.8984777,35.1608262],[136.8983811,35.1608386]]}},{"type":"Feature","properties":{"kind":"unclassified"},"geometry":{"type":"LineString","coordinates":[[136.9017965,35.1598839],[136.901693,35.1598966],[136.9012211,35.1599546],[136.9010626,35.1599741],[136.9010096,35.1599806],[136.9009449,35.1599886],[136.9006488,35.160025],[136.9000326,35.1600671]]}},{"type":"Feature","properties":{"kind":"tertiary"},"geometry":{"type":"LineString","coordinates":[[136.9095753,35.1622927],[136.909596,35.1621525],[136.9096449,35.1617996],[136.9096631,35.161665]]}},{"type":"Feature","properties":{"kind":"unclassified"},"geometry":{"type":"LineString","coordinates":[[136.9049593,35.1593183],[136.9045572,35.1593655],[136.9045126,35.1593715],[136.9044261,35.1593825],[136.9040925,35.1594199],[136.9038664,35.1594382],[136.9035438,35.1594643],[136.9028816,35.1595225]]}},{"type":"Feature","properties":{"kind":"unclassified"},"geometry":{"type":"LineString","coordinates":[[136.9041844,35.1636677],[136.9039746,35.1627818],[136.9039511,35.1626609]]}},{"type":"Feature","properties":{"kind":"unclassified"},"geometry":{"type":"LineString","coordinates":[[136.8991623,35.1620751],[136.8991752,35.1619565],[136.8992342,35.1613868],[136.8992685,35.1610552],[136.8992882,35.1608645],[136.8992677,35.1607245],[136.8992374,35.160451],[136.8992359,35.160344],[136.8992284,35.1600615],[136.8992287,35.1598326]]}},{"type":"Feature","properties":{"kind":"unclassified"},"geometry":{"type":"LineString","coordinates":[[136.9112091,35.1614947],[136.911214,35.1613922],[136.9112231,35.1612006],[136.9112293,35.1610706],[136.9112395,35.160857],[136.9112514,35.1606078],[136.9112068,35.1603422],[136.9111756,35.1601564],[136.911155,35.1600234],[136.9111207,35.1598022],[136.9111116,35.1597433],[136.9110681,35.1594629],[136.911036,35.1592529],[136.9109851,35.1589196],[136.9107765,35.1581546],[136.9107677,35.1581221]]}},{"type":"Feature","properties":{"kind":"unclassified"},"geometry":{"type":"LineString","coordinates":[[136.905679,35.1635129],[136.9052581,35.163557],[136.905195,35.1635636],[136.9049782,35.1635863],[136.9048277,35.1636021],[136.9046615,35.1636195],[136.9045099,35.1636354],[136.9042656,35.163661],[136.9041844,35.1636677]]}},{"type":"Feature","properties":{"kind":"tertiary"},"geometry":{"type":"LineString","coordinates":[[136.9085261,35.1624034],[136.908564,35.162344],[136.9085616,35.162289],[136.9085491,35.1622686],[136.9083559,35.1619562],[136.9082699,35.1618171],[136.9081816,35.1616681],[136.908157,35.1616304],[136.9079536,35.161355],[136.9078232,35.161164],[136.9076919,35.1609551],[136.9075909,35.1607716],[136.9075767,35.1607311],[136.9075357,35.160634],[136.9074824,35.160486],[136.9074379,35.1603394],[136.9074227,35.1602894],[136.9073714,35.1600927],[136.9073466,35.1599977],[136.9073305,35.159903],[136.9072844,35.1596318],[136.9072522,35.1594429],[136.9071562,35.1588784],[136.9071032,35.1585672],[136.9070862,35.1584674],[136.9070698,35.158378],[136.9069827,35.1579031],[136.9069524,35.1577379]]}},{"type":"Feature","properties":{"kind":"unclassified"},"geometry":{"type":"LineString","coordinates":[[136.9023459,35.1595751],[136.9024934,35.1596699],[136.9026281,35.1597565]]}},{"type":"Feature","properties":{"kind":"pedestrian"},"geometry":{"type":"LineString","coordinates":[[136.9011044,35.1593787],[136.9005656,35.1594447],[136.8999385,35.1594995],[136.8998039,35.1595075]]}},{"type":"Feature","properties":{"kind":"unclassified"},"geometry":{"type":"LineString","coordinates":[[136.9044622,35.1698115],[136.9044749,35.1696699],[136.9044818,35.1695737],[136.9045325,35.1688653],[136.9045384,35.1687826],[136.9045488,35.1686684],[136.9045565,35.1685851],[136.9045872,35.1682526],[136.9046464,35.1676123],[136.90468,35.167242],[136.9046927,35.1671014],[136.904702,35.1669994],[136.9047296,35.1666947],[136.9047869,35.1658483]]}},{"type":"Feature","properties":{"kind":"residential"},"geometry":{"type":"LineString","coordinates":[[136.9011044,35.1593787],[136.9011551,35.1596291],[136.9011925,35.1598139],[136.9012211,35.1599546]]}},{"type":"Feature","properties":{"kind":"unclassified"},"geometry":{"type":"LineString","coordinates":[[136.9044513,35.1646183],[136.9050225,35.1645238],[136.9059094,35.1643771],[136.9059629,35.164369],[136.9069457,35.1642201],[136.9070324,35.164207]]}},{"type":"Feature","properties":{"kind":"tertiary"},"geometry":{"type":"LineString","coordinates":[[136.9016987,35.1734145],[136.9017115,35.1732567],[136.9017194,35.1731762],[136.901723,35.1731345],[136.9017755,35.1725776],[136.9017915,35.1724085],[136.9018005,35.1723126],[136.9018116,35.1722],[136.9018933,35.1713682],[136.9019165,35.1711641],[136.9019878,35.1705381],[136.9019995,35.1704356],[136.9020094,35.1703356],[136.9020671,35.1697504],[136.9020758,35.1696626]]}},{"type":"Feature","properties":{"kind":"residential"},"geometry":{"type":"LineString","coordinates":[[136.9011044,35.1593787],[136.9010928,35.1593361],[136.9010814,35.1593005],[136.9010549,35.1592173],[136.9009298,35.1588285]]}},{"type":"Feature","properties":{"kind":"tertiary"},"geometry":{"type":"LineString","coordinates":[[136.9012931,35.1577452],[136.9013147,35.1578284],[136.9013451,35.1579458],[136.9014262,35.1582505],[136.9015273,35.1586182],[136.9015437,35.1586769],[136.901562,35.1587548],[136.901658,35.159162]]}},{"type":"Feature","properties":{"kind":"unclassified"},"geometry":{"type":"LineString","coordinates":[[136.9026281,35.1597565],[136.9027519,35.1596422],[136.9028816,35.1595225]]}},{"type":"Feature","properties":{"kind":"unclassified"},"geometry":{"type":"LineString","coordinates":[[136.8992374,35.160451],[136.9000746,35.1603614]]}},{"type":"Feature","properties":{"kind":"unclassified"},"geometry":{"type":"LineString","coordinates":[[136.9080357,35.1708508],[136.9078832,35.1708402],[136.9069293,35.1707737],[136.9067875,35.1707638],[136.906611,35.1707504],[136.9064808,35.170741],[136.9055486,35.1706741],[136.9051377,35.1706498],[136.9043783,35.1706048],[136.9031823,35.1705124],[136.9026951,35.1704808],[136.9021363,35.1704445],[136.9019995,35.1704356],[136.9018509,35.1704266],[136.9012518,35.1703903],[136.9008239,35.1703644],[136.9004041,35.1703356],[136.9002788,35.170327],[136.8996452,35.1702836],[136.8993206,35.1702623],[136.8992083,35.170255],[136.8984976,35.1702084],[136.8979844,35.1701777],[136.8975607,35.1701523],[136.897534,35.1701507],[136.8974304,35.1701445]]}},{"type":"Feature","properties":{"kind":"unclassified"},"geometry":{"type":"LineString","coordinates":[[136.9078405,35.1727185],[136.9076742,35.1727076],[136.9074649,35.1726939],[136.9073264,35.1726848],[136.9072586,35.1726804],[136.9067159,35.1726449],[136.9065692,35.1726353],[136.9063931,35.1726256],[136.9062688,35.1726174],[136.9058139,35.1725872],[136.9054541,35.1725633],[136.9053591,35.172557],[136.9052571,35.1725503],[136.9045444,35.1725037],[136.9043102,35.1724883],[136.9041772,35.1724796],[136.9040554,35.1724703],[136.9039087,35.1724591],[136.9037258,35.1724451],[136.9036603,35.1724401],[136.9034669,35.1724254],[136.9030963,35.1723971],[136.9029949,35.1723894],[136.9028963,35.1723831],[136.902679,35.1723691],[136.902621,35.1723654],[136.9019507,35.1723223],[136.9018005,35.1723126],[136.9016672,35.1723045],[136.9009834,35.1722629],[136.9007252,35.1722472],[136.9006458,35.1722424],[136.9005393,35.1722355],[136.900271,35.1722181],[136.9000447,35.1722034],[136.8996409,35.1721772],[136.8995636,35.1721722],[136.8994564,35.1721653],[136.8993489,35.1721575],[136.898398,35.1720888],[136.8983108,35.1720825],[136.8982215,35.1720768],[136.8981377,35.1720715],[136.897994,35.1720624],[136.8973457,35.1720214],[136.89732,35.1720198],[136.8972257,35.172012]]}},{"type":"Feature","properties":{"kind":"unclassified"},"geometry":{"type":"LineString","coordinates":[[136.9013075,35.1654963],[136.9012764,35.1658035],[136.9012589,35.1659766],[136.9012446,35.1661172],[136.9012114,35.1664452],[136.9012046,35.1665163],[136.9011473,35.1671108],[136.9011291,35.1672993],[136.9011218,35.1673747],[136.9011138,35.1674498],[136.9010828,35.1677404],[136.9010703,35.1678572],[136.9010654,35.1679035],[136.9010203,35.1683271],[136.9010094,35.1684296],[136.9010105,35.1685366],[136.9010012,35.1686275],[136.9009266,35.1693523],[136.900918,35.1694362],[136.900889,35.1695748]]}},{"type":"Feature","properties":{"kind":"unclassified"},"geometry":{"type":"LineString","coordinates":[[136.9035075,35.1637354],[136.9036032,35.1643376],[136.9036186,35.1644481],[136.9036411,35.1646096],[136.9037041,35.1650613],[136.903695,35.1651663],[136.9036788,35.1653521],[136.9036444,35.1657466]]}},{"type":"Feature","properties":{"kind":"unclassified"},"geometry":{"type":"LineString","coordinates":[[136.9040796,35.1735799],[136.9040982,35.1734154],[136.9041065,35.1733372],[136.9041107,35.1732672],[136.9041284,35.1730569],[136.9041563,35.1727264],[136.9041707,35.1725563],[136.9041772,35.1724796],[136.9041864,35.1723875],[136.9042368,35.1718849],[136.9042435,35.1718185],[136.9042724,35.17153],[136.9043783,35.1706048],[136.9044127,35.1702793],[136.9044539,35.16989],[136.9044622,35.1698115]]}},{"type":"Feature","properties":{"kind":"unclassified"},"geometry":{"type":"LineString","coordinates":[[136.9060258,35.165972],[136.9059984,35.1662052],[136.9059296,35.1667913],[136.9058738,35.1673231],[136.9058341,35.1677017],[136.9057945,35.1681502],[136.9057499,35.1686544],[136.9057401,35.1687635],[136.9057327,35.1688659],[136.9057228,35.168955],[136.9056776,35.1693625],[136.9056731,35.169403],[136.9056625,35.1694988],[136.9056452,35.1696551],[136.9056348,35.1697485],[136.9056183,35.1698865]]}},{"type":"Feature","properties":{"kind":"unclassified"},"geometry":{"type":"LineString","coordinates":[[136.8977373,35.1671576],[136.8978483,35.1671659],[136.897857,35.1671665],[136.8978934,35.1671689],[136.8983627,35.1672],[136.8987044,35.1672227],[136.8988056,35.1672294],[136.8988939,35.167235],[136.89918,35.1672531],[136.8998238,35.1672939],[136.8999494,35.1673019],[136.900081,35.1673101],[136.9009132,35.1673618],[136.9010264,35.1673688],[136.9011218,35.1673747],[136.9012235,35.1673823],[136.9015777,35.1674088],[136.9016591,35.1674149],[136.9021722,35.1674525],[136.9023031,35.1674621],[136.9024534,35.1674715],[136.9028627,35.1674972],[136.9034791,35.1675358],[136.9039039,35.1675636],[136.9046464,35.1676123],[136.9058341,35.1677017],[136.9061978,35.1677257],[136.9062364,35.1677282],[136.9068603,35.1677694],[136.9069576,35.1677758]]}},{"type":"Feature","properties":{"kind":"unclassified"},"geometry":{"type":"LineString","coordinates":[[136.9047869,35.1658483],[136.9041497,35.1657916],[136.9037871,35.1657593],[136.9036444,35.1657466],[136.9033357,35.1657123],[136.9025853,35.165629],[136.9024843,35.1656178]]}},{"type":"Feature","properties":{"kind":"unclassified"},"geometry":{"type":"LineString","coordinates":[[136.9071393,35.1660639],[136.9070653,35.1660578],[136.9063316,35.1659972],[136.9060258,35.165972]]}},{"type":"Feature","properties":{"kind":"unclassified"},"geometry":{"type":"LineString","coordinates":[[136.9067966,35.1632795],[136.9067164,35.1632974],[136.9060485,35.1634469],[136.9057498,35.1635003],[136.905679,35.1635129]]}},{"type":"Feature","properties":{"kind":"unclassified"},"geometry":{"type":"LineString","coordinates":[[136.905679,35.1635129],[136.9057768,35.1638757],[136.9058036,35.1639769],[136.9058787,35.1642611],[136.9059094,35.1643771],[136.9060944,35.165117],[136.9060509,35.1656591],[136.9060258,35.165972]]}},{"type":"Feature","properties":{"kind":"unclassified"},"geometry":{"type":"LineString","coordinates":[[136.9024864,35.1650277],[136.9025733,35.1650301],[136.9032971,35.1650501],[136.9034471,35.1650542],[136.9037041,35.1650613],[136.9039862,35.1650673],[136.9045837,35.1650799],[136.9046955,35.1650735],[136.9060944,35.165117],[136.9061494,35.1651267],[136.9065899,35.1651535],[136.9067508,35.1651632],[136.9071285,35.1651862],[136.9072079,35.165193]]}},{"type":"Feature","properties":{"kind":"unclassified"},"geometry":{"type":"LineString","coordinates":[[136.9047869,35.1658483],[136.9045837,35.1650799],[136.9044513,35.1646183],[136.9042758,35.1639932],[136.9042489,35.1638975],[136.9041844,35.1636677]]}},{"type":"Feature","properties":{"kind":"unclassified"},"geometry":{"type":"LineString","coordinates":[[136.9054624,35.1626296],[136.9054948,35.1627617],[136.9055557,35.1630101],[136.9055849,35.1631292],[136.9056531,35.1634073],[136.905679,35.1635129]]}},{"type":"Feature","properties":{"kind":"unclassified"},"geometry":{"type":"LineString","coordinates":[[136.9041844,35.1636677],[136.9041077,35.1636732],[136.9037075,35.1637147],[136.9035075,35.1637354],[136.9028246,35.1638113],[136.902433,35.1638548],[136.9023387,35.1638653]]}},{"type":"Feature","properties":{"kind":"unclassified"},"geometry":{"type":"LineString","coordinates":[[136.907711,35.1631207],[136.907976,35.1641822]]}},{"type":"Feature","properties":{"kind":"unclassified"},"geometry":{"type":"LineString","coordinates":[[136.9095408,35.1628406],[136.9093416,35.1628669],[136.9088634,35.16293],[136.9086527,35.1629578],[136.9085261,35.1629797],[136.907711,35.1631207]]}},{"type":"Feature","properties":{"kind":"unclassified"},"geometry":{"type":"LineString","coordinates":[[136.9016591,35.1674149],[136.9016645,35.1673594],[136.9016942,35.1670515],[136.9017425,35.1665508],[136.9017494,35.1664797],[136.9017985,35.1659874],[136.9018136,35.165836],[136.9018193,35.1657784],[136.9018441,35.1655299]]}},{"type":"Feature","properties":{"kind":"unclassified"},"geometry":{"type":"LineString","coordinates":[[136.9024225,35.1644656],[136.9025128,35.1644558],[136.9026224,35.1644439],[136.9028001,35.1644247],[136.9030688,35.1643955],[136.9034102,35.1643585],[136.9036032,35.1643376]]}},{"type":"Feature","properties":{"kind":"pedestrian"},"geometry":{"type":"LineString","coordinates":[[136.9015437,35.1586769],[136.9014457,35.1587011],[136.9009298,35.1588285],[136.9007837,35.1588601],[136.9000834,35.1590254]]}},{"type":"Feature","properties":{"kind":"unclassified"},"geometry":{"type":"LineString","coordinates":[[136.9044623,35.1613994],[136.9045403,35.1619353],[136.9045571,35.1620506]]}},{"type":"Feature","properties":{"kind":"unclassified"},"geometry":{"type":"LineString","coordinates":[[136.9038222,35.1620569],[136.9038058,35.1619397],[136.903793,35.1618485],[136.9037409,35.1614763],[136.9036982,35.1610534],[136.9036277,35.1604504],[136.9036018,35.1600542],[136.9035951,35.1599577],[136.9035438,35.1594643],[136.9034974,35.1589936],[136.9034341,35.1583973],[136.9033888,35.1579953],[136.9033278,35.1576764],[136.903313,35.1575992]]}},{"type":"Feature","properties":{"kind":"unclassified"},"geometry":{"type":"LineString","coordinates":[[136.9000834,35.1590254],[136.8999666,35.1585405],[136.8999462,35.1584217]]}},{"type":"Feature","properties":{"kind":"unclassified"},"geometry":{"type":"LineString","coordinates":[[136.8984768,35.1593251],[136.8985778,35.1593079],[136.8990222,35.1592324],[136.8993877,35.1591703],[136.8996564,35.1591247],[136.9000834,35.1590254]]}},{"type":"Feature","properties":{"kind":"unclassified"},"geometry":{"type":"LineString","coordinates":[[136.9000326,35.1600671],[136.9000623,35.160275],[136.9000746,35.1603614],[136.9001185,35.1606233]]}},{"type":"Feature","properties":{"kind":"unclassified"},"geometry":{"type":"LineString","coordinates":[[136.9039116,35.1583567],[136.904014,35.1589246],[136.9040925,35.1594199],[136.9041148,35.1597064],[136.9041301,35.1599024]]}},{"type":"Feature","properties":{"kind":"unclassified"},"geometry":{"type":"LineString","coordinates":[[136.9044261,35.1593825],[136.9043932,35.1592351],[136.9043125,35.1588728],[136.9041661,35.158325],[136.9040905,35.1579556]]}},{"type":"Feature","properties":{"kind":"unclassified"},"geometry":{"type":"LineString","coordinates":[[136.902393,35.1580601],[136.9024827,35.1585096],[136.9025644,35.1590677],[136.9025896,35.1593381]]}},{"type":"Feature","properties":{"kind":"unclassified"},"geometry":{"type":"LineString","coordinates":[[136.9053758,35.1612997],[136.9057788,35.1611548],[136.9059693,35.1611035],[136.906155,35.1610805],[136.9062416,35.1610698]]}},{"type":"Feature","properties":{"kind":"unclassified"},"geometry":{"type":"LineString","coordinates":[[136.9061254,35.160613],[136.9060437,35.160625],[136.9057677,35.1606654],[136.9055586,35.1606964],[136.9052209,35.1607455]]}},{"type":"Feature","properties":{"kind":"tertiary"},"geometry":{"type":"LineString","coordinates":[[136.9105173,35.1595018],[136.9105287,35.1595831],[136.9106333,35.1603268],[136.9107141,35.1609012],[136.9107302,35.1610157],[136.9107605,35.1612315],[136.9107898,35.1614398],[136.9108024,35.1615294]]}},{"type":"Feature","properties":{"kind":"unclassified"},"geometry":{"type":"LineString","coordinates":[[136.9006776,35.158371],[136.9007295,35.15861],[136.9007837,35.1588601]]}},{"type":"Feature","properties":{"kind":"unclassified"},"geometry":{"type":"LineString","coordinates":[[136.9011567,35.1604999],[136.9010852,35.1601003],[136.9010626,35.1599741]]}},{"type":"Feature","properties":{"kind":"unclassified"},"geometry":{"type":"LineString","coordinates":[[136.9026985,35.160134],[136.9029058,35.1601167],[136.9030464,35.1601049],[136.9036018,35.1600542]]}},{"type":"Feature","properties":{"kind":"unclassified"},"geometry":{"type":"LineString","coordinates":[[136.9036982,35.1610534],[136.9031815,35.1611319],[136.9028217,35.1611809],[136.9020874,35.161281],[136.901999,35.161293]]}},{"type":"Feature","properties":{"kind":"unclassified"},"geometry":{"type":"LineString","coordinates":[[136.9026281,35.1597565],[136.9026985,35.160134]]}},{"type":"Feature","properties":{"kind":"unclassified"},"geometry":{"type":"LineString","coordinates":[[136.9028816,35.1595225],[136.9027347,35.1594297],[136.9025896,35.1593381],[136.9024683,35.159456],[136.9023459,35.1595751]]}},{"type":"Feature","properties":{"kind":"unclassified"},"geometry":{"type":"LineString","coordinates":[[136.9023459,35.1595751],[136.9018269,35.1596221],[136.9017519,35.1596289]]}},{"type":"Feature","properties":{"kind":"unclassified"},"geometry":{"type":"LineString","coordinates":[[136.9026985,35.160134],[136.9026717,35.1601367],[136.9019225,35.1602119],[136.9018532,35.1602188]]}},{"type":"Feature","properties":{"kind":"unclassified"},"geometry":{"type":"LineString","coordinates":[[136.9046149,35.1598471],[136.9045572,35.1593655]]}},{"type":"Feature","properties":{"kind":"unclassified"},"geometry":{"type":"LineString","coordinates":[[136.9041301,35.1599024],[136.9043728,35.1598747],[136.9046149,35.1598471]]}},{"type":"Feature","properties":{"kind":"unclassified"},"geometry":{"type":"LineString","coordinates":[[136.9050357,35.1597713],[136.9046149,35.1598471]]}},{"type":"Feature","properties":{"kind":"unclassified"},"geometry":{"type":"LineString","coordinates":[[136.904698,35.1604118],[136.9046279,35.1599352],[136.9046149,35.1598471]]}},{"type":"Feature","properties":{"kind":"unclassified"},"geometry":{"type":"LineString","coordinates":[[136.9044623,35.1613994],[136.9051963,35.1613193],[136.9053758,35.1612997]]}},{"type":"Feature","properties":{"kind":"unclassified"},"geometry":{"type":"LineString","coordinates":[[136.9037409,35.1614763],[136.9044623,35.1613994]]}},{"type":"Feature","properties":{"kind":"unclassified"},"geometry":{"type":"LineString","coordinates":[[136.9052328,35.1608117],[136.9046747,35.160902],[136.9044046,35.1609457]]}},{"type":"Feature","properties":{"kind":"unclassified"},"geometry":{"type":"LineString","coordinates":[[136.9044046,35.1609457],[136.9044623,35.1613994]]}},{"type":"Feature","properties":{"kind":"unclassified"},"geometry":{"type":"LineString","coordinates":[[136.9043579,35.1604223],[136.90439,35.1607815],[136.9044046,35.1609457]]}},{"type":"Feature","properties":{"kind":"unclassified"},"geometry":{"type":"LineString","coordinates":[[136.9044046,35.1609457],[136.9036982,35.1610534]]}},{"type":"Feature","properties":{"kind":"unclassified"},"geometry":{"type":"LineString","coordinates":[[136.9093659,35.1678014],[136.9107358,35.1678887],[136.9117166,35.1679494],[136.9121286,35.1679789],[136.9127506,35.1680235],[136.9129502,35.1680363],[136.9130279,35.1680413],[136.9132463,35.1680554],[136.9138435,35.1680938],[136.9141768,35.1681189],[136.9144937,35.1681428]]}},{"type":"Feature","properties":{"kind":"primary"},"geometry":{"type":"LineString","coordinates":[[136.9091243,35.1689967],[136.9089846,35.1689849],[136.9084055,35.1689359],[136.908246,35.1689224]]}},{"type":"Feature","properties":{"kind":"tertiary"},"geometry":{"type":"LineString","coordinates":[[136.9090304,35.1699702],[136.9088635,35.1699594],[136.9082993,35.1699231],[136.9081321,35.1699123]]}},{"type":"Feature","properties":{"kind":"tertiary"},"geometry":{"type":"LineString","coordinates":[[136.9020925,35.1695102],[136.900918,35.1694362],[136.8997383,35.1693629],[136.8989934,35.1693151],[136.898584,35.1692888],[136.897665,35.1692265],[136.8976439,35.1692251],[136.8975323,35.1692175],[136.8973169,35.1692074],[136.8971946,35.1692046],[136.8971601,35.1692039],[136.8966649,35.169193],[136.8962963,35.1692002],[136.8962061,35.169202],[136.8961072,35.1692065],[136.895787,35.1692209],[136.8952718,35.1692566],[136.8947863,35.1692909],[136.8946534,35.1692999],[136.8942224,35.169329],[136.8938132,35.1693695],[136.8933465,35.1694164],[136.8926467,35.1694951]]}},{"type":"Feature","properties":{"kind":"tertiary"},"geometry":{"type":"LineString","coordinates":[[136.9092092,35.1718722],[136.9089976,35.171858],[136.9089803,35.1718571],[136.9088185,35.1718485]]}},{"type":"Feature","properties":{"kind":"unclassified"},"geometry":{"type":"LineString","coordinates":[[136.9103656,35.1719458],[136.9103319,35.1722619],[136.9102646,35.1728941],[136.9102488,35.1731592],[136.9102331,35.1733238],[136.9101963,35.1737088],[136.9101883,35.1738021]]}},{"type":"Feature","properties":{"kind":"tertiary"},"geometry":{"type":"LineString","coordinates":[[136.893803,35.1625709],[136.89395,35.1625688],[136.8940662,35.1625673],[136.8942304,35.1625689],[136.8953455,35.1625796],[136.8954488,35.1625805],[136.8967221,35.1625871],[136.8969207,35.1625865],[136.8972035,35.1625931],[136.8977861,35.1626067],[136.8978441,35.1626081],[136.8979996,35.1626117],[136.8982205,35.1626477],[136.8983306,35.1626489],[136.8984155,35.1626508],[136.8984678,35.1626519],[136.8997074,35.1626638],[136.9004578,35.1626719],[136.9007627,35.1626752],[136.9017406,35.1626807],[136.902043,35.1626887],[136.9021892,35.1626925]]}},{"type":"Feature","properties":{"kind":"tertiary"},"geometry":{"type":"LineString","coordinates":[[136.9021219,35.1620846],[136.9019617,35.1620841],[136.9014362,35.1620824],[136.9007729,35.1620892],[136.899971,35.1620793],[136.8997677,35.1620782],[136.8991623,35.1620751],[136.8989237,35.1620671],[136.8985052,35.162053],[136.8984621,35.1620516],[136.8982969,35.1620461],[136.8980618,35.1620885],[136.8978945,35.1620879],[136.897833,35.1620877],[136.8976717,35.1620872],[136.8971375,35.1620854],[136.8969558,35.1620848],[136.8963969,35.1620828],[136.8955088,35.1620795],[136.8954426,35.1620787],[136.8953262,35.1620759],[136.8949491,35.162067],[136.8944039,35.1620605],[136.8943151,35.1620599],[136.8941151,35.1620584]]}},{"type":"Feature","properties":{"kind":"unclassified"},"geometry":{"type":"LineString","coordinates":[[136.8971033,35.1710668],[136.8973254,35.1710821],[136.8974362,35.1710897],[136.8974684,35.1710919],[136.8978133,35.1711155],[136.8983375,35.1711514],[136.8984102,35.1711564],[136.8984723,35.1711606],[136.8986625,35.1711735],[136.8989627,35.1711939],[136.8995428,35.1712332],[136.8996728,35.1712406],[136.9007354,35.1713008],[136.9018933,35.1713682],[136.9030917,35.1714479],[136.9032983,35.1714623],[136.9037724,35.1714953],[136.9042724,35.17153],[136.9047721,35.1715647],[136.904892,35.171573],[136.9050993,35.1715874],[136.9054543,35.1716121],[136.9055536,35.1716188],[136.9059447,35.1716451],[136.906036,35.1716513],[136.9063746,35.1716741],[136.9065115,35.1716833],[136.9066816,35.1716948],[136.9068182,35.1717041],[136.9077881,35.1717704],[136.9079453,35.1717812]]}},{"type":"Feature","properties":{"kind":"unclassified"},"geometry":{"type":"LineString","coordinates":[[136.9149842,35.1649179],[136.9149035,35.1649137],[136.9142137,35.1648777],[136.9128028,35.1648027],[136.9119879,35.164759],[136.9109916,35.1647109]]}},{"type":"Feature","properties":{"kind":"unclassified"},"geometry":{"type":"LineString","coordinates":[[136.9154885,35.1627952],[136.915247,35.1627904],[136.9151728,35.162791],[136.9149282,35.162793],[136.9148428,35.1627937],[136.9144526,35.1627969],[136.9142376,35.1627984],[136.9141343,35.1627991],[136.9139298,35.1628005],[136.9136683,35.1628023],[136.9135617,35.1628031],[136.9129284,35.1628074],[136.9122875,35.162816],[136.9119792,35.1628178],[136.9114829,35.1628208],[136.9111442,35.1628228],[136.910467,35.1628297],[136.910437,35.16283],[136.9101455,35.1628292],[136.9099641,35.1628326],[136.9096763,35.162838],[136.9095408,35.1628406]]}},{"type":"Feature","properties":{"kind":"unclassified"},"geometry":{"type":"LineString","coordinates":[[136.9080554,35.1657741],[136.9083904,35.1657924],[136.9085411,35.1658007],[136.9087399,35.1658061],[136.9088252,35.1658084],[136.9091249,35.1658166],[136.909272,35.1658206],[136.9094159,35.1658246],[136.9095498,35.1658313]]}},{"type":"Feature","properties":{"kind":"unclassified"},"geometry":{"type":"LineString","coordinates":[[136.9139787,35.1668696],[136.9133092,35.1668417],[136.9132921,35.1668411],[136.9129146,35.1668272],[136.9128134,35.1668235],[136.9125764,35.1668148],[136.9125576,35.1668149],[136.9123636,35.1668069],[136.9121931,35.1667999],[136.9121581,35.1667984],[136.9120076,35.1667922],[136.9118174,35.1667844],[136.9110267,35.1667453],[136.910827,35.1667355]]}},{"type":"Feature","properties":{"kind":"unclassified"},"geometry":{"type":"LineString","coordinates":[[136.9128438,35.1685876],[136.9118218,35.1685371],[136.9113295,35.1685162],[136.9106884,35.1684891]]}},{"type":"Feature","properties":{"kind":"unclassified"},"geometry":{"type":"LineString","coordinates":[[136.910774,35.1674059],[136.9112407,35.1674285],[136.9117482,35.167453],[136.9121598,35.1674687],[136.912667,35.1674881],[136.9129471,35.1675015],[136.9131673,35.167512],[136.9133346,35.1675201],[136.9134746,35.1675268],[136.9135423,35.16753],[136.9138893,35.1675466]]}},{"type":"Feature","properties":{"kind":"unclassified"},"geometry":{"type":"LineString","coordinates":[[136.9092898,35.1672309],[136.9094369,35.1672391],[136.9100622,35.1672745],[136.9107812,35.1673152]]}},{"type":"Feature","properties":{"kind":"unclassified"},"geometry":{"type":"LineString","coordinates":[[136.9108294,35.1667049],[136.9103587,35.1666699],[136.9094952,35.1666054],[136.9093504,35.1665946]]}},{"type":"Feature","properties":{"kind":"unclassified"},"geometry":{"type":"LineString","coordinates":[[136.9109851,35.1589196],[136.9111774,35.158892],[136.911774,35.1588062],[136.9118908,35.1587894]]}},{"type":"Feature","properties":{"kind":"unclassified"},"geometry":{"type":"LineString","coordinates":[[136.9095231,35.1635247],[136.909648,35.1635315],[136.9099607,35.1635485],[136.9101337,35.1635579],[136.9102944,35.1635634],[136.9103489,35.1635652],[136.9105267,35.1635712],[136.9110709,35.1635897],[136.911578,35.1636498],[136.9117707,35.1636726],[136.9118635,35.1636836],[136.912208,35.1637212],[136.9129417,35.1636794],[136.9135225,35.1636404],[136.9141061,35.1636013],[136.9143679,35.1635837],[136.9149317,35.1635411],[136.9150807,35.1635299],[136.9151792,35.1635225]]}},{"type":"Feature","properties":{"kind":"unclassified"},"geometry":{"type":"LineString","coordinates":[[136.8981428,35.1608627],[136.8979947,35.1608704],[136.8979001,35.1608781],[136.8970734,35.1609452],[136.8967496,35.1609427],[136.8963084,35.1609392],[136.8962017,35.1609384],[136.8957173,35.1609346],[136.8954391,35.1609455],[136.8954191,35.1609463],[136.8949402,35.1610068],[136.8945742,35.1610548],[136.8944901,35.1610658],[136.8943602,35.1610828],[136.8942235,35.1611019],[136.8939639,35.1611368],[136.8929236,35.1612768]]}},{"type":"Feature","properties":{"kind":"unclassified"},"geometry":{"type":"LineString","coordinates":[[136.8929965,35.1606994],[136.8941035,35.16059],[136.8941834,35.1605821],[136.8943051,35.1605688],[136.8945025,35.1605414],[136.8948464,35.1604937],[136.8953266,35.1604632],[136.8957862,35.1604252],[136.8960541,35.1604051],[136.896385,35.1603803],[136.8965222,35.16037],[136.8966624,35.1603594],[136.8967156,35.1603554],[136.8971387,35.1603237],[136.8973812,35.1603109],[136.8976694,35.1602956],[136.898068,35.1602745],[136.898194,35.1602678]]}},{"type":"Feature","properties":{"kind":"unclassified"},"geometry":{"type":"LineString","coordinates":[[136.9110154,35.1643312],[136.9107519,35.1643211],[136.910471,35.1643053],[136.9102344,35.164292],[136.9101001,35.1642844],[136.9099735,35.1642767],[136.9096365,35.1642562],[136.9095061,35.1642483]]}},{"type":"Feature","properties":{"kind":"unclassified"},"geometry":{"type":"LineString","coordinates":[[136.9101455,35.1628292],[136.9101428,35.1631971],[136.9101337,35.1635579],[136.9101184,35.1639213],[136.9101001,35.1642844]]}},{"type":"Feature","properties":{"kind":"unclassified"},"geometry":{"type":"LineString","coordinates":[[136.9094682,35.1651075],[136.9096044,35.1651139],[136.9101076,35.1651376],[136.9109546,35.1651776]]}},{"type":"Feature","properties":{"kind":"unclassified"},"geometry":{"type":"LineString","coordinates":[[136.9077832,35.1571421],[136.9077869,35.1572058],[136.9078178,35.1577403],[136.9078199,35.1577769],[136.9078231,35.1578321],[136.907826,35.1578826],[136.9078531,35.1583518],[136.9078548,35.1583781],[136.9078569,35.158417],[136.9078668,35.1584772],[136.9079115,35.1587479],[136.9080775,35.1597528],[136.9080829,35.1597857],[136.9080919,35.1598401]]}},{"type":"Feature","properties":{"kind":"tertiary"},"geometry":{"type":"LineString","coordinates":[[136.892658,35.1696301],[136.8933711,35.1695756],[136.8936991,35.1695383],[136.893855,35.1695206],[136.8942488,35.1694866],[136.8946565,35.1694468],[136.8947551,35.1694372],[136.8953075,35.1693885],[136.8958456,35.1693474],[136.8960981,35.1693384],[136.8961969,35.1693349],[136.89629,35.1693342],[136.8966712,35.1693312],[136.8971479,35.1693388],[136.8971799,35.1693401],[136.8972999,35.1693422],[136.89741,35.1693433],[136.89752,35.1693443],[136.8976345,35.169352],[136.8976554,35.1693534],[136.8985773,35.1694157],[136.899721,35.1694883],[136.900889,35.1695748],[136.9020758,35.1696626]]}},{"type":"Feature","properties":{"kind":"footway"},"geometry":{"type":"LineString","coordinates":[[136.8976773,35.1648011],[136.8981185,35.1648223]]}},{"type":"Feature","properties":{"kind":"steps"},"geometry":{"type":"LineString","coordinates":[[136.8981185,35.1648223],[136.898107,35.1649196]]}},{"type":"Feature","properties":{"kind":"unclassified"},"geometry":{"type":"LineString","coordinates":[[136.9000588,35.1613133],[136.9004077,35.1612755],[136.900666,35.1612475]]}},{"type":"Feature","properties":{"kind":"footway"},"geometry":{"type":"LineString","coordinates":[[136.8980893,35.1595288],[136.8980898,35.1595681],[136.8980886,35.1596099]]}},{"type":"Feature","properties":{"kind":"footway"},"geometry":{"type":"LineString","coordinates":[[136.8991261,35.1619573],[136.8989232,35.1619526],[136.8985732,35.1619446],[136.8984771,35.1618611],[136.8984286,35.161819],[136.8984448,35.1614544]]}},{"type":"Feature","properties":{"kind":"unclassified"},"geometry":{"type":"LineString","coordinates":[[136.8983365,35.1614066],[136.8984468,35.1614106],[136.8988261,35.1614243],[136.8992342,35.1613868],[136.8997471,35.1613396]]}},{"type":"Feature","properties":{"kind":"unclassified"},"geometry":{"type":"LineString","coordinates":[[136.8998934,35.1612382],[136.8998332,35.1608595],[136.8998017,35.160661]]}},{"type":"Feature","properties":{"kind":"unclassified"},"geometry":{"type":"LineString","coordinates":[[136.9000042,35.1612477],[136.8999523,35.1612361],[136.8998934,35.1612382],[136.899843,35.1612422],[136.8997845,35.1612625],[136.8997516,35.1612985],[136.8997471,35.1613396],[136.8997561,35.161377],[136.8997942,35.1614085],[136.8998547,35.1614182],[136.8999185,35.1614134],[136.8999757,35.1614067],[136.9000221,35.1613862],[136.9000549,35.161356],[136.9000588,35.1613133],[136.9000369,35.1612743],[136.9000042,35.1612477]]}},{"type":"Feature","properties":{"kind":"unclassified"},"geometry":{"type":"LineString","coordinates":[[136.8999185,35.1614134],[136.8999331,35.1617283]]}},{"type":"Feature","properties":{"kind":"footway"},"geometry":{"type":"LineString","coordinates":[[136.898603,35.1681894],[136.898628,35.1681612],[136.8986485,35.1679786],[136.8986972,35.1675404],[136.8987252,35.1672887],[136.8987024,35.1672676],[136.8986457,35.1672642],[136.8983589,35.1672469],[136.897934,35.1672213],[136.8978677,35.1672487],[136.8978028,35.1672498]]}},{"type":"Feature","properties":{"kind":"footway"},"geometry":{"type":"LineString","coordinates":[[136.8978476,35.1683919],[136.8978828,35.1683941],[136.8979253,35.1683967],[136.8985418,35.1684349],[136.8985822,35.1684374],[136.8986114,35.1684392]]}},{"type":"Feature","properties":{"kind":"footway"},"geometry":{"type":"LineString","coordinates":[[136.8985364,35.1692049],[136.8985065,35.1692029],[136.8976711,35.1691457],[136.89765,35.1691437],[136.8976299,35.1691418]]}},{"type":"Feature","properties":{"kind":"tertiary"},"geometry":{"type":"LineString","coordinates":[[136.9064825,35.1735583],[136.9064885,35.1734941],[136.9065073,35.1732945],[136.9065594,35.1727393],[136.9065692,35.1726353],[136.9065805,35.1725407],[136.9066723,35.1717728],[136.9066816,35.1716948],[136.9066944,35.1715824],[136.9067711,35.1709083],[136.9067875,35.1707638],[136.9068048,35.1706134],[136.9068679,35.1700658],[136.9068778,35.1699633]]}},{"type":"Feature","properties":{"kind":"tertiary"},"geometry":{"type":"LineString","coordinates":[[136.9022037,35.1685102],[136.9022121,35.168422],[136.9022946,35.1675517],[136.9023031,35.1674621],[136.9023126,35.1673656],[136.9023327,35.1671619],[136.9023407,35.1670812],[136.9023628,35.166856],[136.9023957,35.1665224],[136.9024438,35.1660313],[136.9024766,35.1656969],[136.9024843,35.1656178],[136.9024857,35.1655306],[136.902486,35.165283],[136.9024864,35.1650277],[136.9024225,35.1644656],[136.9024065,35.1643511],[136.9023795,35.1641578],[136.9023654,35.1640566],[136.9023387,35.1638653],[136.9023354,35.1638304],[136.902289,35.1634692],[136.9022074,35.1628344],[136.9021892,35.1626925]]}},{"type":"Feature","properties":{"kind":"tertiary"},"geometry":{"type":"LineString","coordinates":[[136.9067036,35.1699565],[136.9066933,35.1700513],[136.9066286,35.1706008],[136.906611,35.1707504],[136.9065955,35.1708957],[136.9065744,35.1710936],[136.9065327,35.1714854],[136.9065234,35.1715725],[136.9065115,35.1716833],[136.9065017,35.1717616],[136.9064055,35.172527],[136.9063931,35.1726256],[136.9063827,35.1727245],[136.9063243,35.1732828],[136.9063032,35.173484],[136.9062965,35.1735482]]}},{"type":"Feature","properties":{"kind":"tertiary"},"geometry":{"type":"LineString","coordinates":[[136.9085936,35.173875],[136.9086099,35.1736995],[136.9086309,35.1735247],[136.9086761,35.1731497],[136.9087077,35.1728872],[136.9087195,35.1727891],[136.9088123,35.1719066],[136.9088185,35.1718485]]}},{"type":"Feature","properties":{"kind":"unclassified"},"geometry":{"type":"LineString","coordinates":[[136.903268,35.1697317],[136.9032588,35.1698155],[136.9032302,35.1700761],[136.9031823,35.1705124],[136.9031205,35.1711502],[136.9030917,35.1714479],[136.9030582,35.1717738],[136.9030016,35.1723244],[136.9029949,35.1723894]]}},{"type":"Feature","properties":{"kind":"tertiary"},"geometry":{"type":"LineString","coordinates":[[136.9081213,35.1700533],[136.9080968,35.1702817],[136.9080747,35.1704872],[136.9080357,35.1708508],[136.9080235,35.1709758],[136.9079546,35.1716852],[136.9079453,35.1717812],[136.9079366,35.1718591],[136.9078405,35.1727185],[136.9078269,35.1728293],[136.9077488,35.1734683],[136.9077285,35.1736341]]}},{"type":"Feature","properties":{"kind":"unclassified"},"geometry":{"type":"LineString","coordinates":[[136.900889,35.1695748],[136.9008818,35.1696627],[136.9008239,35.1703644],[136.900791,35.1707126],[136.900742,35.1712312],[136.9007354,35.1713008],[136.9007202,35.1714604],[136.9007133,35.1715331],[136.9007041,35.1716293],[136.9006856,35.1718242],[136.9006527,35.1721699],[136.9006458,35.1722424],[136.9006391,35.1723053],[136.9006256,35.1724323],[136.9006115,35.1725642],[136.9005907,35.1727591],[136.9005593,35.1730545],[136.9005559,35.1730861],[136.9005457,35.1731821],[136.9005294,35.1733363]]}},{"type":"Feature","properties":{"kind":"unclassified"},"geometry":{"type":"LineString","coordinates":[[136.8990004,35.1653469],[136.8989057,35.1662913],[136.8988939,35.1664018],[136.8988429,35.1668799],[136.8988372,35.1669332],[136.898815,35.1671413],[136.8988056,35.1672294],[136.8987984,35.1672905],[136.898793,35.1673363],[136.8987685,35.1675456],[136.8986926,35.1681927],[136.8986832,35.1682726],[136.8986791,35.1683741],[136.8986718,35.1684443],[136.8986269,35.1688761],[136.8986125,35.1690144],[136.8985923,35.1692091],[136.898584,35.1692888],[136.8985773,35.1694157]]}},{"type":"Feature","properties":{"kind":"tertiary"},"geometry":{"type":"LineString","coordinates":[[136.9090154,35.1701169],[136.9090304,35.1699702]]}},{"type":"Feature","properties":{"kind":"tertiary"},"geometry":{"type":"LineString","coordinates":[[136.9069991,35.1688338],[136.9070359,35.1684937],[136.9070944,35.1677876],[136.9071733,35.1669916],[136.90718,35.1669242],[136.9071832,35.1668917],[136.9071871,35.1668479],[136.9071918,35.1667938],[136.9072527,35.1661484],[136.9072599,35.1660721]]}},{"type":"Feature","properties":{"kind":"unclassified"},"geometry":{"type":"LineString","coordinates":[[136.899721,35.1694883],[136.8997383,35.1693629],[136.8997473,35.1692862],[136.8998369,35.1685266],[136.8998453,35.1684554],[136.8998506,35.1683514],[136.899859,35.168262],[136.8999428,35.1673723],[136.8999494,35.1673019],[136.8999569,35.1672238],[136.9000028,35.1667438],[136.9000393,35.1663621],[136.9000985,35.1658131],[136.9001137,35.1656719],[136.9001409,35.16542]]}},{"type":"Feature","properties":{"kind":"unclassified"},"geometry":{"type":"LineString","coordinates":[[136.8993337,35.1732523],[136.899352,35.1731017],[136.8993626,35.173007],[136.8993653,35.1729827],[136.8993975,35.1726937],[136.899449,35.1722313],[136.8994564,35.1721653],[136.8994639,35.1720847],[136.899504,35.1716525],[136.899536,35.171307],[136.8995428,35.1712332],[136.899552,35.1711482],[136.899617,35.1705453],[136.8996452,35.1702836],[136.8997103,35.1696007],[136.899721,35.1694883]]}},{"type":"Feature","properties":{"kind":"unclassified"},"geometry":{"type":"LineString","coordinates":[[136.9056183,35.1698865],[136.9056101,35.1699797],[136.9055486,35.1706741],[136.9055007,35.1711503],[136.9054543,35.1716121],[136.9054443,35.1717112],[136.9054088,35.1720636],[136.9053678,35.1724702],[136.9053591,35.172557],[136.9053525,35.1726321],[136.9052878,35.173365],[136.905284,35.1734088],[136.9052766,35.1734914]]}},{"type":"Feature","properties":{"kind":"unclassified"},"geometry":{"type":"LineString","coordinates":[[136.9128569,35.1721125],[136.9128525,35.1722115],[136.9128168,35.1722729],[136.9127494,35.1723131],[136.9123583,35.1724326],[136.912269,35.1724598],[136.911798,35.1726037],[136.9112792,35.1727019],[136.9112157,35.172714],[136.9111489,35.1727266],[136.9107193,35.172808],[136.9104735,35.1728545],[136.9102646,35.1728941],[136.9088549,35.1727983],[136.9087195,35.1727891]]}},{"type":"Feature","properties":{"kind":"unclassified"},"geometry":{"type":"LineString","coordinates":[[136.8999385,35.1594995],[136.9000326,35.1600671]]}},{"type":"Feature","properties":{"kind":"pedestrian"},"geometry":{"type":"LineString","coordinates":[[136.9016737,35.1592416],[136.9015809,35.1592567],[136.9010928,35.1593361]]}},{"type":"Feature","properties":{"kind":"path"},"geometry":{"type":"LineString","coordinates":[[136.8991046,35.1644755],[136.8987745,35.1637708],[136.898725,35.1636271],[136.8987428,35.1633773],[136.8988048,35.163255],[136.8989563,35.163186],[136.8991169,35.1631471],[136.8992623,35.1631182],[136.8993805,35.1631131],[136.8995095,35.163111],[136.8996344,35.1631156],[136.8997538,35.1631219],[136.8998304,35.1631267],[136.8998871,35.1631303],[136.9000481,35.1631488],[136.9001822,35.1631644],[136.9003044,35.163185],[136.9004139,35.1632414],[136.9005309,35.1633017],[136.9006795,35.1634142]]}},{"type":"Feature","properties":{"kind":"unclassified"},"geometry":{"type":"LineString","coordinates":[[136.8999666,35.1585405],[136.8993186,35.158691],[136.8992317,35.1587112]]}},{"type":"Feature","properties":{"kind":"footway"},"geometry":{"type":"LineString","coordinates":[[136.9000537,35.1629529],[136.9000616,35.1624701]]}},{"type":"Feature","properties":{"kind":"unclassified"},"geometry":{"type":"LineString","coordinates":[[136.899971,35.1620793],[136.8999584,35.161963],[136.8999331,35.1617283]]}},{"type":"Feature","properties":{"kind":"unclassified"},"geometry":{"type":"LineString","coordinates":[[136.8970323,35.1612947],[136.8972823,35.1612734],[136.8979887,35.1612133],[136.8981198,35.1612013]]}},{"type":"Feature","properties":{"kind":"unclassified"},"geometry":{"type":"LineString","coordinates":[[136.8982687,35.1589224],[136.8981417,35.1589293],[136.8972364,35.1589784]]}},{"type":"Feature","properties":{"kind":"unclassified"},"geometry":{"type":"LineString","coordinates":[[136.8993877,35.1591703],[136.8992317,35.1587112],[136.8990339,35.1581354],[136.8990185,35.1580908]]}},{"type":"Feature","properties":{"kind":"unclassified"},"geometry":{"type":"LineString","coordinates":[[136.9031815,35.1611319],[136.903092,35.1605018],[136.9030464,35.1601049]]}},{"type":"Feature","properties":{"kind":"unclassified"},"geometry":{"type":"LineString","coordinates":[[136.900666,35.1612475],[136.9013323,35.1611792],[136.9018833,35.16111],[136.9019673,35.1610995]]}},{"type":"Feature","properties":{"kind":"path"},"geometry":{"type":"LineString","coordinates":[[136.9001359,35.1645402],[136.900696,35.163739],[136.9007126,35.1636606],[136.9007105,35.1635784],[136.9006795,35.1634142],[136.9015092,35.1628999],[136.9016207,35.1628362],[136.9016966,35.1628045]]}},{"type":"Feature","properties":{"kind":"steps"},"geometry":{"type":"LineString","coordinates":[[136.900233,35.1630216],[136.9001914,35.1629773],[136.9001531,35.1629604],[136.9000537,35.1629529]]}},{"type":"Feature","properties":{"kind":"steps"},"geometry":{"type":"LineString","coordinates":[[136.8998906,35.1630064],[136.8999142,35.1629847],[136.8999502,35.1629648],[136.8999907,35.162955],[136.9000537,35.1629529]]}},{"type":"Feature","properties":{"kind":"unclassified"},"geometry":{"type":"LineString","coordinates":[[136.9014362,35.1620824],[136.9014247,35.1619828],[136.9013323,35.1611792],[136.9012642,35.160529]]}},{"type":"Feature","properties":{"kind":"unclassified"},"geometry":{"type":"LineString","coordinates":[[136.9007627,35.1626752],[136.9007729,35.1620892],[136.9007576,35.1619688],[136.9007315,35.1617575],[136.9007192,35.1616669],[136.900712,35.16161],[136.900666,35.1612475],[136.9005895,35.160772],[136.900557,35.1605712]]}},{"type":"Feature","properties":{"kind":"path"},"geometry":{"type":"LineString","coordinates":[[136.9006075,35.1645983],[136.9007339,35.1645886],[136.9011851,35.1646179],[136.9011959,35.1645466],[136.9012315,35.1643162],[136.901369,35.1639365],[136.901437,35.163784],[136.9015195,35.1635992],[136.9015735,35.163377],[136.9015526,35.1630269],[136.9015092,35.1628999]]}},{"type":"Feature","properties":{"kind":"path"},"geometry":{"type":"LineString","coordinates":[[136.8981291,35.1652081],[136.8981609,35.1651627],[136.8984035,35.1649836],[136.8984478,35.1649509],[136.8985482,35.1648768],[136.8991046,35.1644755],[136.9001359,35.1645402],[136.9001949,35.1645604],[136.9002371,35.1645749],[136.9006075,35.1645983],[136.9005572,35.1650908],[136.9005576,35.1651451],[136.9005865,35.1651961],[136.9006874,35.1652817],[136.9008002,35.1653994],[136.9008103,35.16541]]}},{"type":"Feature","properties":{"kind":"footway"},"geometry":{"type":"LineString","coordinates":[[136.9077086,35.1726462],[136.907679,35.1726661],[136.9072633,35.1726355],[136.9067431,35.1725973],[136.9067235,35.1725778],[136.9066952,35.1725496],[136.9066863,35.1725408],[136.9067729,35.1718078],[136.9068105,35.1717819]]}},{"type":"Feature","properties":{"kind":"cycleway"},"geometry":{"type":"LineString","coordinates":[[136.897309,35.1728726],[136.8981614,35.1729301],[136.8982228,35.1729341],[136.8983031,35.1729393],[136.8983565,35.1729428],[136.8992141,35.1729975],[136.8993014,35.1730031],[136.8993626,35.173007],[136.8994166,35.1730097],[136.8994402,35.1730298],[136.8994707,35.173041],[136.8995028,35.1730431],[136.9004319,35.1731049],[136.9004873,35.1730971],[136.9005121,35.1730899],[136.9005559,35.1730861],[136.9006039,35.1730981],[136.9006242,35.1731075],[136.9006553,35.1731192],[136.9006698,35.1731201],[136.9008999,35.1731293],[136.9009507,35.1731237],[136.9009836,35.1731136],[136.9010336,35.1731094],[136.901145,35.1731157],[136.9011966,35.1731258],[136.901239,35.1731397],[136.9013219,35.1731556],[136.9015476,35.1731753],[136.9016003,35.1731773],[136.9016449,35.1731675],[136.9017194,35.1731762],[136.9017975,35.1731822],[136.9018511,35.1732014],[136.9018838,35.1732035],[136.9025972,35.1732484],[136.9028302,35.1732631],[136.902872,35.173258],[136.9029127,35.1732613],[136.9029548,35.1732617],[136.9030051,35.1732801],[136.9035983,35.1733158],[136.9039641,35.1733378],[136.9040013,35.1733353],[136.9040491,35.1733321],[136.9041065,35.1733372],[136.9041524,35.1733383],[136.904193,35.173352],[136.9042008,35.1733547],[136.9045103,35.1733745],[136.904565,35.1733698],[136.9046169,35.1733498],[136.904687,35.1733465],[136.9047787,35.1733586],[136.904821,35.1733784],[136.9048961,35.1734012],[136.9051668,35.1734166],[136.9052352,35.1734067],[136.905284,35.1734088],[136.9053176,35.1734135],[136.9053556,35.173429],[136.9060339,35.1734693],[136.9061092,35.1734734],[136.9061613,35.1734661],[136.906191,35.1734537],[136.9062164,35.1734356],[136.9062386,35.173412],[136.9062506,35.1733857],[136.9062599,35.1732786]]}},{"type":"Feature","properties":{"kind":"footway"},"geometry":{"type":"LineString","coordinates":[[136.9074793,35.1735018],[136.907325,35.1734954],[136.906751,35.1734719],[136.9066103,35.1733011],[136.9066726,35.1727489],[136.9066738,35.1727385],[136.9067086,35.1727101],[136.906729,35.1726935],[136.9073214,35.172734],[136.9074593,35.1727434],[136.9076688,35.1727577],[136.9077202,35.1728141],[136.9077084,35.1729361],[136.9076459,35.1732256],[136.9076329,35.1734215],[136.9075825,35.1734588],[136.907547,35.1734809],[136.9074793,35.1735018]]}},{"type":"Feature","properties":{"kind":"cycleway"},"geometry":{"type":"LineString","coordinates":[[136.8980593,35.1652262],[136.89809,35.1649319],[136.8981067,35.1648046],[136.8983268,35.1628455],[136.8983296,35.1628247],[136.8983342,35.1628132]]}},{"type":"Feature","properties":{"kind":"cycleway"},"geometry":{"type":"LineString","coordinates":[[136.8979924,35.1661839],[136.8979828,35.1661413],[136.8979762,35.1661241],[136.8979653,35.1661093],[136.8979676,35.1660683],[136.8979775,35.1659792],[136.8979815,35.1659452],[136.8979971,35.1659277],[136.8980096,35.1659104],[136.8980192,35.1658172],[136.8980232,35.1657726],[136.8980196,35.1657385],[136.8980116,35.1657116],[136.898028,35.1655236],[136.898037,35.1654196],[136.8980404,35.1653807],[136.8980462,35.1653622],[136.8980564,35.1653407]]}},{"type":"Feature","properties":{"kind":"tertiary"},"geometry":{"type":"LineString","coordinates":[[136.9021219,35.1620846],[136.9021008,35.1619489],[136.901999,35.161293],[136.9019673,35.1610995],[136.9019119,35.1606519],[136.9019073,35.1606144],[136.9018937,35.1605154],[136.9018821,35.1604303],[136.9018532,35.1602188],[136.9018159,35.1599984],[136.901803,35.1599219],[136.9017965,35.1598839],[136.9017519,35.1596289],[136.9016737,35.1592416],[136.901658,35.159162]]}},{"type":"Feature","properties":{"kind":"unclassified"},"geometry":{"type":"LineString","coordinates":[[136.9060494,35.1602572],[136.9060835,35.160242],[136.9061589,35.1602082],[136.9062377,35.1601937],[136.9068498,35.1600814],[136.9070596,35.1600429],[136.9071746,35.1600218],[136.9073466,35.1599977],[136.9074441,35.1599772]]}},{"type":"Feature","properties":{"kind":"unclassified"},"geometry":{"type":"LineString","coordinates":[[136.9035951,35.1599577],[136.9041301,35.1599024]]}},{"type":"Feature","properties":{"kind":"unclassified"},"geometry":{"type":"LineString","coordinates":[[136.9038222,35.1620569],[136.9038413,35.1621788],[136.903925,35.1625407],[136.9039511,35.1626609]]}},{"type":"Feature","properties":{"kind":"unclassified"},"geometry":{"type":"LineString","coordinates":[[136.904108,35.1604337],[136.9041168,35.1602215],[136.9041301,35.1599024]]}},{"type":"Feature","properties":{"kind":"unclassified"},"geometry":{"type":"LineString","coordinates":[[136.9093552,35.1583043],[136.9092671,35.1583107],[136.9090445,35.1583268],[136.9084204,35.1583742],[136.907979,35.1584077],[136.9079191,35.1584124],[136.9078569,35.158417],[136.9071811,35.1584612],[136.9070862,35.1584674],[136.9069075,35.1584899],[136.9068064,35.1584975],[136.9061366,35.1585489]]}},{"type":"Feature","properties":{"kind":"unclassified"},"geometry":{"type":"LineString","coordinates":[[136.8992284,35.1600615],[136.8985263,35.1601113],[136.8984233,35.1601185]]}},{"type":"Feature","properties":{"kind":"unclassified"},"geometry":{"type":"LineString","coordinates":[[136.8992359,35.160344],[136.8985094,35.1604076],[136.8984051,35.1604167]]}},{"type":"Feature","properties":{"kind":"unclassified"},"geometry":{"type":"LineString","coordinates":[[136.9005656,35.1594447],[136.9006488,35.160025],[136.9006841,35.1602167],[136.9007453,35.1605488]]}},{"type":"Feature","properties":{"kind":"unclassified"},"geometry":{"type":"LineString","coordinates":[[136.8985205,35.1581796],[136.8986532,35.1582484],[136.8986788,35.158317],[136.8990222,35.1592324]]}},{"type":"Feature","properties":{"kind":"residential"},"geometry":{"type":"LineString","coordinates":[[136.9090445,35.1583268],[136.9090486,35.1583675],[136.9091715,35.1595746],[136.9091781,35.1596391]]}},{"type":"Feature","properties":{"kind":"residential"},"geometry":{"type":"LineString","coordinates":[[136.9107519,35.1643211],[136.9107518,35.1640077],[136.9107518,35.163929],[136.910522,35.1639262],[136.9102364,35.1639227],[136.9101184,35.1639213]]}},{"type":"Feature","properties":{"kind":"residential"},"geometry":{"type":"LineString","coordinates":[[136.9101428,35.1631971],[136.9104174,35.1632021],[136.910437,35.16283]]}},{"type":"Feature","properties":{"kind":"primary"},"geometry":{"type":"LineString","coordinates":[[136.9022037,35.1685102],[136.9020504,35.1684999],[136.9011524,35.1684393],[136.9010094,35.1684296],[136.900893,35.1684217],[136.8999999,35.1683615],[136.8998506,35.1683514],[136.8996922,35.1683407],[136.898807,35.168281],[136.8986832,35.1682726],[136.8985568,35.1682641],[136.8982267,35.1682418],[136.8979187,35.168221],[136.8977191,35.1682075],[136.8976328,35.1682017],[136.8974264,35.1681851]]}},{"type":"Feature","properties":{"kind":"primary"},"geometry":{"type":"LineString","coordinates":[[136.9069719,35.1689523],[136.9073775,35.1689803],[136.9079522,35.1690193],[136.908239,35.1690389]]}},{"type":"Feature","properties":{"kind":"unclassified"},"geometry":{"type":"LineString","coordinates":[[136.9071872,35.1642573],[136.9072539,35.164251],[136.907976,35.1641822],[136.9084792,35.1641917],[136.9086203,35.1641943]]}},{"type":"Feature","properties":{"kind":"service"},"geometry":{"type":"LineString","coordinates":[[136.9015286,35.1679312],[136.9011551,35.1679089],[136.9011266,35.1679071],[136.9011065,35.1679059],[136.9010654,35.1679035]]}},{"type":"Feature","properties":{"kind":"service"},"geometry":{"type":"LineString","coordinates":[[136.9015407,35.1677673],[136.9011431,35.1677439],[136.9011229,35.1677427],[136.9010828,35.1677404]]}},{"type":"Feature","properties":{"kind":"service"},"geometry":{"type":"LineString","coordinates":[[136.8993975,35.1726937],[136.8994505,35.1726967],[136.8994795,35.1726984],[136.8995107,35.1727002],[136.8998341,35.1727187]]}},{"type":"Feature","properties":{"kind":"footway"},"geometry":{"type":"LineString","coordinates":[[136.9018216,35.1622357],[136.9023029,35.1622341],[136.9025002,35.1622335]]}},{"type":"Feature","properties":{"kind":"steps"},"geometry":{"type":"LineString","coordinates":[[136.9025202,35.1627963],[136.902372,35.1627965]]}},{"type":"Feature","properties":{"kind":"steps"},"geometry":{"type":"LineString","coordinates":[[136.9018645,35.162273],[136.9017692,35.1622736],[136.9017666,35.1622357],[136.9018216,35.1622357]]}},{"type":"Feature","properties":{"kind":"steps"},"geometry":{"type":"LineString","coordinates":[[136.9025002,35.1622335],[136.902572,35.1622324],[136.9025726,35.1622658],[136.9024497,35.1622664]]}},{"type":"Feature","properties":{"kind":"footway"},"geometry":{"type":"LineString","coordinates":[[136.902372,35.1627965],[136.9023029,35.1622341],[136.9022671,35.1619879]]}},{"type":"Feature","properties":{"kind":"steps"},"geometry":{"type":"LineString","coordinates":[[136.9022671,35.1619879],[136.9024057,35.1619881],[136.9024066,35.1620114],[136.9022152,35.1620134]]}},{"type":"Feature","properties":{"kind":"footway"},"geometry":{"type":"LineString","coordinates":[[136.8999879,35.1619064],[136.9000246,35.161924],[136.9004556,35.1619256],[136.9006923,35.1619274],[136.9007039,35.1619149],[136.9007056,35.1619735],[136.9007039,35.1619904],[136.9006961,35.1620031],[136.900675,35.1620196],[136.9006637,35.1620252],[136.9006355,35.1620294],[136.9000476,35.1620146],[136.900029,35.1620117],[136.9000122,35.1620027],[136.9000002,35.161991],[136.8999939,35.1619751],[136.8999928,35.161963],[136.8999879,35.1619064]]}},{"type":"Feature","properties":{"kind":"footway"},"geometry":{"type":"LineString","coordinates":[[136.8970331,35.1618905],[136.8977715,35.1619012],[136.8979237,35.1617915],[136.8979327,35.1615987],[136.897935,35.1615489],[136.8979382,35.1614807],[136.897948,35.1612723],[136.8979323,35.1612507],[136.8979566,35.1612512],[136.8979772,35.1612555],[136.8979899,35.1612623],[136.8979974,35.1612661],[136.8980129,35.1612817],[136.8980198,35.161298],[136.8980224,35.1613154],[136.8980077,35.1615508],[136.8979884,35.161859],[136.897985,35.1619165],[136.8979669,35.1619505],[136.8979313,35.1619862],[136.8978993,35.1620052],[136.8978897,35.1620109],[136.8978381,35.1620306],[136.8977931,35.1620361],[136.8971295,35.1620299],[136.8971033,35.1620261],[136.8970693,35.1620116],[136.89706,35.1620032],[136.8970463,35.1619909],[136.8970346,35.1619693],[136.8970321,35.1619471],[136.8970323,35.1619361],[136.8970331,35.1618905]]}},{"type":"Feature","properties":{"kind":"footway"},"geometry":{"type":"LineString","coordinates":[[136.8985083,35.1614435],[136.8984858,35.1614558],[136.8984628,35.1617777],[136.898614,35.1619102],[136.898923,35.1619117],[136.8991298,35.1619135],[136.8991261,35.1619573],[136.8991254,35.1619662],[136.8991212,35.161979],[136.8991102,35.1619912],[136.8990951,35.1620007],[136.8990779,35.1620046],[136.8989234,35.162002],[136.8985397,35.1619957],[136.8985066,35.1619885],[136.898492,35.1619853],[136.8984667,35.1619709],[136.8984625,35.1619684],[136.8984546,35.1619639],[136.8984235,35.1619372],[136.8984004,35.1619053],[136.8983861,35.1618591],[136.8983856,35.1618276],[136.8984064,35.1615055],[136.8984124,35.1614877],[136.8984262,35.1614673],[136.8984448,35.1614544],[136.8984663,35.1614455],[136.8984917,35.1614423],[136.8985083,35.1614435]]}},{"type":"Feature","properties":{"kind":"footway"},"geometry":{"type":"LineString","coordinates":[[136.898503,35.1625945],[136.8985035,35.1621326],[136.8984617,35.1621369],[136.8984251,35.162148],[136.898401,35.1621762],[136.8983686,35.1625174],[136.8983801,35.1625491],[136.8984099,35.1625737],[136.8984198,35.1625768],[136.8984342,35.1625814],[136.8984609,35.1625865],[136.8984706,35.1625883],[136.898503,35.1625945]]}},{"type":"Feature","properties":{"kind":"footway"},"geometry":{"type":"LineString","coordinates":[[136.8992284,35.1619041],[136.8992422,35.161916],[136.8998914,35.1619224],[136.8999087,35.1619005],[136.8999142,35.1619631],[136.8999146,35.1619748],[136.8999071,35.1619904],[136.8998968,35.1620011],[136.8998795,35.1620096],[136.8998615,35.1620124],[136.8992743,35.1620068],[136.8992546,35.1620041],[136.8992381,35.1619953],[136.8992264,35.1619817],[136.8992202,35.1619651],[136.8992215,35.1619558],[136.8992284,35.1619041]]}},{"type":"Feature","properties":{"kind":"footway"},"geometry":{"type":"LineString","coordinates":[[136.9008034,35.1619137],[136.9008334,35.1619273],[136.9013617,35.1619326],[136.9013871,35.1619177],[136.901395,35.16198],[136.9013948,35.161983],[136.9013933,35.1619909],[136.9013883,35.1620024],[136.9013783,35.1620135],[136.9013595,35.1620208],[136.9013256,35.162028],[136.9008865,35.1620213],[136.9008711,35.1620191],[136.9008288,35.1619996],[136.9008216,35.1619929],[136.9008129,35.1619768],[136.900811,35.161964],[136.9008034,35.1619137]]}},{"type":"Feature","properties":{"kind":"footway"},"geometry":{"type":"LineString","coordinates":[[136.9014465,35.1619173],[136.9014664,35.1619333],[136.9019306,35.1619382],[136.9019672,35.1619082],[136.9019532,35.1617927],[136.9019438,35.1617125],[136.901914,35.1614791],[136.9018715,35.1611704],[136.9018442,35.1611532],[136.9018807,35.1611522],[136.9018907,35.1611552],[136.9019076,35.161164],[136.9019251,35.1611839],[136.9019298,35.1611977],[136.9020255,35.161936],[136.9020276,35.1619519],[136.9020299,35.1619695],[136.9020302,35.1619799],[136.9020295,35.1619933],[136.9020189,35.1620079],[136.9020074,35.1620185],[136.9019881,35.1620258],[136.9019626,35.162031],[136.9014946,35.1620297],[136.9014728,35.162022],[136.9014617,35.1620098],[136.9014537,35.1619856],[136.9014465,35.1619173]]}},{"type":"Feature","properties":{"kind":"pedestrian"},"geometry":{"type":"LineString","coordinates":[[136.910447,35.1623584],[136.9104441,35.1623194],[136.9104427,35.1623113],[136.9104492,35.1622919],[136.9104552,35.1622775],[136.91047,35.162268],[136.910475,35.1622674],[136.9104882,35.1622636],[136.910991,35.1622098],[136.9110646,35.1622019],[136.9110944,35.1622044],[136.9111141,35.1622104],[136.9111326,35.1622238],[136.911141,35.1622377],[136.911145,35.16225],[136.9111456,35.1622859],[136.9111017,35.1627757],[136.9110915,35.1627915],[136.9110762,35.1627977],[136.911029,35.1627977],[136.9110542,35.162782],[136.9110912,35.1623318],[136.9110465,35.1622961],[136.910447,35.1623584]]}},{"type":"Feature","properties":{"kind":"pedestrian"},"geometry":{"type":"LineString","coordinates":[[136.9097509,35.1628068],[136.9096727,35.1628085],[136.9096526,35.1628063],[136.9096374,35.1627987],[136.9096266,35.1627881],[136.9096194,35.1627745],[136.9096382,35.1624053],[136.9096495,35.1623827],[136.9096709,35.1623626],[136.9096884,35.1623505],[136.9097169,35.1623435],[136.9097278,35.1623424],[136.9097443,35.1623402],[136.9103336,35.1622835],[136.9103561,35.1622851],[136.910368,35.1622901],[136.9103773,35.1623012],[136.9103802,35.1623099],[136.9103813,35.1623201],[136.9103865,35.1623673],[136.909865,35.1624217],[136.9097307,35.1625468],[136.9097184,35.1627839],[136.9097509,35.1628068]]}},{"type":"Feature","properties":{"kind":"unclassified"},"geometry":{"type":"LineString","coordinates":[[136.9108024,35.1615294],[136.910876,35.1616553],[136.9110854,35.1620116],[136.9111444,35.1621139]]}},{"type":"Feature","properties":{"kind":"residential"},"geometry":{"type":"LineString","coordinates":[[136.910467,35.1628297],[136.9104109,35.1623198],[136.9103978,35.162201]]}},{"type":"Feature","properties":{"kind":"tertiary"},"geometry":{"type":"LineString","coordinates":[[136.9091243,35.1689967],[136.9091462,35.1688017],[136.9092486,35.1678899]]}},{"type":"Feature","properties":{"kind":"tertiary"},"geometry":{"type":"LineString","coordinates":[[136.9090304,35.1699702],[136.9090511,35.169757],[136.909097,35.1692835],[136.9091149,35.1690995]]}},{"type":"Feature","properties":{"kind":"tertiary"},"geometry":{"type":"LineString","coordinates":[[136.9103656,35.1719458],[136.9112171,35.1720036],[136.9118626,35.1720474],[136.912195,35.172068],[136.9128569,35.1721125],[136.9134114,35.172142],[136.9136338,35.1721524],[136.9137078,35.1721587],[136.9141436,35.1721878],[136.91428,35.1721964]]}},{"type":"Feature","properties":{"kind":"service"},"geometry":{"type":"LineString","coordinates":[[136.9041148,35.1597064],[136.9042297,35.1596985]]}},{"type":"Feature","properties":{"kind":"service"},"geometry":{"type":"LineString","coordinates":[[136.9046239,35.1606892],[136.9046747,35.160902]]}},{"type":"Feature","properties":{"kind":"service"},"geometry":{"type":"LineString","coordinates":[[136.9043728,35.1598747],[136.9043258,35.1595403]]}},{"type":"Feature","properties":{"kind":"service"},"geometry":{"type":"LineString","coordinates":[[136.90386,35.1604423],[136.903846,35.1602992],[136.903909,35.1602767],[136.9039062,35.1602299],[136.9041168,35.1602215]]}},{"type":"Feature","properties":{"kind":"footway"},"geometry":{"type":"LineString","coordinates":[[136.9069236,35.170827],[136.9078509,35.1708907],[136.9078714,35.170916],[136.9079044,35.1709567],[136.9079037,35.1709642],[136.9079031,35.1709699],[136.9078976,35.1710276],[136.9078599,35.1714228],[136.9078388,35.1716443],[136.9078335,35.1716788],[136.9077928,35.1717],[136.907749,35.1717052],[136.9068681,35.1716415],[136.9068276,35.1716106],[136.9067985,35.1715885],[136.9068797,35.1709161],[136.9068854,35.170869],[136.9069236,35.170827]]}},{"type":"Feature","properties":{"kind":"footway"},"geometry":{"type":"LineString","coordinates":[[136.9069373,35.1700716],[136.9069812,35.1700668],[136.9070136,35.170055],[136.9079037,35.170114],[136.9079532,35.1701427],[136.9079536,35.17018],[136.9079509,35.1702775],[136.9079848,35.1702783],[136.9080393,35.1702797]]}},{"type":"Feature","properties":{"kind":"unclassified"},"geometry":{"type":"LineString","coordinates":[[136.9023354,35.1638304],[136.9018074,35.1638551]]}},{"type":"Feature","properties":{"kind":"unclassified"},"geometry":{"type":"LineString","coordinates":[[136.9024857,35.1655306],[136.9018441,35.1655299],[136.9013075,35.1654963],[136.9008627,35.1654646],[136.9007339,35.1654566],[136.9002457,35.1654265],[136.9001409,35.16542],[136.9001083,35.1654179],[136.9000203,35.1654123],[136.8990004,35.1653469],[136.8988055,35.165334],[136.8984167,35.1653107],[136.8981415,35.1652942],[136.8980921,35.1652913],[136.8980577,35.1652892],[136.897955,35.1652829]]}},{"type":"Feature","properties":{"kind":"tertiary"},"geometry":{"type":"LineString","coordinates":[[136.9092486,35.1678899],[136.9092582,35.1677945],[136.909262,35.1677274],[136.9092898,35.1672309],[136.9092977,35.1671254],[136.9093062,35.1670106],[136.9093199,35.1668824],[136.9093504,35.1665946],[136.9094101,35.1658923],[136.9094159,35.1658246],[136.9094256,35.1656922],[136.9094682,35.1651075],[136.9095012,35.1643616],[136.9095061,35.1642483]]}},{"type":"Feature","properties":{"kind":"tertiary"},"geometry":{"type":"LineString","coordinates":[[136.9095753,35.1622927],[136.9097321,35.1622752],[136.9103978,35.162201],[136.910981,35.162133],[136.9111444,35.1621139],[136.9111887,35.1621091],[136.9113008,35.1620972],[136.9126353,35.1619558],[136.9128372,35.1619342],[136.9128927,35.161928],[136.9129545,35.1619214],[136.9141194,35.1617874],[136.9145574,35.161737],[136.9148212,35.1617097],[136.9152058,35.1616699],[136.9153976,35.1616513],[136.9156142,35.1616422]]}},{"type":"Feature","properties":{"kind":"steps"},"geometry":{"type":"LineString","coordinates":[[136.9108189,35.1704103],[136.9109979,35.1704206]]}},{"type":"Feature","properties":{"kind":"steps"},"geometry":{"type":"LineString","coordinates":[[136.9113107,35.170379],[136.9109982,35.1703639]]}},{"type":"Feature","properties":{"kind":"footway"},"geometry":{"type":"LineString","coordinates":[[136.9109979,35.1704206],[136.9109982,35.1703639],[136.9101355,35.1703199],[136.9101233,35.1703955]]}},{"type":"Feature","properties":{"kind":"motorway"},"geometry":{"type":"LineString","coordinates":[[136.8906629,35.1621815],[136.8911486,35.1622647],[136.8915151,35.1623032],[136.8919934,35.1623282],[136.892919,35.1623387],[136.8930758,35.1623411],[136.8973639,35.1623835],[136.9001713,35.1624125],[136.9029804,35.1624136],[136.906019,35.1623594],[136.9067563,35.1623191],[136.9074302,35.1622619],[136.9088703,35.1621042],[136.9150724,35.1614486],[136.9158141,35.1613649],[136.9180454,35.1611179],[136.9195016,35.1609611]]}},{"type":"Feature","properties":{"kind":"footway"},"geometry":{"type":"LineString","coordinates":[[136.8979839,35.169407],[136.898345,35.1694321],[136.8984221,35.1694375],[136.8986521,35.169453],[136.8988753,35.1694684],[136.8996498,35.1695218],[136.8998076,35.1695324],[136.9010013,35.1696146],[136.9009952,35.1696503]]}},{"type":"Feature","properties":{"kind":"footway"},"geometry":{"type":"LineString","coordinates":[[136.8986521,35.169453],[136.8986471,35.1694936]]}},{"type":"Feature","properties":{"kind":"steps"},"geometry":{"type":"LineString","coordinates":[[136.8982683,35.1694692],[136.8984186,35.1694805]]}},{"type":"Feature","properties":{"kind":"footway"},"geometry":{"type":"LineString","coordinates":[[136.8996498,35.1695218],[136.899646,35.1695657]]}},{"type":"Feature","properties":{"kind":"footway"},"geometry":{"type":"LineString","coordinates":[[136.8984221,35.1694375],[136.8984186,35.1694805]]}},{"type":"Feature","properties":{"kind":"footway"},"geometry":{"type":"LineString","coordinates":[[136.8998076,35.1695324],[136.8998025,35.169577]]}},{"type":"Feature","properties":{"kind":"steps"},"geometry":{"type":"LineString","coordinates":[[136.8987019,35.1694973],[136.8986471,35.1694936]]}},{"type":"Feature","properties":{"kind":"steps"},"geometry":{"type":"LineString","coordinates":[[136.9011239,35.1696587],[136.9009952,35.1696503]]}},{"type":"Feature","properties":{"kind":"path"},"geometry":{"type":"LineString","coordinates":[[136.8988048,35.163255],[136.8987066,35.1631425],[136.8986493,35.1630762],[136.8986126,35.1630416],[136.8986333,35.1630056],[136.8986336,35.162961],[136.898607,35.1629154],[136.8985629,35.1628842],[136.8984968,35.1628786],[136.8984451,35.162898],[136.8984171,35.1629261],[136.8984007,35.1629657],[136.8984083,35.163001],[136.8984264,35.163034],[136.8984515,35.1630554],[136.8984947,35.1630679],[136.8985402,35.1630698],[136.8985817,35.1630607],[136.8986126,35.1630416]]}},{"type":"Feature","properties":{"kind":"path"},"geometry":{"type":"LineString","coordinates":[[136.8987745,35.1637708],[136.8986326,35.1638033],[136.8985404,35.1638062],[136.8982779,35.1637706],[136.898247,35.1637664]]}},{"type":"Feature","properties":{"kind":"path"},"geometry":{"type":"LineString","coordinates":[[136.8992623,35.1631182],[136.8992612,35.162964],[136.899273,35.1628231],[136.8992727,35.162777]]}},{"type":"Feature","properties":{"kind":"path"},"geometry":{"type":"LineString","coordinates":[[136.9018104,35.163993],[136.9015041,35.1639981],[136.901369,35.1639365]]}},{"type":"Feature","properties":{"kind":"path"},"geometry":{"type":"LineString","coordinates":[[136.9011851,35.1646179],[136.9011997,35.1649342],[136.9012561,35.1652461],[136.9012935,35.1654282],[136.9012975,35.1654475]]}},{"type":"Feature","properties":{"kind":"path"},"geometry":{"type":"LineString","coordinates":[[136.8987066,35.1631425],[136.8987868,35.1630748],[136.8988429,35.1630106],[136.8989457,35.1629801],[136.8991681,35.16297],[136.8992612,35.162964]]}},{"type":"Feature","properties":{"kind":"path"},"geometry":{"type":"LineString","coordinates":[[136.8985404,35.1638062],[136.8984179,35.1645278],[136.89842,35.164615],[136.8984888,35.1647719],[136.8985371,35.164855],[136.8985482,35.1648768],[136.8986791,35.1649752],[136.8987975,35.1650528],[136.8988377,35.1650894],[136.8988443,35.1651222],[136.8988289,35.1652358],[136.8988211,35.1652685]]}},{"type":"Feature","properties":{"kind":"pedestrian"},"geometry":{"type":"LineString","coordinates":[[136.9087786,35.1700716],[136.9088494,35.1700667],[136.9088649,35.1700656],[136.9089159,35.170062],[136.9089343,35.170057],[136.9089453,35.1700481],[136.9089473,35.1700406],[136.9089471,35.17003],[136.9089423,35.1700167],[136.9089313,35.17001],[136.9088732,35.1699987],[136.9088592,35.1699968],[136.908775,35.1699796],[136.908801,35.1699871],[136.9088181,35.1700048],[136.9088241,35.1700209],[136.9088238,35.1700342],[136.9088183,35.1700466],[136.9088069,35.1700608],[136.9087786,35.1700716]]}},{"type":"Feature","properties":{"kind":"pedestrian"},"geometry":{"type":"LineString","coordinates":[[136.9083571,35.170043],[136.9082936,35.1700316],[136.9082702,35.1700274],[136.9082234,35.1700207],[136.9082079,35.1700146],[136.9081964,35.1700058],[136.9081926,35.1699987],[136.9081912,35.1699883],[136.9081942,35.1699783],[136.9081989,35.1699722],[136.908208,35.1699664],[136.9082314,35.1699617],[136.908251,35.169961],[136.9082773,35.16996],[136.908298,35.1699592],[136.9083824,35.169956],[136.9083534,35.1699636],[136.9083338,35.1699779],[136.9083264,35.1699949],[136.9083268,35.1700163],[136.9083382,35.1700308],[136.9083571,35.170043]]}},{"type":"Feature","properties":{"kind":"service"},"geometry":{"type":"LineString","coordinates":[[136.910331,35.1669621],[136.9103545,35.166714],[136.9103566,35.1666917],[136.9103587,35.1666699]]}},{"type":"Feature","properties":{"kind":"residential"},"geometry":{"type":"LineString","coordinates":[[136.9059693,35.1611035],[136.9058315,35.1608041],[136.9057677,35.1606654]]}},{"type":"Feature","properties":{"kind":"unclassified"},"geometry":{"type":"LineString","coordinates":[[136.9059262,35.1616433],[136.905891,35.1614684],[136.9058799,35.1614047],[136.9058765,35.1613849],[136.9057788,35.1611548]]}},{"type":"Feature","properties":{"kind":"footway"},"geometry":{"type":"LineString","coordinates":[[136.9068066,35.1636654],[136.9067863,35.1636693],[136.9066342,35.1636979],[136.9066073,35.1637153],[136.9058551,35.1638635],[136.9058306,35.1638673]]}},{"type":"Feature","properties":{"kind":"unclassified"},"geometry":{"type":"LineString","coordinates":[[136.9107302,35.1610157],[136.9107836,35.1610216],[136.9112293,35.1610706],[136.9113784,35.1610865],[136.9115003,35.1610994],[136.9118646,35.1611382],[136.9120045,35.1611531],[136.9121094,35.1611643],[136.9122866,35.1611831],[136.9125393,35.16121]]}},{"type":"Feature","properties":{"kind":"primary"},"geometry":{"type":"LineString","coordinates":[[136.908239,35.1690389],[136.9083952,35.1690497],[136.9089762,35.1690899],[136.9091149,35.1690995]]}},{"type":"Feature","properties":{"kind":"path"},"geometry":{"type":"LineString","coordinates":[[136.9013562,35.1636189],[136.9012658,35.1638557],[136.9012728,35.1638784],[136.9012902,35.1638926],[136.9013075,35.1639021],[136.901369,35.1639365]]}},{"type":"Feature","properties":{"kind":"unclassified"},"geometry":{"type":"LineString","coordinates":[[136.9036444,35.1657466],[136.903614,35.166076],[136.9035647,35.1666105],[136.9035516,35.1667526],[136.9035184,35.1671117],[136.9034791,35.1675358],[136.9034455,35.1678793],[136.9033859,35.1684879],[136.903376,35.1685893],[136.9033802,35.1687019],[136.9033725,35.1687741],[136.903295,35.1694964],[136.9032843,35.1695965],[136.903268,35.1697317]]}},{"type":"Feature","properties":{"kind":"pedestrian"},"geometry":{"type":"LineString","coordinates":[[136.9032706,35.1630703],[136.9032497,35.1628286]]}},{"type":"Feature","properties":{"kind":"pedestrian"},"geometry":{"type":"LineString","coordinates":[[136.9033766,35.1630606],[136.9033989,35.1632287]]}},{"type":"Feature","properties":{"kind":"unclassified"},"geometry":{"type":"LineString","coordinates":[[136.9018441,35.1655299],[136.901843,35.1654798],[136.9018305,35.164907],[136.9018217,35.1645063],[136.9018193,35.1643966],[136.9018126,35.1640908],[136.9018104,35.163993],[136.9018074,35.1638551],[136.9017732,35.1632636],[136.9017466,35.162804],[136.9017428,35.1627386],[136.9017406,35.1626807]]}},{"type":"Feature","properties":{"kind":"pedestrian"},"geometry":{"type":"LineString","coordinates":[[136.9037075,35.1637147],[136.9035331,35.1630463],[136.9033766,35.1630606],[136.9032706,35.1630703],[136.903098,35.1630865]]}},{"type":"Feature","properties":{"kind":"unclassified"},"geometry":{"type":"LineString","coordinates":[[136.9071882,35.1648678],[136.9073187,35.1648653],[136.90741,35.1648651],[136.9084469,35.1649093],[136.9085854,35.1649152]]}},{"type":"Feature","properties":{"kind":"tertiary"},"geometry":{"type":"LineString","coordinates":[[136.9125691,35.1613783],[136.9124167,35.1613916],[136.9116697,35.1614554],[136.9112091,35.1614947],[136.9110044,35.161512],[136.9108024,35.1615294],[136.910661,35.1615462],[136.9097825,35.1616508],[136.9096631,35.161665]]}},{"type":"Feature","properties":{"kind":"unclassified"},"geometry":{"type":"LineString","coordinates":[[136.9092486,35.1678899],[136.9090861,35.1678527],[136.9090017,35.1678479],[136.9088701,35.167841],[136.9088603,35.1678405],[136.9087022,35.1678322],[136.9086918,35.1678317],[136.908591,35.1678264],[136.9084877,35.1678282],[136.9083311,35.1678358]]}},{"type":"Feature","properties":{"kind":"tertiary"},"geometry":{"type":"LineString","coordinates":[[136.9081083,35.1618427],[136.9082067,35.161977],[136.9084291,35.1622805],[136.9084486,35.1623072],[136.9085261,35.1624034]]}},{"type":"Feature","properties":{"kind":"service"},"geometry":{"type":"LineString","coordinates":[[136.9105134,35.1704213],[136.9104189,35.1704622],[136.9102928,35.1706266],[136.910266,35.1706595],[136.9102463,35.1706851]]}},{"type":"Feature","properties":{"kind":"service"},"geometry":{"type":"LineString","coordinates":[[136.9102463,35.1706851],[136.9102231,35.1707122],[136.9101238,35.171824]]}},{"type":"Feature","properties":{"kind":"service"},"geometry":{"type":"LineString","coordinates":[[136.9101238,35.171824],[136.910111,35.1718576],[136.9100656,35.1718717],[136.9092914,35.1718191],[136.9089859,35.1718032],[136.9088246,35.1717948]]}},{"type":"Feature","properties":{"kind":"footway"},"geometry":{"type":"LineString","coordinates":[[136.9057309,35.1609072],[136.9058043,35.1608888]]}},{"type":"Feature","properties":{"kind":"footway"},"geometry":{"type":"LineString","coordinates":[[136.9056034,35.1608524],[136.9055903,35.1608063],[136.9055732,35.160747],[136.9055586,35.1606964]]}},{"type":"Feature","properties":{"kind":"footway"},"geometry":{"type":"LineString","coordinates":[[136.9057452,35.1608232],[136.9057675,35.1608419],[136.9057954,35.160867],[136.9058043,35.1608888],[136.9058144,35.1609165]]}},{"type":"Feature","properties":{"kind":"footway"},"geometry":{"type":"LineString","coordinates":[[136.90574,35.1609329],[136.9057309,35.1609072],[136.9057028,35.1608608],[136.905694,35.1608362],[136.9056774,35.1607899],[136.9055903,35.1608063]]}},{"type":"Feature","properties":{"kind":"footway"},"geometry":{"type":"LineString","coordinates":[[136.8994231,35.1729855],[136.8993653,35.1729827],[136.8993188,35.1729788]]}},{"type":"Feature","properties":{"kind":"footway"},"geometry":{"type":"LineString","coordinates":[[136.8982834,35.172913],[136.8982254,35.1729084],[136.8981781,35.1729046]]}},{"type":"Feature","properties":{"kind":"footway"},"geometry":{"type":"LineString","coordinates":[[136.8994231,35.1729855],[136.899453,35.1729502],[136.8994795,35.1726984],[136.899528,35.1722362],[136.8995295,35.1722221],[136.8995578,35.172224],[136.8996363,35.1722293],[136.9000398,35.1722566],[136.9005347,35.17229],[136.9005528,35.1722912],[136.9005521,35.1722995],[136.9005301,35.1725594],[136.9005135,35.1727551],[136.9004894,35.1730388],[136.9005088,35.1730515],[136.9004382,35.173049],[136.8997364,35.173005],[136.8995085,35.1729907],[136.8994231,35.1729855]]}},{"type":"Feature","properties":{"kind":"footway"},"geometry":{"type":"LineString","coordinates":[[136.8982834,35.172913],[136.8983001,35.172886],[136.8983783,35.1721555],[136.8983789,35.1721498],[136.8983912,35.1721505],[136.8993444,35.1722068],[136.8993632,35.1722079],[136.8993611,35.1722259],[136.8992742,35.1729592],[136.8993188,35.1729788],[136.8992161,35.1729723],[136.8982834,35.172913]]}},{"type":"Feature","properties":{"kind":"footway"},"geometry":{"type":"LineString","coordinates":[[136.9042455,35.1725412],[136.9043051,35.1725447],[136.9049653,35.1725834],[136.905006,35.1725858],[136.9052536,35.1725992],[136.9052807,35.1726296],[136.9052524,35.1728676],[136.9052517,35.1728849],[136.9052501,35.1729037],[136.9052131,35.1733256],[136.9051451,35.1733542],[136.9042244,35.1733073],[136.9041703,35.1733046],[136.9041733,35.1732691],[136.9042437,35.1725592],[136.9042455,35.1725412]]}},{"type":"Feature","properties":{"kind":"footway"},"geometry":{"type":"LineString","coordinates":[[136.9006054,35.1730573],[136.900621,35.1730346],[136.9006869,35.1724371],[136.900701,35.1723093],[136.9007017,35.1723033],[136.9007195,35.1723045],[136.9016608,35.1723697],[136.9016981,35.1723723],[136.9016949,35.172404],[136.901625,35.1731062],[136.9016477,35.1731281],[136.9015461,35.1731212],[136.9012276,35.1730995],[136.9006727,35.1730618],[136.9006054,35.1730573]]}},{"type":"Feature","properties":{"kind":"footway"},"geometry":{"type":"LineString","coordinates":[[136.902865,35.173206],[136.9028368,35.1732042],[136.9026024,35.1731897],[136.9018909,35.1731454],[136.901793,35.1731393],[136.9018177,35.1731269],[136.9018667,35.1725827],[136.901882,35.1724127],[136.9018975,35.1723749],[136.901946,35.172378],[136.9026748,35.1724233],[136.9028922,35.1724368],[136.9029203,35.1724685],[136.9028616,35.1729854],[136.9028368,35.1732042]]}},{"type":"Feature","properties":{"kind":"footway"},"geometry":{"type":"LineString","coordinates":[[136.9029603,35.1732107],[136.9030494,35.1724765],[136.9030896,35.17245],[136.9036551,35.1724925],[136.9039024,35.172511],[136.9040513,35.1725222],[136.9040839,35.1725247],[136.904081,35.1725529],[136.904064,35.1727209],[136.9040306,35.1730512],[136.9040118,35.1732367],[136.9039709,35.1732764],[136.9036045,35.1732526],[136.9029603,35.1732107],[136.9029463,35.1732098]]}},{"type":"Feature","properties":{"kind":"footway"},"geometry":{"type":"LineString","coordinates":[[136.9054122,35.1726118],[136.9054497,35.1726146],[136.9062637,35.1726761],[136.9062921,35.1726782],[136.9062878,35.1727165],[136.9062252,35.1732764],[136.9060382,35.1734085]]}},{"type":"Feature","properties":{"kind":"footway"},"geometry":{"type":"LineString","coordinates":[[136.8973422,35.172072],[136.8982162,35.1721331],[136.8982354,35.1721344],[136.8982342,35.1721468],[136.8981752,35.1727636],[136.8981626,35.1728952],[136.8981781,35.1729046],[136.8979217,35.1728826],[136.8975695,35.1728523],[136.8974381,35.172841],[136.8972973,35.1727132],[136.8972952,35.1726053],[136.8972997,35.1725539],[136.8973422,35.172072]]}},{"type":"Feature","properties":{"kind":"footway"},"geometry":{"type":"LineString","coordinates":[[136.9054198,35.1725024],[136.9054229,35.1724726],[136.9054656,35.1720678],[136.905507,35.1716758],[136.9055485,35.1716786],[136.9059393,35.1717046],[136.9063674,35.1717331],[136.9063961,35.171735],[136.9063938,35.1717545],[136.9063038,35.1725191],[136.9062982,35.172567],[136.9062733,35.1725652],[136.9058191,35.1725318],[136.905459,35.1725053],[136.9054198,35.1725024]]}},{"type":"Feature","properties":{"kind":"footway"},"geometry":{"type":"LineString","coordinates":[[136.9030632,35.1723281],[136.903122,35.1717776],[136.9031481,35.171533],[136.9032896,35.1715428],[136.9041754,35.1716042],[136.9040964,35.1723825],[136.9040936,35.17241],[136.9040603,35.1724079],[136.9039146,35.1723989],[136.9037323,35.1723876],[136.9034718,35.1723715],[136.9031025,35.1723486],[136.9030632,35.1723281]]}},{"type":"Feature","properties":{"kind":"footway"},"geometry":{"type":"LineString","coordinates":[[136.9007032,35.1721885],[136.9007049,35.1721737],[136.9007661,35.1716333],[136.9007851,35.1714653],[136.9007958,35.1713707],[136.9017909,35.1714486],[136.9017168,35.1721949],[136.9017104,35.1722598],[136.9016718,35.1722571],[136.9009891,35.1722088],[136.9007308,35.1721905],[136.9007032,35.1721885]]}},{"type":"Feature","properties":{"kind":"footway"},"geometry":{"type":"LineString","coordinates":[[136.9042666,35.1724275],[136.9042702,35.1723921],[136.9043218,35.1718903],[136.9043286,35.171824],[136.9043497,35.1716185],[136.9047653,35.1716454],[136.9048852,35.1716531],[136.9053715,35.1716846],[136.9052949,35.1724669],[136.9052911,35.1725057],[136.9052604,35.1725034],[136.9045505,35.1724492],[136.9043155,35.1724312],[136.9042666,35.1724275]]}},{"type":"Feature","properties":{"kind":"footway"},"geometry":{"type":"LineString","coordinates":[[136.8973491,35.1719737],[136.8974412,35.1712083],[136.897447,35.1711603],[136.8974627,35.1711613],[136.8978067,35.1711843],[136.8983322,35.1712195],[136.8982514,35.1720021],[136.8982265,35.1720239],[136.8981433,35.1720191],[136.8979982,35.1720108],[136.8973491,35.1719737]]}},{"type":"Feature","properties":{"kind":"footway"},"geometry":{"type":"LineString","coordinates":[[136.8983892,35.1720108],[136.8984636,35.171226],[136.8994096,35.1712847],[136.89946,35.1713017],[136.8993752,35.17208],[136.8993729,35.1721008],[136.8993542,35.1720995],[136.8984042,35.172033],[136.8983892,35.1720108]]}},{"type":"Feature","properties":{"kind":"footway"},"geometry":{"type":"LineString","coordinates":[[136.8995351,35.1721129],[136.8995378,35.1720887],[136.899585,35.1716585],[136.8996229,35.1713131],[136.8996665,35.1713056],[136.9006057,35.1713577],[136.900659,35.1714102],[136.900646,35.1715291],[136.9006141,35.1718202],[136.9005765,35.1721644],[136.9005745,35.1721842],[136.9005438,35.1721821],[136.9002766,35.1721638],[136.89957,35.1721153],[136.8995351,35.1721129]]}},{"type":"Feature","properties":{"kind":"footway"},"geometry":{"type":"LineString","coordinates":[[136.901933,35.1722719],[136.9018955,35.1722269],[136.9018984,35.1722046],[136.9019961,35.1714519],[136.9030073,35.1715198],[136.9029308,35.1723201],[136.9028997,35.1723395],[136.9026255,35.1723204],[136.9019548,35.1722736],[136.901933,35.1722719]]}},{"type":"Feature","properties":{"kind":"footway"},"geometry":{"type":"LineString","coordinates":[[136.904364,35.1714684],[136.9044512,35.1706648],[136.9051326,35.1707092],[136.9054785,35.1707317],[136.9053833,35.1715353],[136.905106,35.1715171],[136.904364,35.1714684]]}},{"type":"Feature","properties":{"kind":"footway"},"geometry":{"type":"LineString","coordinates":[[136.9030229,35.1713719],[136.9031141,35.1705684],[136.9021309,35.1704934],[136.9020788,35.1704894],[136.9020737,35.1705432],[136.902001,35.1713105],[136.9030229,35.1713719]]}},{"type":"Feature","properties":{"kind":"footway"},"geometry":{"type":"LineString","coordinates":[[136.8994516,35.1711598],[136.8989691,35.1711246],[136.8986697,35.1711028],[136.8984819,35.1710891],[136.8985166,35.1707187],[136.898555,35.1703096],[136.8986086,35.1702694],[136.8992034,35.1703087],[136.8993154,35.1703161],[136.8994956,35.170328],[136.8995628,35.170382],[136.8994886,35.1711437],[136.8994516,35.1711598]]}},{"type":"Feature","properties":{"kind":"footway"},"geometry":{"type":"LineString","coordinates":[[136.9018025,35.1713007],[136.9018193,35.1711581],[136.9018931,35.1705325],[136.9018977,35.1704938],[136.9018466,35.1704801],[136.9012471,35.1704382],[136.9009499,35.1704174],[136.9008892,35.1704461],[136.9008061,35.171236],[136.9018025,35.1713007]]}},{"type":"Feature","properties":{"kind":"footway"},"geometry":{"type":"LineString","coordinates":[[136.9031517,35.1713884],[136.9031806,35.1711549],[136.9032536,35.1705651],[136.9042822,35.1706517],[136.9041977,35.1714564],[136.9037798,35.1714292],[136.9031517,35.1713884]]}},{"type":"Feature","properties":{"kind":"footway"},"geometry":{"type":"LineString","coordinates":[[136.9033017,35.1698153],[136.9033166,35.1698141],[136.9043613,35.169881],[136.9043838,35.1698865]]}},{"type":"Feature","properties":{"kind":"footway"},"geometry":{"type":"LineString","coordinates":[[136.9055549,35.1715484],[136.9055227,35.1715035],[136.9055606,35.1711539],[136.9056059,35.1707361],[136.9064767,35.1707923],[136.9065058,35.1707942],[136.9064942,35.1708883],[136.9064697,35.171087],[136.9064212,35.1714805],[136.9064107,35.1715659],[136.9064052,35.1716109],[136.9063822,35.1716092],[136.906045,35.1715844],[136.9055606,35.1715488],[136.9055549,35.1715484]]}},{"type":"Feature","properties":{"kind":"footway"},"geometry":{"type":"LineString","coordinates":[[136.9006612,35.1712316],[136.9006619,35.1712251],[136.9007182,35.1707084],[136.9007484,35.1704313],[136.9007109,35.1704078],[136.9003985,35.1703899],[136.9002733,35.1703828],[136.8997238,35.1703513],[136.8997039,35.170551],[136.8996438,35.1711548],[136.8996794,35.1711717],[136.9006612,35.1712316]]}},{"type":"Feature","properties":{"kind":"footway"},"geometry":{"type":"LineString","coordinates":[[136.8975535,35.1702059],[136.8975338,35.1702647],[136.8974793,35.1709283],[136.8974732,35.1710029],[136.897471,35.17103],[136.8983425,35.1710869]]}},{"type":"Feature","properties":{"kind":"footway"},"geometry":{"type":"LineString","coordinates":[[136.9045093,35.1698928],[136.904529,35.1698909],[136.9055455,35.1699545]]}},{"type":"Feature","properties":{"kind":"footway"},"geometry":{"type":"LineString","coordinates":[[136.899646,35.1695657],[136.8996272,35.169573],[136.8987005,35.1695044],[136.8986348,35.1694995],[136.8986228,35.1694992]]}},{"type":"Feature","properties":{"kind":"footway"},"geometry":{"type":"LineString","coordinates":[[136.8997815,35.1696053],[136.8998006,35.1695883],[136.8998378,35.1695801],[136.9008229,35.1696606],[136.9008318,35.1696612]]}},{"type":"Feature","properties":{"kind":"footway"},"geometry":{"type":"LineString","coordinates":[[136.9031275,35.1704275],[136.9030779,35.1704615],[136.9026985,35.1704405],[136.9021401,35.1704097],[136.9021257,35.1704089],[136.9020882,35.1703519],[136.9020896,35.1703398],[136.902158,35.1697545]]}},{"type":"Feature","properties":{"kind":"footway"},"geometry":{"type":"LineString","coordinates":[[136.9019152,35.170353],[136.9018669,35.1703815],[136.9018545,35.1703806],[136.9009389,35.1703168],[136.9008933,35.1702696],[136.9009563,35.1696667]]}},{"type":"Feature","properties":{"kind":"footway"},"geometry":{"type":"LineString","coordinates":[[136.8985061,35.1694951],[136.8984422,35.1701166],[136.8983927,35.1701479],[136.8975665,35.1700981]]}},{"type":"Feature","properties":{"kind":"path"},"geometry":{"type":"LineString","coordinates":[[136.9094511,35.1600372],[136.9094319,35.1600526],[136.9092316,35.1602133],[136.9084336,35.1602591],[136.908439,35.1603799],[136.9084488,35.1605993],[136.9092612,35.1605439],[136.9092316,35.1602133]]}},{"type":"Feature","properties":{"kind":"footway"},"geometry":{"type":"LineString","coordinates":[[136.908333,35.1615922],[136.9084277,35.1615022]]}},{"type":"Feature","properties":{"kind":"path"},"geometry":{"type":"LineString","coordinates":[[136.9087404,35.1615183],[136.9087371,35.1614763],[136.908727,35.161409],[136.9087075,35.1612269],[136.9086908,35.1610379],[136.9083192,35.1610753]]}},{"type":"Feature","properties":{"kind":"path"},"geometry":{"type":"LineString","coordinates":[[136.9087371,35.1614763],[136.9088009,35.1614846],[136.9088408,35.1614856],[136.9088874,35.1614779],[136.9089184,35.1614629],[136.9089426,35.1614469],[136.9089584,35.1614278],[136.9089703,35.1614072],[136.9089842,35.1613686],[136.9089841,35.1613346],[136.9089754,35.1613066],[136.9089191,35.1612513],[136.9088686,35.1612187],[136.9088199,35.1612101],[136.9087756,35.1612156],[136.9087075,35.1612269]]}},{"type":"Feature","properties":{"kind":"path"},"geometry":{"type":"LineString","coordinates":[[136.9086908,35.1610379],[136.9087296,35.1610344],[136.9087376,35.1609625],[136.9087377,35.1609225],[136.908736,35.160884],[136.9087438,35.1608426],[136.9087796,35.1607571],[136.9088739,35.1607351],[136.9089432,35.1607228],[136.9089719,35.1607226],[136.909008,35.1607257],[136.9090858,35.1607402],[136.9091237,35.1607551],[136.9091549,35.1607761],[136.909184,35.1608086],[136.9091973,35.1608485],[136.9091913,35.1608767],[136.9091694,35.1609021],[136.909086,35.1609823],[136.9090573,35.161027],[136.9090405,35.1610657],[136.9090291,35.1611084],[136.9090118,35.161217],[136.9089992,35.1612659],[136.9089754,35.1613066]]}},{"type":"Feature","properties":{"kind":"path"},"geometry":{"type":"LineString","coordinates":[[136.9091987,35.161163],[136.9092278,35.1611785],[136.9092673,35.1611822],[136.9093053,35.1611711],[136.9093338,35.1611463],[136.9093395,35.1611221],[136.9093415,35.1611003],[136.9093283,35.1610746],[136.9092972,35.1610529],[136.9092662,35.1610452],[136.9092125,35.1610524],[136.9091817,35.1610832],[136.9091716,35.1611161],[136.9091771,35.1611411],[136.9091987,35.161163]]}},{"type":"Feature","properties":{"kind":"path"},"geometry":{"type":"LineString","coordinates":[[136.9092662,35.1610452],[136.9092966,35.1608023],[136.9092859,35.1606872],[136.9092363,35.1606992],[136.9091237,35.1607551]]}},{"type":"Feature","properties":{"kind":"path"},"geometry":{"type":"LineString","coordinates":[[136.9091817,35.1610832],[136.9090573,35.161027]]}},{"type":"Feature","properties":{"kind":"path"},"geometry":{"type":"LineString","coordinates":[[136.9092673,35.1611822],[136.909279,35.1612679],[136.9092913,35.1614021]]}},{"type":"Feature","properties":{"kind":"path"},"geometry":{"type":"LineString","coordinates":[[136.9095871,35.1613786],[136.9095708,35.1613799],[136.9092913,35.1614021]]}},{"type":"Feature","properties":{"kind":"path"},"geometry":{"type":"LineString","coordinates":[[136.9090291,35.1611084],[136.9090351,35.1611374],[136.909066,35.1611619],[136.9090974,35.1611948],[136.9091457,35.161243],[136.9091806,35.1612688],[136.9092,35.1612774],[136.909279,35.1612679]]}},{"type":"Feature","properties":{"kind":"footway"},"geometry":{"type":"LineString","coordinates":[[136.9007315,35.1617575],[136.9006731,35.1617619],[136.900453,35.1617782],[136.9004554,35.161905],[136.9004556,35.1619256]]}},{"type":"Feature","properties":{"kind":"service"},"geometry":{"type":"LineString","coordinates":[[136.9050521,35.1598711],[136.9046279,35.1599352]]}},{"type":"Feature","properties":{"kind":"path"},"geometry":{"type":"LineString","coordinates":[[136.9058557,35.1681537],[136.905874,35.1681547],[136.9061894,35.1681726],[136.9062293,35.1677966],[136.9062312,35.1677769]]}},{"type":"Feature","properties":{"kind":"unclassified"},"geometry":{"type":"LineString","coordinates":[[136.9070944,35.1677876],[136.9072097,35.1677972],[136.9078425,35.16785]]}},{"type":"Feature","properties":{"kind":"footway"},"geometry":{"type":"LineString","coordinates":[[136.9069603,35.1697406],[136.9070232,35.169746],[136.9070543,35.1697697],[136.9079568,35.1698267],[136.9079795,35.1698248],[136.9080028,35.1698026],[136.9080114,35.1696754],[136.9080403,35.1696768],[136.908092,35.1696792]]}},{"type":"Feature","properties":{"kind":"service"},"geometry":{"type":"LineString","coordinates":[[136.8996086,35.1625159],[136.8996993,35.1625893],[136.8997074,35.1626638]]}},{"type":"Feature","properties":{"kind":"service"},"geometry":{"type":"LineString","coordinates":[[136.8996513,35.1622509],[136.8997677,35.1620782]]}},{"type":"Feature","properties":{"kind":"tertiary"},"geometry":{"type":"LineString","coordinates":[[136.9105422,35.1700588],[136.9103664,35.1700485],[136.9091765,35.1699788],[136.9090304,35.1699702]]}},{"type":"Feature","properties":{"kind":"unclassified"},"geometry":{"type":"LineString","coordinates":[[136.9105422,35.1700588],[136.9105254,35.170201]]}},{"type":"Feature","properties":{"kind":"tertiary"},"geometry":{"type":"LineString","coordinates":[[136.9143896,35.1703181],[136.9142769,35.1703114],[136.9132316,35.1702493],[136.9130892,35.1702408],[136.9130051,35.1702348],[136.9106375,35.1700635],[136.9105422,35.1700588]]}},{"type":"Feature","properties":{"kind":"tertiary"},"geometry":{"type":"LineString","coordinates":[[136.9081213,35.1700533],[136.9082913,35.1700654],[136.9088469,35.1701049],[136.9090154,35.1701169]]}},{"type":"Feature","properties":{"kind":"tertiary"},"geometry":{"type":"LineString","coordinates":[[136.9081321,35.1699123],[136.9081213,35.1700533]]}},{"type":"Feature","properties":{"kind":"tertiary"},"geometry":{"type":"LineString","coordinates":[[136.9088246,35.1717948],[136.9088319,35.1717311],[136.9089896,35.1703443],[136.9090154,35.1701169]]}},{"type":"Feature","properties":{"kind":"primary"},"geometry":{"type":"LineString","coordinates":[[136.9146997,35.1693477],[136.9144485,35.169332],[136.9142186,35.1693182],[136.9134598,35.1692728],[136.9130435,35.1692479],[136.9129547,35.1692426],[136.9128546,35.1692358],[136.9125974,35.1692183],[136.9119234,35.1691726],[136.9107844,35.1691078],[136.9106401,35.1690996],[136.9105123,35.1690909],[136.9094654,35.1690198],[136.9091243,35.1689967]]}},{"type":"Feature","properties":{"kind":"footway"},"geometry":{"type":"LineString","coordinates":[[136.9101462,35.1717198],[136.9102462,35.1717251],[136.910505,35.1717388],[136.9106073,35.1717442]]}},{"type":"Feature","properties":{"kind":"steps"},"geometry":{"type":"LineString","coordinates":[[136.910505,35.1717388],[136.9105012,35.1717756],[136.910502,35.1717853],[136.9105104,35.1717926],[136.9105224,35.1717941],[136.9105316,35.1717891],[136.9105343,35.1717819],[136.9105389,35.1717365]]}},{"type":"Feature","properties":{"kind":"service"},"geometry":{"type":"LineString","coordinates":[[136.8997506,35.1595106],[136.8996564,35.1591247]]}},{"type":"Feature","properties":{"kind":"footway"},"geometry":{"type":"LineString","coordinates":[[136.9090455,35.1717742],[136.9090448,35.1717827],[136.9089886,35.1717773],[136.9089764,35.1717761],[136.9089629,35.171769],[136.9089442,35.1717569],[136.9089328,35.1717411],[136.9089317,35.1717371],[136.9089281,35.1717246],[136.908975,35.1713036],[136.9090753,35.1703626],[136.9090822,35.1702982],[136.9090898,35.1702271],[136.9090982,35.1702093],[136.9091117,35.1701953],[136.9091287,35.1701851],[136.9091572,35.1701786],[136.9091785,35.170178],[136.909243,35.1701846],[136.9094808,35.1702297],[136.9100169,35.1702637],[136.9103481,35.1702846],[136.9103886,35.1702872],[136.91042,35.1703065],[136.9104205,35.1703134],[136.9096653,35.170261],[136.9092193,35.17023],[136.9091542,35.1702641],[136.9091397,35.1704301],[136.9091531,35.1704309],[136.9091444,35.170504],[136.9091486,35.1705107],[136.909125,35.1707538],[136.9091158,35.1707646],[136.909069,35.1712115],[136.9090661,35.1712444],[136.9090374,35.1716331],[136.9090212,35.1716453],[136.9090146,35.1717491],[136.9090455,35.1717742]]}},{"type":"Feature","properties":{"kind":"steps"},"geometry":{"type":"LineString","coordinates":[[136.9000616,35.1624701],[136.9001311,35.162469],[136.9001505,35.1624644],[136.9001664,35.162456],[136.9001844,35.1624427]]}},{"type":"Feature","properties":{"kind":"steps"},"geometry":{"type":"LineString","coordinates":[[136.9000616,35.1624701],[136.9000113,35.16247],[136.8999823,35.1624657],[136.8999618,35.1624561],[136.8999465,35.1624448]]}},{"type":"Feature","properties":{"kind":"path"},"geometry":{"type":"LineString","coordinates":[[136.9087296,35.1610344],[136.9087879,35.1610612],[136.908806,35.1610471],[136.9089334,35.1611042],[136.9089408,35.1611157],[136.9089308,35.1611409],[136.9088785,35.1611771],[136.9088282,35.1611727],[136.908796,35.1611507],[136.9087819,35.1611266],[136.9087765,35.1610954],[136.9087812,35.161068],[136.9087879,35.1610612]]}},{"type":"Feature","properties":{"kind":"unclassified"},"geometry":{"type":"LineString","coordinates":[[136.9098212,35.1595574],[136.9101779,35.1595289]]}},{"type":"Feature","properties":{"kind":"unclassified"},"geometry":{"type":"LineString","coordinates":[[136.9105173,35.1595018],[136.9105976,35.1594961],[136.9110681,35.1594629],[136.9115789,35.1594203],[136.9120536,35.1593827],[136.9126849,35.1593212],[136.9134451,35.1592471],[136.9141678,35.1591775],[136.9142545,35.1591691],[136.9143351,35.1591605],[136.9147281,35.159125],[136.9154726,35.159202],[136.9155802,35.1592131]]}},{"type":"Feature","properties":{"kind":"path"},"geometry":{"type":"LineString","coordinates":[[136.8992287,35.1598326],[136.8992287,35.1597727]]}},{"type":"Feature","properties":{"kind":"path"},"geometry":{"type":"LineString","coordinates":[[136.8985707,35.1595021],[136.8986108,35.1595022],[136.8988732,35.1595014],[136.8992041,35.1595003],[136.8993878,35.1594959],[136.8994012,35.1594968],[136.8995612,35.1594897],[136.8996142,35.1595186],[136.8996295,35.1595177],[136.8997506,35.1595106]]}},{"type":"Feature","properties":{"kind":"steps"},"geometry":{"type":"LineString","coordinates":[[136.8994012,35.1594968],[136.8994167,35.1596265]]}},{"type":"Feature","properties":{"kind":"path"},"geometry":{"type":"LineString","coordinates":[[136.8995959,35.1627793],[136.8995937,35.1628251],[136.8995897,35.1629086],[136.8996286,35.1629202],[136.8996463,35.1629426],[136.8996472,35.1629831],[136.8996344,35.1631156]]}},{"type":"Feature","properties":{"kind":"path"},"geometry":{"type":"LineString","coordinates":[[136.8995897,35.1629086],[136.8995552,35.1629137],[136.8995242,35.1629397],[136.899518,35.1629745],[136.8995095,35.163111]]}},{"type":"Feature","properties":{"kind":"path"},"geometry":{"type":"LineString","coordinates":[[136.9003044,35.163185],[136.900304,35.1631127],[136.9003028,35.1629095],[136.9003056,35.1628289],[136.9003072,35.1627843]]}},{"type":"Feature","properties":{"kind":"path"},"geometry":{"type":"LineString","coordinates":[[136.8984227,35.1652418],[136.8984478,35.1649509]]}},{"type":"Feature","properties":{"kind":"path"},"geometry":{"type":"LineString","coordinates":[[136.8984035,35.1649836],[136.8983805,35.1649724],[136.8983331,35.1649804],[136.8982737,35.1649631],[136.8982522,35.1649645],[136.8981858,35.1649723],[136.8981579,35.1649793],[136.8981137,35.16499]]}},{"type":"Feature","properties":{"kind":"path"},"geometry":{"type":"LineString","coordinates":[[136.908439,35.1603799],[136.9082385,35.1603851],[136.9082256,35.1603854]]}},{"type":"Feature","properties":{"kind":"footway"},"geometry":{"type":"LineString","coordinates":[[136.9024683,35.159456],[136.9025516,35.1595134]]}},{"type":"Feature","properties":{"kind":"footway"},"geometry":{"type":"LineString","coordinates":[[136.9026632,35.1595024],[136.9027347,35.1594297]]}},{"type":"Feature","properties":{"kind":"footway"},"geometry":{"type":"LineString","coordinates":[[136.9025642,35.1595975],[136.9024934,35.1596699]]}},{"type":"Feature","properties":{"kind":"footway"},"geometry":{"type":"LineString","coordinates":[[136.9026744,35.1595892],[136.9027519,35.1596422]]}},{"type":"Feature","properties":{"kind":"footway"},"geometry":{"type":"LineString","coordinates":[[136.9026272,35.1596381],[136.9025642,35.1595975],[136.9025064,35.1595603],[136.9025516,35.1595134],[136.9026009,35.1594622],[136.9026632,35.1595024],[136.9027217,35.1595401],[136.9026744,35.1595892],[136.9026272,35.1596381]]}},{"type":"Feature","properties":{"kind":"footway"},"geometry":{"type":"LineString","coordinates":[[136.9077202,35.1728141],[136.9077781,35.172827]]}},{"type":"Feature","properties":{"kind":"footway"},"geometry":{"type":"LineString","coordinates":[[136.9081762,35.1727866],[136.9082084,35.172791],[136.9081175,35.1737289]]}},{"type":"Feature","properties":{"kind":"footway"},"geometry":{"type":"LineString","coordinates":[[136.9001949,35.1645604],[136.900169,35.164854],[136.9001617,35.1649368]]}},{"type":"Feature","properties":{"kind":"footway"},"geometry":{"type":"LineString","coordinates":[[136.9097716,35.1708451],[136.909769,35.1707728],[136.9097609,35.170696],[136.9097493,35.1706769],[136.9097251,35.1706694],[136.9096912,35.1706719],[136.9096429,35.1706938],[136.9095737,35.1707524],[136.9095142,35.1708143],[136.9094355,35.1709399],[136.9093796,35.1710496],[136.9093129,35.1712404],[136.9092969,35.1713779],[136.9093103,35.17147],[136.9093221,35.1715045],[136.9093435,35.171516],[136.9093677,35.1715131],[136.9094244,35.1714835],[136.9094701,35.1714491],[136.9095249,35.171395],[136.9095837,35.1713111],[136.9096248,35.171236],[136.9097019,35.1710775],[136.9097377,35.1709809],[136.9097716,35.1708451],[136.9097107,35.170824],[136.9096831,35.1708144],[136.909675,35.1708364]]}},{"type":"Feature","properties":{"kind":"steps"},"geometry":{"type":"LineString","coordinates":[[136.9097107,35.170824],[136.9097207,35.1707969],[136.9096876,35.1707886],[136.9096644,35.1708166]]}},{"type":"Feature","properties":{"kind":"footway"},"geometry":{"type":"LineString","coordinates":[[136.9083236,35.1725516],[136.9083773,35.1720886],[136.9083824,35.1720448],[136.9083623,35.1720433]]}},{"type":"Feature","properties":{"kind":"path"},"geometry":{"type":"LineString","coordinates":[[136.9006207,35.1632092],[136.9004139,35.1632414]]}},{"type":"Feature","properties":{"kind":"path"},"geometry":{"type":"LineString","coordinates":[[136.900233,35.1630216],[136.900304,35.1631127]]}},{"type":"Feature","properties":{"kind":"path"},"geometry":{"type":"LineString","coordinates":[[136.8993878,35.1594959],[136.8993882,35.1594717],[136.8994433,35.1593812],[136.8994333,35.1593248]]}},{"type":"Feature","properties":{"kind":"footway"},"geometry":{"type":"LineString","coordinates":[[136.900169,35.164854],[136.9000479,35.1648425],[136.8998592,35.1648273],[136.8996705,35.164812],[136.899657,35.1646826]]}},{"type":"Feature","properties":{"kind":"tertiary"},"geometry":{"type":"LineString","coordinates":[[136.9068778,35.1699633],[136.9070072,35.169974],[136.9079563,35.1700418],[136.9081213,35.1700533]]}},{"type":"Feature","properties":{"kind":"tertiary"},"geometry":{"type":"LineString","coordinates":[[136.9103656,35.1719458],[136.9094171,35.1718854],[136.9092092,35.1718722]]}},{"type":"Feature","properties":{"kind":"unclassified"},"geometry":{"type":"LineString","coordinates":[[136.9105254,35.170201],[136.9105134,35.1704213],[136.9105116,35.1704729],[136.9105107,35.1705006],[136.9103656,35.1719458]]}},{"type":"Feature","properties":{"kind":"tertiary"},"geometry":{"type":"LineString","coordinates":[[136.9090154,35.1701169],[136.9091624,35.1701251],[136.9103553,35.1701915],[136.9105254,35.170201]]}},{"type":"Feature","properties":{"kind":"path"},"geometry":{"type":"LineString","coordinates":[[136.8998906,35.1630064],[136.8998469,35.1630673],[136.8998304,35.1631267]]}},{"type":"Feature","properties":{"kind":"footway"},"geometry":{"type":"LineString","coordinates":[[136.9014537,35.1619856],[136.9019599,35.1619812],[136.9019983,35.161972],[136.9020276,35.1619519]]}},{"type":"Feature","properties":{"kind":"footway"},"geometry":{"type":"LineString","coordinates":[[136.9020276,35.1619519],[136.9021008,35.1619489],[136.9021383,35.1619473]]}},{"type":"Feature","properties":{"kind":"footway"},"geometry":{"type":"LineString","coordinates":[[136.9019983,35.161972],[136.9018907,35.1611552]]}},{"type":"Feature","properties":{"kind":"footway"},"geometry":{"type":"LineString","coordinates":[[136.9018907,35.1611552],[136.9018833,35.16111],[136.9018772,35.1610726]]}},{"type":"Feature","properties":{"kind":"footway"},"geometry":{"type":"LineString","coordinates":[[136.901856,35.1610558],[136.9018356,35.1610774],[136.9018772,35.1610726],[136.901884,35.1610715],[136.9018956,35.1610682],[136.9019053,35.1610605],[136.9019093,35.1610526],[136.9019085,35.1610382],[136.9018596,35.1606559],[136.9018538,35.1606468],[136.9018389,35.1606382],[136.901818,35.1606349],[136.9017777,35.1606375],[136.9018039,35.1606537],[136.901856,35.1610558]]}},{"type":"Feature","properties":{"kind":"footway"},"geometry":{"type":"LineString","coordinates":[[136.9018772,35.1610726],[136.9018213,35.1606595],[136.901818,35.1606349]]}},{"type":"Feature","properties":{"kind":"footway"},"geometry":{"type":"LineString","coordinates":[[136.901818,35.1606349],[136.9018153,35.1606138],[136.9018069,35.1605498]]}},{"type":"Feature","properties":{"kind":"footway"},"geometry":{"type":"LineString","coordinates":[[136.9018596,35.1606559],[136.9019119,35.1606519],[136.9019765,35.1606471]]}},{"type":"Feature","properties":{"kind":"footway"},"geometry":{"type":"LineString","coordinates":[[136.9020047,35.160631],[136.9020002,35.1606055],[136.9019957,35.16058]]}},{"type":"Feature","properties":{"kind":"footway"},"geometry":{"type":"LineString","coordinates":[[136.9018402,35.1605211],[136.9018937,35.1605154],[136.9019495,35.1605095]]}},{"type":"Feature","properties":{"kind":"footway"},"geometry":{"type":"LineString","coordinates":[[136.9018213,35.1606595],[136.9018596,35.1606559]]}},{"type":"Feature","properties":{"kind":"footway"},"geometry":{"type":"LineString","coordinates":[[136.9019765,35.1606471],[136.9020058,35.1606465],[136.9020047,35.160631]]}},{"type":"Feature","properties":{"kind":"footway"},"geometry":{"type":"LineString","coordinates":[[136.9018069,35.1605498],[136.9018024,35.1605236],[136.9017882,35.1604409],[136.9017144,35.1600121],[136.9016998,35.1599273]]}},{"type":"Feature","properties":{"kind":"footway"},"geometry":{"type":"LineString","coordinates":[[136.9018024,35.1605236],[136.9018402,35.1605211]]}},{"type":"Feature","properties":{"kind":"footway"},"geometry":{"type":"LineString","coordinates":[[136.9017876,35.1605338],[136.9017665,35.1605545],[136.9018069,35.1605498],[136.9018092,35.1605495],[136.9018208,35.1605453],[136.9018273,35.1605421],[136.9018376,35.1605338],[136.9018398,35.1605255],[136.9018402,35.1605211],[136.9018399,35.1605172],[136.9018253,35.1604367],[136.9017475,35.1600076],[136.9017365,35.1599469],[136.9017307,35.159936],[136.9017221,35.1599302],[136.9017133,35.1599273],[136.9016998,35.1599273],[136.9016772,35.1599293],[136.9016929,35.160015],[136.9017662,35.1604165],[136.901771,35.1604428],[136.9017764,35.1604724],[136.9017876,35.1605338]]}},{"type":"Feature","properties":{"kind":"footway"},"geometry":{"type":"LineString","coordinates":[[136.9016998,35.1599273],[136.901693,35.1598966],[136.9016884,35.1598733]]}},{"type":"Feature","properties":{"kind":"footway"},"geometry":{"type":"LineString","coordinates":[[136.9016685,35.1598776],[136.9016884,35.1598733],[136.9016925,35.1598722],[136.9017045,35.1598668],[136.9017151,35.1598581],[136.9017229,35.1598444],[136.9017262,35.1598327],[136.9016265,35.1593046],[136.9016188,35.1592967],[136.9016073,35.1592927],[136.9015911,35.1592912],[136.9015396,35.1592991],[136.9015663,35.1593141],[136.9016685,35.1598776]]}},{"type":"Feature","properties":{"kind":"footway"},"geometry":{"type":"LineString","coordinates":[[136.9016884,35.1598733],[136.9015911,35.1592912]]}},{"type":"Feature","properties":{"kind":"footway"},"geometry":{"type":"LineString","coordinates":[[136.9015911,35.1592912],[136.9015809,35.1592567],[136.9015751,35.1592371]]}},{"type":"Feature","properties":{"kind":"footway"},"geometry":{"type":"LineString","coordinates":[[136.9015496,35.1592221],[136.9015315,35.1592443],[136.9015719,35.1592385],[136.9015751,35.1592371],[136.901583,35.1592339],[136.9015963,35.1592216],[136.9016023,35.1592105],[136.9016023,35.1591995],[136.9016008,35.159193],[136.9015005,35.1587674],[136.9014961,35.1587584],[136.9014861,35.1587509],[136.9014713,35.1587477],[136.9014595,35.1587473],[136.9014571,35.1587478],[136.9014168,35.1587553],[136.9014455,35.1587683],[136.9015496,35.1592221]]}},{"type":"Feature","properties":{"kind":"footway"},"geometry":{"type":"LineString","coordinates":[[136.9015751,35.1592371],[136.9014636,35.1587749],[136.9014571,35.1587478]]}},{"type":"Feature","properties":{"kind":"footway"},"geometry":{"type":"LineString","coordinates":[[136.9014186,35.1586558],[136.9014017,35.1586785],[136.9014377,35.1586682],[136.9014436,35.1586665],[136.901456,35.1586579],[136.9014652,35.158648],[136.9014695,35.158635],[136.9014687,35.1586323],[136.9013799,35.1582878],[136.901373,35.158282],[136.9013614,35.1582786],[136.901344,35.1582783],[136.9013383,35.1582791],[136.901321,35.1582815],[136.9014186,35.1586558]]}},{"type":"Feature","properties":{"kind":"footway"},"geometry":{"type":"LineString","coordinates":[[136.9014571,35.1587478],[136.9014457,35.1587011],[136.9014377,35.1586682]]}},{"type":"Feature","properties":{"kind":"footway"},"geometry":{"type":"LineString","coordinates":[[136.9014377,35.1586682],[136.9014308,35.1586413],[136.9013383,35.1582791]]}},{"type":"Feature","properties":{"kind":"footway"},"geometry":{"type":"LineString","coordinates":[[136.9015005,35.1587674],[136.901562,35.1587548],[136.9016081,35.1587453]]}},{"type":"Feature","properties":{"kind":"footway"},"geometry":{"type":"LineString","coordinates":[[136.9014687,35.1586323],[136.9015273,35.1586182],[136.9015753,35.1586067]]}},{"type":"Feature","properties":{"kind":"footway"},"geometry":{"type":"LineString","coordinates":[[136.9014636,35.1587749],[136.9015005,35.1587674]]}},{"type":"Feature","properties":{"kind":"footway"},"geometry":{"type":"LineString","coordinates":[[136.9014308,35.1586413],[136.9014687,35.1586323]]}},{"type":"Feature","properties":{"kind":"footway"},"geometry":{"type":"LineString","coordinates":[[136.8979132,35.1627973],[136.8979819,35.1627999],[136.8982051,35.1628083],[136.8983161,35.1628125]]}},{"type":"Feature","properties":{"kind":"footway"},"geometry":{"type":"LineString","coordinates":[[136.8983342,35.1628132],[136.8984151,35.1628162]]}},{"type":"Feature","properties":{"kind":"footway"},"geometry":{"type":"LineString","coordinates":[[136.8991261,35.1619573],[136.8991752,35.1619565],[136.8992215,35.1619558]]}},{"type":"Feature","properties":{"kind":"footway"},"geometry":{"type":"LineString","coordinates":[[136.8992215,35.1619558],[136.8999142,35.1619631]]}},{"type":"Feature","properties":{"kind":"footway"},"geometry":{"type":"LineString","coordinates":[[136.8999142,35.1619631],[136.8999584,35.161963],[136.8999928,35.161963]]}},{"type":"Feature","properties":{"kind":"footway"},"geometry":{"type":"LineString","coordinates":[[136.8999928,35.161963],[136.9007056,35.1619735]]}},{"type":"Feature","properties":{"kind":"footway"},"geometry":{"type":"LineString","coordinates":[[136.9007056,35.1619735],[136.9007576,35.1619688],[136.900811,35.161964]]}},{"type":"Feature","properties":{"kind":"footway"},"geometry":{"type":"LineString","coordinates":[[136.900811,35.161964],[136.901395,35.16198]]}},{"type":"Feature","properties":{"kind":"footway"},"geometry":{"type":"LineString","coordinates":[[136.901395,35.16198],[136.9014247,35.1619828],[136.9014537,35.1619856]]}},{"type":"Feature","properties":{"kind":"footway"},"geometry":{"type":"LineString","coordinates":[[136.9021119,35.1613312],[136.9021325,35.1613109],[136.90209,35.1613192],[136.9020801,35.1613212],[136.9020716,35.1613264],[136.9020657,35.161331],[136.9020604,35.1613395],[136.9020595,35.1613434],[136.9020591,35.161351],[136.9020613,35.1613639],[136.9021334,35.1619166],[136.9021354,35.161927],[136.9021383,35.1619473],[136.902141,35.1619658],[136.9021444,35.1619763],[136.9021456,35.161981],[136.9021621,35.1620012],[136.9021731,35.162013],[136.902187,35.1620231],[136.9022041,35.1620297],[136.9022146,35.1620309],[136.9022254,35.1620321],[136.9022389,35.1620333],[136.9022525,35.1620338],[136.9036178,35.1620026],[136.9036523,35.1620024],[136.9036748,35.1620013],[136.903683,35.1620015],[136.9037119,35.1619969],[136.9037239,35.1619902],[136.9037324,35.1619831],[136.9037401,35.1619737],[136.9037432,35.1619621],[136.9037456,35.1619517],[136.9037447,35.161943],[136.9036581,35.1611217],[136.9036554,35.1611113],[136.9036521,35.1611078],[136.9036447,35.1611016],[136.9036376,35.1610985],[136.9036267,35.1610986],[136.9036161,35.1610993],[136.9036353,35.1611192],[136.9037115,35.1618944],[136.9036905,35.1619147],[136.9036515,35.1619154],[136.9022309,35.1619403],[136.9021874,35.1619073],[136.9021119,35.1613312]]}},{"type":"Feature","properties":{"kind":"footway"},"geometry":{"type":"LineString","coordinates":[[136.9021383,35.1619473],[136.9021741,35.1619611],[136.9022132,35.1619749],[136.9036594,35.1619446]]}},{"type":"Feature","properties":{"kind":"footway"},"geometry":{"type":"LineString","coordinates":[[136.9022152,35.1620134],[136.9022132,35.1619749]]}},{"type":"Feature","properties":{"kind":"footway"},"geometry":{"type":"LineString","coordinates":[[136.9037447,35.161943],[136.9038058,35.1619397],[136.9038318,35.1619383]]}},{"type":"Feature","properties":{"kind":"footway"},"geometry":{"type":"LineString","coordinates":[[136.9038318,35.1619383],[136.9038323,35.1619439],[136.9038367,35.1619623],[136.90384,35.161967],[136.9038465,35.1619758],[136.9038553,35.1619846],[136.9038582,35.1619866],[136.9038764,35.161996],[136.9039018,35.161999],[136.9039322,35.1619993],[136.9039383,35.1619993],[136.9043838,35.1619919],[136.9044366,35.1619924],[136.9044583,35.1619876],[136.9044826,35.1619702],[136.9044919,35.1619561],[136.9044953,35.1619392],[136.9044963,35.161934],[136.9044965,35.1619191],[136.9044961,35.1619101],[136.9044951,35.1618955],[136.9044875,35.1619094],[136.9038841,35.1619225],[136.9038483,35.1618965],[136.9038444,35.1618585],[136.9038431,35.1618466],[136.9038386,35.1618027],[136.9038084,35.1615119],[136.9038251,35.1614934],[136.9037983,35.1614974],[136.90379,35.1615042],[136.903786,35.1615148],[136.903822,35.1618474],[136.9038318,35.1619383]]}},{"type":"Feature","properties":{"kind":"footway"},"geometry":{"type":"LineString","coordinates":[[136.9038318,35.1619383],[136.9038847,35.1619609],[136.903929,35.1619593],[136.9044953,35.1619392]]}},{"type":"Feature","properties":{"kind":"footway"},"geometry":{"type":"LineString","coordinates":[[136.9044953,35.1619392],[136.9045403,35.1619353],[136.9045578,35.1619338]]}},{"type":"Feature","properties":{"kind":"footway"},"geometry":{"type":"LineString","coordinates":[[136.9045709,35.1619061],[136.9045526,35.1618928],[136.9045553,35.1619154],[136.9045578,35.1619338],[136.9045584,35.1619401],[136.9045673,35.1619686],[136.9045783,35.1619795],[136.9045909,35.1619867],[136.9046017,35.1619881],[136.9046148,35.1619892],[136.9046305,35.1619895],[136.9046604,35.1619891],[136.9054711,35.1619787],[136.9054931,35.1619698],[136.9054999,35.1619585],[136.9055044,35.1619478],[136.9055058,35.1619339],[136.9055033,35.1619249],[136.9054905,35.1618793],[136.9054754,35.1618895],[136.9045709,35.1619061]]}},{"type":"Feature","properties":{"kind":"footway"},"geometry":{"type":"LineString","coordinates":[[136.9045578,35.1619338],[136.9055033,35.1619249]]}},{"type":"Feature","properties":{"kind":"footway"},"geometry":{"type":"LineString","coordinates":[[136.9055033,35.1619249],[136.9055342,35.1619231],[136.9055844,35.1619202]]}},{"type":"Feature","properties":{"kind":"footway"},"geometry":{"type":"LineString","coordinates":[[136.9055684,35.161889],[136.9055844,35.1619202],[136.9055911,35.1619329],[136.9056071,35.1619517],[136.9056246,35.1619641],[136.9056433,35.1619707],[136.9056598,35.1619716],[136.9056752,35.1619726],[136.9062777,35.1619575],[136.9062819,35.1619567],[136.9062906,35.1619545],[136.9063325,35.1619456],[136.9063592,35.1619295],[136.9063753,35.1619111],[136.9063801,35.1618939],[136.9063824,35.1618747],[136.9063813,35.1618588],[136.9063808,35.1618515],[136.906324,35.1616415],[136.9063231,35.1616392],[136.9063148,35.1616268],[136.9063002,35.1616213],[136.9062949,35.1616213],[136.9062745,35.1616214],[136.9063051,35.1617447],[136.9062004,35.1618645],[136.906171,35.1618752],[136.9055684,35.161889]]}},{"type":"Feature","properties":{"kind":"footway"},"geometry":{"type":"LineString","coordinates":[[136.9055844,35.1619202],[136.9062752,35.1619024]]}},{"type":"Feature","properties":{"kind":"footway"},"geometry":{"type":"LineString","coordinates":[[136.9063813,35.1618588],[136.9064389,35.1618557],[136.9065655,35.161849],[136.9066151,35.1618464]]}},{"type":"Feature","properties":{"kind":"footway"},"geometry":{"type":"LineString","coordinates":[[136.9064438,35.1609393],[136.906455,35.1609268],[136.9064308,35.1609338],[136.9064144,35.1609412],[136.9064116,35.1609425],[136.9064015,35.1609515],[136.9063995,35.160962],[136.9063993,35.1609695],[136.906401,35.1609749],[136.906426,35.1610773],[136.9066121,35.1618342],[136.9066151,35.1618464],[136.9066214,35.1618793],[136.9066324,35.1618974],[136.9066517,35.1619107],[136.9066682,35.1619218],[136.9066911,35.1619303],[136.9067168,35.1619319],[136.9067311,35.1619328],[136.906741,35.1619322],[136.9067773,35.1619282],[136.9068086,35.1619278],[136.9078614,35.1618029],[136.9078984,35.1617928],[136.9079161,35.1617811],[136.9079303,35.1617579],[136.9079338,35.1617462],[136.9079361,35.1617382],[136.9079361,35.1617339],[136.9079356,35.1617203],[136.9079294,35.1616974],[136.9078367,35.1615783],[136.9077865,35.1615107],[136.9077639,35.1614797],[136.9077049,35.1613985],[136.9076439,35.1613019],[136.9075594,35.1611523],[136.9075109,35.1610665],[136.9073698,35.1607919],[136.9073531,35.1607816],[136.9073336,35.1607783],[136.9072911,35.160784],[136.907318,35.1607977],[136.9073838,35.160947],[136.9073862,35.1609514],[136.9074303,35.1610322],[136.9074443,35.1610578],[136.9074636,35.1610894],[136.9074967,35.1611434],[136.907513,35.1611701],[136.907568,35.1612615],[136.9075736,35.1612709],[136.9076432,35.1613862],[136.9076497,35.1613956],[136.9076504,35.1613965],[136.9076578,35.161407],[136.9076712,35.1614258],[136.9078174,35.1616309],[136.9078357,35.1616577],[136.907844,35.1616694],[136.9078578,35.1616897],[136.9078715,35.1617081],[136.9078392,35.1617445],[136.9068286,35.1618443],[136.906637,35.1617372],[136.9066018,35.1616014],[136.906577,35.1614895],[136.906574,35.1614769],[136.9065699,35.16146],[136.9064438,35.1609393]]}},{"type":"Feature","properties":{"kind":"footway"},"geometry":{"type":"LineString","coordinates":[[136.9067758,35.1618912],[136.9078722,35.1617536],[136.907897,35.1617012]]}},{"type":"Feature","properties":{"kind":"footway"},"geometry":{"type":"LineString","coordinates":[[136.9066061,35.1617474],[136.9065429,35.1614815],[136.9064216,35.1609716],[136.9064144,35.1609412]]}},{"type":"Feature","properties":{"kind":"footway"},"geometry":{"type":"LineString","coordinates":[[136.907897,35.1617012],[136.907844,35.1616284],[136.9076844,35.161409],[136.9076823,35.1614055],[136.907534,35.161162],[136.9073336,35.1607783]]}},{"type":"Feature","properties":{"kind":"footway"},"geometry":{"type":"LineString","coordinates":[[136.9076823,35.1614055],[136.9076578,35.161407],[136.9073667,35.1614251],[136.9072304,35.1614461],[136.906927,35.1614244],[136.906574,35.1614769],[136.9065429,35.1614815]]}},{"type":"Feature","properties":{"kind":"footway"},"geometry":{"type":"LineString","coordinates":[[136.9065699,35.16146],[136.906574,35.1614769],[136.906577,35.1614895],[136.906777,35.1614606],[136.9069278,35.1614386],[136.9070042,35.1614429],[136.9072284,35.1614564],[136.907408,35.1614367],[136.9075752,35.1614294],[136.9076007,35.1614284],[136.9076712,35.1614258],[136.9076578,35.161407],[136.9076497,35.1613956],[136.907638,35.1613975],[136.9074597,35.1614074],[136.9073543,35.1614138],[136.9072273,35.1614339],[136.9069281,35.1614113],[136.9065699,35.16146]]}},{"type":"Feature","properties":{"kind":"footway"},"geometry":{"type":"LineString","coordinates":[[136.9063116,35.1618874],[136.9063316,35.1617538],[136.9062949,35.1616213]]}},{"type":"Feature","properties":{"kind":"footway"},"geometry":{"type":"LineString","coordinates":[[136.9062949,35.1616213],[136.9062901,35.1616041],[136.9062828,35.161578]]}},{"type":"Feature","properties":{"kind":"pedestrian"},"geometry":{"type":"LineString","coordinates":[[136.9062634,35.1615854],[136.9062828,35.161578],[136.9062897,35.1615757],[136.9063016,35.1615636],[136.9063066,35.161548],[136.9063053,35.1615343],[136.9062009,35.1611306],[136.9061882,35.1611163],[136.9061723,35.1611084],[136.9061634,35.1611077],[136.90616,35.1611075],[136.9061422,35.1611075],[136.9062634,35.1615854]]}},{"type":"Feature","properties":{"kind":"footway"},"geometry":{"type":"LineString","coordinates":[[136.9062828,35.161578],[136.9061634,35.1611077]]}},{"type":"Feature","properties":{"kind":"footway"},"geometry":{"type":"LineString","coordinates":[[136.9061634,35.1611077],[136.906155,35.1610805],[136.9061471,35.1610551]]}},{"type":"Feature","properties":{"kind":"footway"},"geometry":{"type":"LineString","coordinates":[[136.9061314,35.1610593],[136.9061471,35.1610551],[136.9061562,35.1610524],[136.906168,35.1610415],[136.9061702,35.1610152],[136.9061694,35.1610123],[136.9061392,35.1609007],[136.9061245,35.1608466],[136.9060767,35.1606707],[136.9060668,35.1606601],[136.9060538,35.1606533],[136.9060496,35.1606535],[136.9060307,35.1606531],[136.9061314,35.1610593]]}},{"type":"Feature","properties":{"kind":"footway"},"geometry":{"type":"LineString","coordinates":[[136.9061471,35.1610551],[136.906138,35.1610174],[136.9061109,35.160906],[136.9060496,35.1606535]]}},{"type":"Feature","properties":{"kind":"footway"},"geometry":{"type":"LineString","coordinates":[[136.9060496,35.1606535],[136.9060437,35.160625],[136.9060374,35.1605955]]}},{"type":"Feature","properties":{"kind":"footway"},"geometry":{"type":"LineString","coordinates":[[136.9060212,35.160597],[136.9060136,35.160605],[136.9060374,35.1605955],[136.9060478,35.1605915],[136.9060534,35.1605744],[136.9060545,35.1605636],[136.9060047,35.1603543],[136.9059976,35.1603243],[136.905972,35.160304],[136.905965,35.1603011],[136.9059546,35.1603016],[136.9059481,35.1603018],[136.9051988,35.1604002],[136.905185,35.1604088],[136.9051808,35.1604181],[136.9051775,35.1604256],[136.9051781,35.1604422],[136.9051944,35.1604227],[136.9059272,35.1603204],[136.9059603,35.1603365],[136.9060212,35.160597]]}},{"type":"Feature","properties":{"kind":"footway"},"geometry":{"type":"LineString","coordinates":[[136.905961,35.1603207],[136.9059326,35.1603099],[136.9051808,35.1604181]]}},{"type":"Feature","properties":{"kind":"footway"},"geometry":{"type":"LineString","coordinates":[[136.905961,35.1603207],[136.9059582,35.1603124],[136.9059546,35.1603016]]}},{"type":"Feature","properties":{"kind":"footway"},"geometry":{"type":"LineString","coordinates":[[136.9059546,35.1603016],[136.9059487,35.1602714],[136.9059456,35.1602556],[136.9059425,35.1602397]]}},{"type":"Feature","properties":{"kind":"footway"},"geometry":{"type":"LineString","coordinates":[[136.9052001,35.1603385],[136.9051645,35.16032],[136.9051692,35.1603434],[136.9051756,35.1603524],[136.9051822,35.1603548],[136.9051909,35.1603557],[136.9052035,35.1603546],[136.9052114,35.1603535],[136.9052205,35.1603523],[136.9058971,35.1602468],[136.9059425,35.1602397],[136.9059492,35.1602384],[136.9059625,35.1602348],[136.9059712,35.1602289],[136.905972,35.1602275],[136.9059764,35.1602178],[136.905973,35.1601562],[136.9059725,35.1601464],[136.9059723,35.1601434],[136.9059308,35.159381],[136.9058934,35.158693],[136.9058926,35.1586869],[136.9058916,35.1586793],[136.9058879,35.1586697],[136.9058829,35.1586647],[136.9058748,35.158661],[136.9058674,35.1586587],[136.9058593,35.1586587],[136.9058529,35.1586587],[136.9058089,35.1586661],[136.9058387,35.1586856],[136.9058722,35.159339],[136.9058709,35.1593409],[136.9058732,35.1593866],[136.9059149,35.1602257],[136.9052001,35.1603385]]}},{"type":"Feature","properties":{"kind":"footway"},"geometry":{"type":"LineString","coordinates":[[136.9059402,35.1602268],[136.9059472,35.1602243],[136.9059435,35.1601578],[136.9059429,35.160147],[136.9059428,35.1601448],[136.9059,35.159384],[136.905861,35.1586894],[136.90586,35.1586719],[136.9058593,35.1586587]]}},{"type":"Feature","properties":{"kind":"footway"},"geometry":{"type":"LineString","coordinates":[[136.9058593,35.1586587],[136.905857,35.1586332],[136.905853,35.1585881]]}},{"type":"Feature","properties":{"kind":"footway"},"geometry":{"type":"LineString","coordinates":[[136.905829,35.158575],[136.9058077,35.1585951],[136.905853,35.1585881],[136.9058542,35.1585877],[136.9058648,35.1585837],[136.9058706,35.1585801],[136.9058797,35.1585716],[136.9058823,35.158564],[136.9058813,35.1585484],[136.9058805,35.1585358],[136.9058777,35.1584922],[136.9058538,35.1581144],[136.9058535,35.1581007],[136.9058477,35.1580898],[136.9058369,35.1580802],[136.9058209,35.1580768],[136.9058159,35.1580775],[136.905814,35.1580778],[136.9058116,35.1580781],[136.9058002,35.1580797],[136.9057728,35.1580842],[136.9058001,35.1580974],[136.905829,35.158575]]}},{"type":"Feature","properties":{"kind":"footway"},"geometry":{"type":"LineString","coordinates":[[136.9058502,35.1585564],[136.90585,35.1585541],[136.9058487,35.1585378],[136.9058453,35.1584962],[136.9058237,35.1581151],[136.9058159,35.1580775]]}},{"type":"Feature","properties":{"kind":"footway"},"geometry":{"type":"LineString","coordinates":[[136.9064144,35.1609412],[136.9064078,35.1609041],[136.9064001,35.1608604]]}},{"type":"Feature","properties":{"kind":"footway"},"geometry":{"type":"LineString","coordinates":[[136.9064161,35.1608424],[136.9064535,35.1608564],[136.9064138,35.1608618],[136.9064001,35.1608604],[136.9063884,35.1608595],[136.906381,35.160855],[136.906365,35.1608426],[136.9063597,35.1608302],[136.9062372,35.1603201],[136.9062266,35.1602759],[136.9062275,35.1602606],[136.9062281,35.1602548],[136.906238,35.1602418],[136.9062451,35.1602348],[136.9062497,35.1602302],[136.9062724,35.1602246],[136.9068593,35.1601139],[136.9070573,35.1600766],[136.9070664,35.1600763],[136.9070914,35.1600756],[136.9071087,35.1600808],[136.9071236,35.1600946],[136.9071332,35.1601081],[136.9071402,35.1601338],[136.9072129,35.1604007],[136.9072187,35.1604145],[136.9073108,35.1606522],[136.9073201,35.1606769],[136.9073206,35.1606924],[136.9073108,35.1607018],[136.9072912,35.1607103],[136.9072569,35.1607176],[136.9072666,35.1606983],[136.907167,35.1604239],[136.9071522,35.160383],[136.9070843,35.1601096],[136.9070539,35.1600917],[136.9068633,35.1601278],[136.9067399,35.1601511],[136.9063023,35.1602333],[136.9062754,35.1602506],[136.9064161,35.1608424]]}},{"type":"Feature","properties":{"kind":"footway"},"geometry":{"type":"LineString","coordinates":[[136.9064001,35.1608604],[136.906398,35.1608518],[136.906265,35.1603152],[136.9062523,35.1602638],[136.9062493,35.1602519],[136.9062451,35.1602348]]}},{"type":"Feature","properties":{"kind":"footway"},"geometry":{"type":"LineString","coordinates":[[136.9062451,35.1602348],[136.9062377,35.1601937],[136.9062316,35.1601594]]}},{"type":"Feature","properties":{"kind":"footway"},"geometry":{"type":"LineString","coordinates":[[136.9062316,35.1601594],[136.9062309,35.1601472],[136.9062305,35.1601397],[136.9061499,35.1587846],[136.9061428,35.1586655],[136.9061406,35.1586269],[136.9061397,35.1586126],[136.9061377,35.1585803]]}},{"type":"Feature","properties":{"kind":"footway"},"geometry":{"type":"LineString","coordinates":[[136.9068127,35.1585433],[136.9068293,35.1585549],[136.9068371,35.158602],[136.9070571,35.1599362],[136.9070646,35.1599814],[136.9070507,35.1599939]]}},{"type":"Feature","properties":{"kind":"footway"},"geometry":{"type":"LineString","coordinates":[[136.9061377,35.1585803],[136.9061366,35.1585489],[136.9061355,35.1585176]]}},{"type":"Feature","properties":{"kind":"footway"},"geometry":{"type":"LineString","coordinates":[[136.9061355,35.1585176],[136.9061344,35.1585002],[136.9061332,35.158489],[136.9061302,35.1584602],[136.9060806,35.1576017]]}},{"type":"Feature","properties":{"kind":"footway"},"geometry":{"type":"LineString","coordinates":[[136.9058926,35.1586869],[136.9059436,35.1586825],[136.9060602,35.1586724],[136.906116,35.1586676]]}},{"type":"Feature","properties":{"kind":"footway"},"geometry":{"type":"LineString","coordinates":[[136.9058487,35.1585378],[136.9058805,35.1585358]]}},{"type":"Feature","properties":{"kind":"footway"},"geometry":{"type":"LineString","coordinates":[[136.9062493,35.1602519],[136.9062898,35.1602285],[136.9068615,35.1601216],[136.9070678,35.1600831]]}},{"type":"Feature","properties":{"kind":"footway"},"geometry":{"type":"LineString","coordinates":[[136.9095463,35.1615934],[136.9095999,35.1615364],[136.9095871,35.1613786],[136.9095786,35.1612737],[136.909522,35.160711],[136.9095229,35.1606401],[136.9094565,35.1600375]]}},{"type":"Feature","properties":{"kind":"tertiary"},"geometry":{"type":"LineString","coordinates":[[136.9096631,35.161665],[136.9094765,35.1616816],[136.9089954,35.161739],[136.9084756,35.161796],[136.9082699,35.1618171],[136.9081083,35.1618427]]}},{"type":"Feature","properties":{"kind":"footway"},"geometry":{"type":"LineString","coordinates":[[136.9084493,35.1617475],[136.9083838,35.1616957]]}},{"type":"Feature","properties":{"kind":"footway"},"geometry":{"type":"LineString","coordinates":[[136.9081864,35.1601493],[136.9082256,35.1603854],[136.9082793,35.1607089],[136.9082849,35.1607427],[136.908259,35.1607681],[136.9077632,35.1607652],[136.9077444,35.1607966],[136.9077352,35.1608121],[136.9078755,35.1610581],[136.9081092,35.161412],[136.9082632,35.1616297],[136.9082872,35.1616558],[136.9082935,35.1616626],[136.9083285,35.1617006],[136.9083838,35.1616957]]}},{"type":"Feature","properties":{"kind":"footway"},"geometry":{"type":"LineString","coordinates":[[136.9083838,35.1616957],[136.9083694,35.1616664],[136.908333,35.1615922],[136.9083074,35.1615398],[136.9082447,35.1614502]]}},{"type":"Feature","properties":{"kind":"unclassified"},"geometry":{"type":"LineString","coordinates":[[136.9082386,35.1607374],[136.9077087,35.1607324],[136.9075767,35.1607311]]}},{"type":"Feature","properties":{"kind":"footway"},"geometry":{"type":"LineString","coordinates":[[136.9082872,35.1616558],[136.9082545,35.1616596]]}},{"type":"Feature","properties":{"kind":"footway"},"geometry":{"type":"LineString","coordinates":[[136.9079294,35.1616974],[136.9080171,35.1616872],[136.9081816,35.1616681],[136.9082545,35.1616596]]}},{"type":"Feature","properties":{"kind":"footway"},"geometry":{"type":"LineString","coordinates":[[136.9084493,35.1617475],[136.9084756,35.161796],[136.9085181,35.161871]]}},{"type":"Feature","properties":{"kind":"footway"},"geometry":{"type":"LineString","coordinates":[[136.9077444,35.1607966],[136.9077282,35.1607592]]}},{"type":"Feature","properties":{"kind":"footway"},"geometry":{"type":"LineString","coordinates":[[136.9077282,35.1607592],[136.9077087,35.1607324],[136.9076829,35.1606968]]}},{"type":"Feature","properties":{"kind":"footway"},"geometry":{"type":"LineString","coordinates":[[136.9076965,35.1606897],[136.9077121,35.1606986],[136.9076829,35.1606968],[136.9076762,35.1606966],[136.9076599,35.1606942],[136.9076484,35.1606887],[136.9076416,35.1606822],[136.907635,35.1606709],[136.9075726,35.1605173],[136.9075383,35.1604241],[136.9075204,35.1603757],[136.9075028,35.1603218],[136.9074739,35.160235],[136.9074539,35.1601576],[136.9074343,35.1600808],[136.9074245,35.1600426],[136.9074255,35.1600118],[136.9074329,35.1600011],[136.9074467,35.1599912],[136.9075367,35.1599709],[136.907545,35.1599606],[136.9075566,35.1599583],[136.9075704,35.1599586],[136.9075801,35.1599665],[136.9077955,35.159926],[136.9079593,35.1598952],[136.9079653,35.1598818],[136.9079796,35.159876],[136.9080004,35.1598733],[136.9080392,35.1598683],[136.9080567,35.1598751],[136.9080637,35.1598893],[136.9080664,35.159905],[136.9082025,35.1606865],[136.9081984,35.1606958],[136.9081925,35.1607011],[136.9081864,35.1607035],[136.90816,35.1607057],[136.9081781,35.1606876],[136.9081761,35.1606741],[136.9081446,35.1604833],[136.9081195,35.1603381],[136.90805,35.1599202],[136.9080215,35.1599045],[136.9078023,35.1599471],[136.9074875,35.1600082],[136.9074693,35.1600299],[136.9075244,35.1602442],[136.9075486,35.1603095],[136.9076084,35.1604708],[136.9076965,35.1606897]]}},{"type":"Feature","properties":{"kind":"footway"},"geometry":{"type":"LineString","coordinates":[[136.908051,35.1598912],[136.9080532,35.1599037],[136.9080536,35.1599062],[136.9081925,35.1607011]]}},{"type":"Feature","properties":{"kind":"footway"},"geometry":{"type":"LineString","coordinates":[[136.9076829,35.1606968],[136.9075321,35.160314],[136.9075119,35.1602628],[136.9074586,35.1600763],[136.9074489,35.1600425],[136.907455,35.1600323],[136.9074467,35.1599912]]}},{"type":"Feature","properties":{"kind":"footway"},"geometry":{"type":"LineString","coordinates":[[136.9074467,35.1599912],[136.9074441,35.1599772],[136.9074384,35.159946]]}},{"type":"Feature","properties":{"kind":"footway"},"geometry":{"type":"LineString","coordinates":[[136.9074384,35.159946],[136.9074314,35.1599312],[136.9074244,35.1598907],[136.9073777,35.1596201],[136.9073451,35.1594314],[136.9072477,35.1588677],[136.9072432,35.1588416],[136.9071938,35.1585553],[136.9071859,35.1585075]]}},{"type":"Feature","properties":{"kind":"footway"},"geometry":{"type":"LineString","coordinates":[[136.9080331,35.1597938],[136.9078606,35.1587546],[136.9078154,35.158482],[136.9078121,35.1584628],[136.9071859,35.1585075]]}},{"type":"Feature","properties":{"kind":"footway"},"geometry":{"type":"LineString","coordinates":[[136.9078722,35.1617536],[136.9078984,35.1617928]]}},{"type":"Feature","properties":{"kind":"footway"},"geometry":{"type":"LineString","coordinates":[[136.9078984,35.1617928],[136.9079481,35.1618598],[136.9080022,35.1619326]]}},{"type":"Feature","properties":{"kind":"footway"},"geometry":{"type":"LineString","coordinates":[[136.9080022,35.1619326],[136.9080508,35.1619987],[136.9081066,35.1620745],[136.9082077,35.1622119],[136.9082698,35.1622963],[136.9083191,35.1623633]]}},{"type":"Feature","properties":{"kind":"footway"},"geometry":{"type":"LineString","coordinates":[[136.9083191,35.1623633],[136.9083477,35.1624181],[136.9083833,35.1624861]]}},{"type":"Feature","properties":{"kind":"pedestrian"},"geometry":{"type":"LineString","coordinates":[[136.9070048,35.1631919],[136.9070352,35.1632092],[136.9070011,35.1632137],[136.9069897,35.1632141],[136.9069806,35.1632143],[136.9069709,35.1632119],[136.9069643,35.1632086],[136.906961,35.163206],[136.9069561,35.1632017],[136.9069509,35.1631922],[136.9069419,35.1631561],[136.9068315,35.1627136],[136.9068318,35.1627037],[136.9068321,35.1626991],[136.9068354,35.1626906],[136.9068501,35.1626707],[136.9068559,35.1626642],[136.9068675,35.1626553],[136.9068785,35.1626493],[136.9068867,35.1626447],[136.9068976,35.1626403],[136.9069198,35.1626361],[136.9072903,35.1626119],[136.907365,35.1626134],[136.9075152,35.1625993],[136.9075814,35.162581],[136.9076086,35.1625761],[136.9083833,35.1624861],[136.9083959,35.1624892],[136.9084085,35.162492],[136.9084179,35.162497],[136.9084338,35.1625044],[136.9084549,35.1625144],[136.9084692,35.1625247],[136.9084967,35.1625419],[136.9085303,35.1626293],[136.9085335,35.1626363],[136.9085555,35.1626882],[136.9085599,35.1627035],[136.9085701,35.1627472],[136.9085778,35.1627964],[136.9085831,35.1628603],[136.9085835,35.1629029],[136.9085751,35.162918],[136.9085677,35.1629255],[136.9085565,35.1629308],[136.9085444,35.1629351],[136.9085203,35.1629404],[136.9085171,35.1629411],[136.9084429,35.1629549],[136.9084745,35.1629006],[136.9084801,35.1627062],[136.9083197,35.1625908],[136.9070485,35.1627221],[136.9069273,35.1628698],[136.9070048,35.1631919]]}},{"type":"Feature","properties":{"kind":"footway"},"geometry":{"type":"LineString","coordinates":[[136.9083833,35.1624861],[136.9083856,35.1624951],[136.9084001,35.162551],[136.9084525,35.1626196],[136.9085112,35.1627021],[136.9085203,35.1629404]]}},{"type":"Feature","properties":{"kind":"footway"},"geometry":{"type":"LineString","coordinates":[[136.9084001,35.162551],[136.9069328,35.1627034],[136.9068315,35.1627136]]}},{"type":"Feature","properties":{"kind":"footway"},"geometry":{"type":"LineString","coordinates":[[136.9085181,35.161871],[136.9085393,35.1619075],[136.9084879,35.1619378],[136.9086637,35.1622572],[136.9086755,35.1622787],[136.9087393,35.1623185]]}},{"type":"Feature","properties":{"kind":"footway"},"geometry":{"type":"LineString","coordinates":[[136.9087393,35.1623185],[136.9087485,35.162381],[136.9087585,35.1624495]]}},{"type":"Feature","properties":{"kind":"footway"},"geometry":{"type":"LineString","coordinates":[[136.9087686,35.1625101],[136.908687,35.1625196]]}},{"type":"Feature","properties":{"kind":"footway"},"geometry":{"type":"LineString","coordinates":[[136.9087686,35.1625101],[136.9088675,35.1624985],[136.9093476,35.1624423],[136.909447,35.1624306]]}},{"type":"Feature","properties":{"kind":"footway"},"geometry":{"type":"LineString","coordinates":[[136.908687,35.1625196],[136.9085802,35.1625321],[136.9084967,35.1625419]]}},{"type":"Feature","properties":{"kind":"footway"},"geometry":{"type":"LineString","coordinates":[[136.9084967,35.1625419],[136.9084001,35.162551]]}},{"type":"Feature","properties":{"kind":"footway"},"geometry":{"type":"LineString","coordinates":[[136.9085203,35.1629404],[136.9085261,35.1629797],[136.9085305,35.1630092]]}},{"type":"Feature","properties":{"kind":"pedestrian"},"geometry":{"type":"LineString","coordinates":[[136.9077589,35.1631526],[136.9077491,35.163165],[136.9077456,35.163148],[136.9077476,35.1631402],[136.9077491,35.1631362],[136.9077562,35.1631331],[136.9084936,35.1630024],[136.9085184,35.1630065],[136.9085305,35.1630092],[136.9085409,35.1630137],[136.9085556,35.1630204],[136.9085656,35.163027],[136.908581,35.1630422],[136.9085853,35.1630569],[136.9085849,35.1630776],[136.9085811,35.1631853],[136.9085754,35.1632098],[136.9085684,35.1634333],[136.9085703,35.163446],[136.9085732,35.1634618],[136.9085731,35.1634789],[136.9085581,35.1640597],[136.9085567,35.1641169],[136.9085527,35.1641391],[136.9085444,35.1641537],[136.9085372,35.1641648],[136.9085345,35.164167],[136.9085288,35.1641714],[136.908516,35.1641733],[136.9084817,35.1641727],[136.9080304,35.1641636],[136.9080231,35.1641637],[136.9080155,35.1641624],[136.908008,35.16416],[136.9080052,35.1641584],[136.9080008,35.1641527],[136.9079966,35.1641336],[136.9080187,35.1641463],[136.9084082,35.164155],[136.9084407,35.1641299],[136.9084665,35.1631786],[136.9084703,35.1630454],[136.9084503,35.1630275],[136.9077589,35.1631526]]}},{"type":"Feature","properties":{"kind":"footway"},"geometry":{"type":"LineString","coordinates":[[136.9085305,35.1630092],[136.9084864,35.1640605],[136.9084826,35.1641522],[136.9084817,35.1641727]]}},{"type":"Feature","properties":{"kind":"footway"},"geometry":{"type":"LineString","coordinates":[[136.9084826,35.1641522],[136.9084217,35.1641631],[136.9080008,35.1641527]]}},{"type":"Feature","properties":{"kind":"footway"},"geometry":{"type":"LineString","coordinates":[[136.9084817,35.1641727],[136.9084792,35.1641917],[136.9084757,35.1642194]]}},{"type":"Feature","properties":{"kind":"pedestrian"},"geometry":{"type":"LineString","coordinates":[[136.90845,35.164237],[136.9084168,35.1642179],[136.9084757,35.1642194],[136.9085249,35.1642207],[136.9085375,35.1642233],[136.9085415,35.164225],[136.9085481,35.164228],[136.9085535,35.1642316],[136.908557,35.1642337],[136.9085629,35.164241],[136.9085639,35.1642544],[136.9085597,35.1643202],[136.908527,35.1648389],[136.9085139,35.1648531],[136.9084856,35.1648654],[136.9084509,35.1648677],[136.9083896,35.1648674],[136.9084103,35.1648526],[136.90845,35.164237]]}},{"type":"Feature","properties":{"kind":"footway"},"geometry":{"type":"LineString","coordinates":[[136.9084757,35.1642194],[136.9084719,35.1643179],[136.9084509,35.1648677]]}},{"type":"Feature","properties":{"kind":"footway"},"geometry":{"type":"LineString","coordinates":[[136.9084509,35.1648677],[136.9084469,35.1649093],[136.9084429,35.1649503]]}},{"type":"Feature","properties":{"kind":"pedestrian"},"geometry":{"type":"LineString","coordinates":[[136.9083969,35.1649468],[136.9084199,35.1649484],[136.9084314,35.1649494],[136.9084429,35.1649503],[136.9084501,35.1649513],[136.9084575,35.1649528],[136.9084663,35.1649552],[136.9084808,35.1649596],[136.9085003,35.1649687],[136.9085104,35.1649776],[136.9084892,35.1653218],[136.9084997,35.1653593],[136.9084966,35.1654203],[136.9084917,35.1654272],[136.9084761,35.1654468],[136.9084622,35.1656711],[136.9084631,35.1656852],[136.9084659,35.1656957],[136.9084659,35.1657021],[136.9084658,35.1657115],[136.9084647,35.1657274],[136.9084489,35.1657463],[136.9084213,35.1657613],[136.9083926,35.1657666],[136.9074408,35.16572],[136.9073982,35.1657151],[136.9073786,35.1657063],[136.9073655,35.1656968],[136.9073601,35.16569],[136.9073573,35.1656864],[136.9073504,35.1656749],[136.9073785,35.1653656],[136.9073896,35.1650549],[136.9073747,35.1649725],[136.9073704,35.1649488],[136.9073689,35.1649275],[136.9073724,35.1649185],[136.9073814,35.1649068],[136.9073945,35.1648974],[136.9074158,35.1648951],[136.9074619,35.1648981],[136.907475,35.164899],[136.9074269,35.1649329],[136.9074342,35.1650176],[136.9074382,35.1651688],[136.9074336,35.1652428],[136.9074257,35.165359],[136.9074223,35.1654047],[136.9074191,35.1654415],[136.9074173,35.1654707],[136.9074148,35.1654988],[136.907407,35.1656265],[136.9074423,35.165664],[136.9083106,35.1657109],[136.9083511,35.1656852],[136.9083969,35.1649468]]}},{"type":"Feature","properties":{"kind":"footway"},"geometry":{"type":"LineString","coordinates":[[136.9084429,35.1649503],[136.9083978,35.165683],[136.9083951,35.1657267],[136.9083926,35.1657666]]}},{"type":"Feature","properties":{"kind":"footway"},"geometry":{"type":"LineString","coordinates":[[136.9083926,35.1657666],[136.9083904,35.1657924],[136.9083874,35.1658266]]}},{"type":"Feature","properties":{"kind":"footway"},"geometry":{"type":"LineString","coordinates":[[136.9079913,35.1657191],[136.9074016,35.1656794],[136.9073937,35.1656645],[136.9073759,35.1656309],[136.9074113,35.1650819],[136.907414,35.1649701],[136.9074158,35.1648951]]}},{"type":"Feature","properties":{"kind":"footway"},"geometry":{"type":"LineString","coordinates":[[136.9083874,35.1658266],[136.9083908,35.1658513],[136.9083935,35.1658708],[136.9084015,35.1659296],[136.9082822,35.1668554],[136.9082754,35.1669081],[136.9082724,35.1669314]]}},{"type":"Feature","properties":{"kind":"footway"},"geometry":{"type":"LineString","coordinates":[[136.9082754,35.1669081],[136.9082085,35.1669081],[136.9073238,35.1668504],[136.9072854,35.1668198],[136.9072725,35.1668095],[136.9072479,35.1667898],[136.9073201,35.1661518],[136.9073574,35.1658218],[136.9073583,35.1658137],[136.907388,35.1658059],[136.907426,35.1657961],[136.9079815,35.1658279]]}},{"type":"Feature","properties":{"kind":"footway"},"geometry":{"type":"LineString","coordinates":[[136.9082724,35.1669314],[136.9082696,35.1669642],[136.9082657,35.1670108]]}},{"type":"Feature","properties":{"kind":"footway"},"geometry":{"type":"LineString","coordinates":[[136.9082657,35.1670108],[136.9082816,35.1670873],[136.9082827,35.1670928],[136.9081989,35.1678431]]}},{"type":"Feature","properties":{"kind":"footway"},"geometry":{"type":"LineString","coordinates":[[136.9081989,35.1678431],[136.9081969,35.1678795],[136.9081949,35.1679162]]}},{"type":"Feature","properties":{"kind":"footway"},"geometry":{"type":"LineString","coordinates":[[136.9081949,35.1679162],[136.9081821,35.1679875],[136.9081302,35.1685508],[136.9081205,35.1686568],[136.9080439,35.168738]]}},{"type":"Feature","properties":{"kind":"footway"},"geometry":{"type":"LineString","coordinates":[[136.9081559,35.168743],[136.9080439,35.168738],[136.9079781,35.1687878],[136.9079322,35.1688183],[136.9073941,35.1687833],[136.9071928,35.1687124],[136.9071308,35.1685001],[136.9070868,35.1684936]]}},{"type":"Feature","properties":{"kind":"footway"},"geometry":{"type":"LineString","coordinates":[[136.9079781,35.1687878],[136.9079697,35.1688575]]}},{"type":"Feature","properties":{"kind":"footway"},"geometry":{"type":"LineString","coordinates":[[136.9081559,35.168743],[136.9082593,35.1687504],[136.9083176,35.1687546]]}},{"type":"Feature","properties":{"kind":"footway"},"geometry":{"type":"LineString","coordinates":[[136.9084193,35.1687616],[136.9084616,35.1687646],[136.908949,35.1687997],[136.9089887,35.1688026]]}},{"type":"Feature","properties":{"kind":"footway"},"geometry":{"type":"LineString","coordinates":[[136.9079697,35.1688575],[136.9079648,35.1689024],[136.9079522,35.1690193],[136.9079463,35.1690741]]}},{"type":"Feature","properties":{"kind":"footway"},"geometry":{"type":"LineString","coordinates":[[136.9070868,35.1684936],[136.9070359,35.1684937],[136.9068907,35.1684837],[136.9068239,35.1684792]]}},{"type":"Feature","properties":{"kind":"footway"},"geometry":{"type":"LineString","coordinates":[[136.9071308,35.1685001],[136.9071328,35.1684554],[136.9072066,35.1678233]]}},{"type":"Feature","properties":{"kind":"footway"},"geometry":{"type":"LineString","coordinates":[[136.9072066,35.1678233],[136.9072097,35.1677972],[136.9072135,35.1677651]]}},{"type":"Feature","properties":{"kind":"footway"},"geometry":{"type":"LineString","coordinates":[[136.9072135,35.1677651],[136.9072094,35.1677443],[136.9071748,35.1677078],[136.907247,35.1669911],[136.9072535,35.166965],[136.9072596,35.1669405]]}},{"type":"Feature","properties":{"kind":"footway"},"geometry":{"type":"LineString","coordinates":[[136.9072596,35.1669405],[136.9072665,35.1668973],[136.9072733,35.166855]]}},{"type":"Feature","properties":{"kind":"footway"},"geometry":{"type":"LineString","coordinates":[[136.9072733,35.166855],[136.9072854,35.1668198]]}},{"type":"Feature","properties":{"kind":"footway"},"geometry":{"type":"LineString","coordinates":[[136.907388,35.1658059],[136.9073931,35.165774]]}},{"type":"Feature","properties":{"kind":"footway"},"geometry":{"type":"LineString","coordinates":[[136.9073931,35.165774],[136.9073962,35.165738],[136.9073982,35.1657151]]}},{"type":"Feature","properties":{"kind":"footway"},"geometry":{"type":"LineString","coordinates":[[136.9073982,35.1657151],[136.9074016,35.1656794]]}},{"type":"Feature","properties":{"kind":"footway"},"geometry":{"type":"LineString","coordinates":[[136.9074158,35.1648951],[136.90741,35.1648651],[136.9074017,35.1648224]]}},{"type":"Feature","properties":{"kind":"footway"},"geometry":{"type":"LineString","coordinates":[[136.9074017,35.1648224],[136.9073763,35.1647273],[136.9072669,35.1643186],[136.9072572,35.1642822]]}},{"type":"Feature","properties":{"kind":"footway"},"geometry":{"type":"LineString","coordinates":[[136.9072572,35.1642822],[136.9072539,35.164251],[136.9072505,35.1642194]]}},{"type":"Feature","properties":{"kind":"pedestrian"},"geometry":{"type":"LineString","coordinates":[[136.9073042,35.1642724],[136.9072855,35.1643024],[136.9074059,35.1648009],[136.9074406,35.1648237],[136.9074017,35.1648224],[136.907385,35.1648214],[136.9073735,35.1648185],[136.9073563,35.1648096],[136.9073479,35.1648017],[136.907333,35.1647334],[136.9072436,35.1643224],[136.907242,35.164304],[136.9072451,35.1642927],[136.9072572,35.1642822],[136.9073042,35.1642724]]}},{"type":"Feature","properties":{"kind":"pedestrian"},"geometry":{"type":"LineString","coordinates":[[136.9076741,35.1631687],[136.9076891,35.163175],[136.9076828,35.1631582],[136.9076814,35.1631564],[136.9076764,35.1631523],[136.9076731,35.1631506],[136.9076557,35.1631506],[136.9070319,35.1632613],[136.9070099,35.1632674],[136.9069955,35.1632742],[136.9069888,35.1632841],[136.9069806,35.1633101],[136.9069817,35.163332],[136.9069838,35.1633387],[136.9071757,35.1640884],[136.9072028,35.1641942],[136.9072075,35.1642032],[136.9072102,35.1642055],[136.9072136,35.1642085],[136.9072363,35.1642171],[136.9072403,35.1642186],[136.9072505,35.1642194],[136.9072733,35.1642206],[136.9072909,35.1642193],[136.9079184,35.1641636],[136.9079264,35.1641619],[136.9079343,35.1641583],[136.907937,35.164156],[136.9079373,35.1641525],[136.9079376,35.1641501],[136.9079324,35.1641348],[136.9079216,35.1641472],[136.90729,35.1642022],[136.9072511,35.1641876],[136.9070325,35.1633015],[136.9070536,35.1632803],[136.907576,35.1631863],[136.9076741,35.1631687]]}},{"type":"Feature","properties":{"kind":"footway"},"geometry":{"type":"LineString","coordinates":[[136.907018,35.1632852],[136.9070016,35.1633],[136.9070102,35.1633337],[136.907201,35.1640842],[136.907229,35.1641944],[136.9072391,35.1642062],[136.9072505,35.1642194]]}},{"type":"Feature","properties":{"kind":"footway"},"geometry":{"type":"LineString","coordinates":[[136.9072391,35.1642062],[136.9072907,35.1642111],[136.9079373,35.1641525]]}},{"type":"Feature","properties":{"kind":"footway"},"geometry":{"type":"LineString","coordinates":[[136.9070099,35.1632674],[136.907001,35.1632439],[136.9069897,35.1632141]]}},{"type":"Feature","properties":{"kind":"footway"},"geometry":{"type":"LineString","coordinates":[[136.907018,35.1632852],[136.9070099,35.1632674]]}},{"type":"Feature","properties":{"kind":"footway"},"geometry":{"type":"LineString","coordinates":[[136.9069328,35.1627034],[136.9069198,35.1626361]]}},{"type":"Feature","properties":{"kind":"footway"},"geometry":{"type":"LineString","coordinates":[[136.9069198,35.1626361],[136.9069061,35.1625642],[136.9068937,35.1624998]]}},{"type":"Feature","properties":{"kind":"footway"},"geometry":{"type":"LineString","coordinates":[[136.9068937,35.1624998],[136.9068614,35.1624595],[136.9068302,35.1623624],[136.9067923,35.1621794],[136.9067861,35.1621496]]}},{"type":"Feature","properties":{"kind":"footway"},"geometry":{"type":"LineString","coordinates":[[136.9067829,35.1620686],[136.9067794,35.1619822],[136.9067773,35.1619282]]}},{"type":"Feature","properties":{"kind":"footway"},"geometry":{"type":"LineString","coordinates":[[136.9066645,35.1618458],[136.9066061,35.1617474]]}},{"type":"Feature","properties":{"kind":"footway"},"geometry":{"type":"LineString","coordinates":[[136.9062752,35.1619024],[136.9062906,35.1619545]]}},{"type":"Feature","properties":{"kind":"footway"},"geometry":{"type":"LineString","coordinates":[[136.9062906,35.1619545],[136.9063089,35.1620165],[136.9063316,35.1620931]]}},{"type":"Feature","properties":{"kind":"footway"},"geometry":{"type":"LineString","coordinates":[[136.9063316,35.1620931],[136.906353,35.1621838],[136.9064021,35.1623918],[136.906444,35.1624957]]}},{"type":"Feature","properties":{"kind":"footway"},"geometry":{"type":"LineString","coordinates":[[136.9068315,35.1627136],[136.9067778,35.1627189],[136.9066512,35.1627317],[136.906605,35.1627363]]}},{"type":"Feature","properties":{"kind":"footway"},"geometry":{"type":"LineString","coordinates":[[136.905751,35.16345],[136.9057795,35.1634633],[136.9057415,35.1634696],[136.9057272,35.1634694],[136.9057206,35.1634686],[136.9057142,35.1634656],[136.9057059,35.1634596],[136.9057009,35.1634542],[136.9056973,35.1634469],[136.9056957,35.1634437],[136.9056182,35.1631235],[136.9055905,35.1630092],[136.9055306,35.1627619],[136.9055215,35.1627243],[136.9055211,35.1627207],[136.9055212,35.1627162],[136.9055222,35.1627128],[136.9055282,35.162705],[136.9055349,35.1626989],[136.9055445,35.1626974],[136.9055584,35.1626969],[136.9057606,35.1626918],[136.9064741,35.1626737],[136.9065087,35.1626722],[136.9065258,35.1626724],[136.9065345,35.1626735],[136.9065488,35.1626779],[136.9065564,35.1626804],[136.9065738,35.1626899],[136.9065793,35.1626948],[136.9065961,35.1627123],[136.9066018,35.162722],[136.906605,35.1627363],[136.9067276,35.1631947],[136.906733,35.1632148],[136.9067346,35.1632257],[136.9067345,35.1632442],[136.9067296,35.1632533],[136.9067209,35.1632596],[136.9067088,35.1632622],[136.9066456,35.163276],[136.906676,35.1632482],[136.9066553,35.1631502],[136.9065876,35.1628932],[136.9064432,35.1627857],[136.9057615,35.1627799],[136.9056354,35.1627788],[136.9055935,35.1628212],[136.9056403,35.163008],[136.9056671,35.1631151],[136.9056845,35.1631843],[136.905751,35.16345]]}},{"type":"Feature","properties":{"kind":"footway"},"geometry":{"type":"LineString","coordinates":[[136.9064501,35.162532],[136.9064611,35.1625969],[136.9064741,35.1626737]]}},{"type":"Feature","properties":{"kind":"footway"},"geometry":{"type":"LineString","coordinates":[[136.9065165,35.162745],[136.9066072,35.1628866],[136.9066923,35.1632011],[136.9067088,35.1632622]]}},{"type":"Feature","properties":{"kind":"footway"},"geometry":{"type":"LineString","coordinates":[[136.9067088,35.1632622],[136.9067164,35.1632974],[136.9067233,35.163329]]}},{"type":"Feature","properties":{"kind":"footway"},"geometry":{"type":"LineString","coordinates":[[136.9069059,35.1641789],[136.9068991,35.1641861],[136.9069336,35.1641788],[136.9069438,35.1641767],[136.9069572,35.1641671],[136.9069614,35.1641602],[136.9069623,35.1641509],[136.9069612,35.1641427],[136.9069577,35.1641241],[136.9069543,35.1641061],[136.9067716,35.1633786],[136.9067688,35.1633676],[136.9067679,35.1633618],[136.9067578,35.1633396],[136.9067484,35.1633349],[136.9067283,35.1633295],[136.9067233,35.163329],[136.9066989,35.1633282],[136.9060592,35.1634741],[136.9057701,35.1635214],[136.9057561,35.1635235],[136.9057452,35.1635303],[136.9057361,35.1635407],[136.9057291,35.1635618],[136.9057302,35.163576],[136.9058327,35.1639718],[136.9059213,35.1643139],[136.905927,35.1643248],[136.9059337,35.1643316],[136.9059479,35.1643346],[136.9059536,35.1643345],[136.9059618,35.1643338],[136.9060026,35.1643265],[136.9059675,35.1643113],[136.9058802,35.1639636],[136.9058551,35.1638635],[136.9057811,35.1635687],[136.9057968,35.1635415],[136.9060634,35.1634922],[136.906101,35.1634851],[136.9062171,35.1634567],[136.90668,35.1633531],[136.906708,35.1633669],[136.9067863,35.1636693],[136.9069059,35.1641789]]}},{"type":"Feature","properties":{"kind":"footway"},"geometry":{"type":"LineString","coordinates":[[136.9067233,35.163329],[136.9067274,35.1633455],[136.9067372,35.163385],[136.9068066,35.1636654],[136.9069215,35.1641301],[136.9069336,35.1641788]]}},{"type":"Feature","properties":{"kind":"footway"},"geometry":{"type":"LineString","coordinates":[[136.9067274,35.1633455],[136.9066786,35.1633423],[136.9060872,35.1634766],[136.9057735,35.1635349],[136.9057598,35.1635723],[136.9058306,35.1638673],[136.905857,35.1639676],[136.9059536,35.1643345]]}},{"type":"Feature","properties":{"kind":"footway"},"geometry":{"type":"LineString","coordinates":[[136.9069336,35.1641788],[136.9069457,35.1642201],[136.9069545,35.1642505]]}},{"type":"Feature","properties":{"kind":"footway"},"geometry":{"type":"LineString","coordinates":[[136.907128,35.1651607],[136.9071285,35.1651862],[136.9071293,35.1652251]]}},{"type":"Feature","properties":{"kind":"pedestrian"},"geometry":{"type":"LineString","coordinates":[[136.9069326,35.1642706],[136.9069075,35.1642576],[136.9069392,35.1642517],[136.9069545,35.1642505],[136.9069754,35.1642545],[136.9069863,35.1642626],[136.9069962,35.1642704],[136.9070018,35.164284],[136.9070207,35.1643588],[136.907123,35.1647627],[136.9071344,35.1648079],[136.9071357,35.1648165],[136.9071424,35.1648617],[136.9071542,35.1649656],[136.9071546,35.1649862],[136.9071574,35.1651382],[136.9071547,35.1651486],[136.9071443,35.165157],[136.907128,35.1651607],[136.9070931,35.1651594],[136.9070785,35.1648656],[136.9069326,35.1642706]]}},{"type":"Feature","properties":{"kind":"footway"},"geometry":{"type":"LineString","coordinates":[[136.9069545,35.1642505],[136.9069834,35.1643649],[136.907085,35.164768],[136.9071093,35.1648642],[136.9071171,35.1649885],[136.907128,35.1651607]]}},{"type":"Feature","properties":{"kind":"footway"},"geometry":{"type":"LineString","coordinates":[[136.9071293,35.1652251],[136.9071294,35.165248],[136.9070984,35.1656631],[136.9070876,35.1658086],[136.9070734,35.1659981],[136.9070725,35.1660104]]}},{"type":"Feature","properties":{"kind":"footway"},"geometry":{"type":"LineString","coordinates":[[136.9061719,35.1651887],[136.9061921,35.1651734],[136.9061995,35.165169],[136.9061497,35.1651683],[136.9061324,35.1651732],[136.9061269,35.165178],[136.9061247,35.1651836],[136.9060818,35.1656611],[136.9060643,35.1658554],[136.906063,35.1658635],[136.9060629,35.1658885],[136.9060642,35.165899],[136.9060689,35.1659163],[136.9060766,35.1659265],[136.9060887,35.1659353],[136.9061023,35.1659437],[136.9069935,35.1660236],[136.9070252,35.1660242],[136.9070361,35.1660227],[136.9070439,35.1660218],[136.9070582,35.1660177],[136.9070725,35.1660104],[136.9070771,35.1660087],[136.9071004,35.1659853],[136.9071076,35.1659734],[136.9071102,35.1659591],[136.9071116,35.1659489],[136.9071233,35.1658103],[136.9071356,35.1656649],[136.9071673,35.1652898],[136.9071662,35.1652702],[136.907165,35.1652605],[136.9071633,35.1652562],[136.9071602,35.1652486],[136.9071538,35.165237],[136.9071406,35.1652271],[136.9071293,35.1652251],[136.9071029,35.1652227],[136.9070864,35.1652217],[136.9071157,35.1652524],[136.9071145,35.1652731],[136.9070558,35.1659591],[136.9070136,35.1659863],[136.9061524,35.1659088],[136.9061167,35.1658786],[136.9061338,35.1656643],[136.9061719,35.1651887]]}},{"type":"Feature","properties":{"kind":"footway"},"geometry":{"type":"LineString","coordinates":[[136.9070725,35.1660104],[136.9070653,35.1660578],[136.9070597,35.1660952]]}},{"type":"Feature","properties":{"kind":"footway"},"geometry":{"type":"LineString","coordinates":[[136.9070597,35.1660952],[136.9070575,35.1661133],[136.9070545,35.1661385],[136.9070514,35.1661637],[136.906983,35.166786],[136.9069796,35.1668167],[136.9069772,35.1668386]]}},{"type":"Feature","properties":{"kind":"footway"},"geometry":{"type":"LineString","coordinates":[[136.9069772,35.1668386],[136.9069733,35.1668723],[136.9069676,35.1669229]]}},{"type":"Feature","properties":{"kind":"footway"},"geometry":{"type":"LineString","coordinates":[[136.9069676,35.1669229],[136.9069645,35.1669544],[136.9069624,35.1669757],[136.9068901,35.1677054],[136.9068757,35.1677231],[136.9068654,35.1677358]]}},{"type":"Feature","properties":{"kind":"footway"},"geometry":{"type":"LineString","coordinates":[[136.9068654,35.1677358],[136.9068603,35.1677694],[136.9068536,35.1678135]]}},{"type":"Feature","properties":{"kind":"footway"},"geometry":{"type":"LineString","coordinates":[[136.9068536,35.1678135],[136.9068508,35.167835],[136.9067719,35.1684754],[136.9068239,35.1684792]]}},{"type":"Feature","properties":{"kind":"footway"},"geometry":{"type":"LineString","coordinates":[[136.9058247,35.1686638],[136.9058068,35.168603],[136.9058557,35.1681537],[136.9058892,35.1678041],[136.9059555,35.1677599],[136.9062312,35.1677769],[136.9068508,35.167835]]}},{"type":"Feature","properties":{"kind":"footway"},"geometry":{"type":"LineString","coordinates":[[136.9069962,35.1669814],[136.907044,35.1669842],[136.9071733,35.1669916],[136.9072064,35.1669935]]}},{"type":"Feature","properties":{"kind":"footway"},"geometry":{"type":"LineString","coordinates":[[136.9070162,35.1667888],[136.9070644,35.1667902],[136.9071918,35.1667938],[136.9072336,35.166795]]}},{"type":"Feature","properties":{"kind":"footway"},"geometry":{"type":"LineString","coordinates":[[136.9069995,35.1668261],[136.9070576,35.1668577],[136.9071056,35.1668838],[136.90718,35.1669242],[136.9072325,35.1669528]]}},{"type":"Feature","properties":{"kind":"footway"},"geometry":{"type":"LineString","coordinates":[[136.9069883,35.1669432],[136.907052,35.166911],[136.9071056,35.1668838],[136.9071871,35.1668479],[136.9072391,35.166825]]}},{"type":"Feature","properties":{"kind":"footway"},"geometry":{"type":"LineString","coordinates":[[136.9072391,35.166825],[136.9072725,35.1668095]]}},{"type":"Feature","properties":{"kind":"footway"},"geometry":{"type":"LineString","coordinates":[[136.9072336,35.166795],[136.9072479,35.1667898]]}},{"type":"Feature","properties":{"kind":"footway"},"geometry":{"type":"LineString","coordinates":[[136.9070162,35.1667888],[136.906983,35.166786]]}},{"type":"Feature","properties":{"kind":"footway"},"geometry":{"type":"LineString","coordinates":[[136.9070575,35.1661133],[136.9063257,35.1660461],[136.9061048,35.1660258],[136.9060693,35.1660571],[136.906055,35.1662097],[136.9060072,35.1667209],[136.9060273,35.1667417],[136.9069796,35.1668167],[136.9069995,35.1668261]]}},{"type":"Feature","properties":{"kind":"footway"},"geometry":{"type":"LineString","coordinates":[[136.9069883,35.1669432],[136.9069645,35.1669544]]}},{"type":"Feature","properties":{"kind":"footway"},"geometry":{"type":"LineString","coordinates":[[136.9072064,35.1669935],[136.907247,35.1669911]]}},{"type":"Feature","properties":{"kind":"footway"},"geometry":{"type":"LineString","coordinates":[[136.9072325,35.1669528],[136.9072535,35.166965]]}},{"type":"Feature","properties":{"kind":"footway"},"geometry":{"type":"LineString","coordinates":[[136.9069962,35.1669814],[136.9069624,35.1669757]]}},{"type":"Feature","properties":{"kind":"footway"},"geometry":{"type":"LineString","coordinates":[[136.9069645,35.1669544],[136.9069089,35.1669415],[136.9060722,35.1668616],[136.905982,35.1669035],[136.9059464,35.1673046],[136.9059183,35.1676211],[136.9059607,35.1676587],[136.906203,35.1676758],[136.9068757,35.1677231]]}},{"type":"Feature","properties":{"kind":"footway"},"geometry":{"type":"LineString","coordinates":[[136.9079433,35.1691181],[136.9079463,35.1690741]]}},{"type":"Feature","properties":{"kind":"footway"},"geometry":{"type":"LineString","coordinates":[[136.9080513,35.169275],[136.90812,35.1692788],[136.9081486,35.1692815]]}},{"type":"Feature","properties":{"kind":"footway"},"geometry":{"type":"LineString","coordinates":[[136.9081486,35.1692815],[136.9082088,35.1692855],[136.9082696,35.1692896]]}},{"type":"Feature","properties":{"kind":"footway"},"geometry":{"type":"LineString","coordinates":[[136.9082696,35.1692896],[136.9083305,35.1692915],[136.908356,35.1692494],[136.9083816,35.1692071]]}},{"type":"Feature","properties":{"kind":"footway"},"geometry":{"type":"LineString","coordinates":[[136.9090234,35.169279],[136.909097,35.1692835],[136.9091682,35.1692875]]}},{"type":"Feature","properties":{"kind":"pedestrian"},"geometry":{"type":"LineString","coordinates":[[136.9105986,35.168613],[136.9106081,35.1686133],[136.9106155,35.1686162],[136.9106271,35.1686238],[136.9106336,35.1686378],[136.9106331,35.1686503],[136.9106075,35.1689834],[136.9105994,35.1690032],[136.9105831,35.1690238],[136.9105679,35.169036],[136.9105373,35.1690484],[136.9105159,35.1690515],[136.9104888,35.1690515],[136.9094688,35.1689805],[136.9094395,35.1689785],[136.9093994,35.1689724],[136.9093589,35.1689613],[136.9093539,35.1689593],[136.9093187,35.1689421],[136.9092752,35.1689084],[136.9092454,35.1688714],[136.9092277,35.1688484],[136.9092168,35.1688199],[136.9092189,35.1688054],[136.9092214,35.1687886],[136.9092252,35.1687485],[136.9093181,35.1678889],[136.9093364,35.1678622],[136.9093481,35.1678506],[136.9093607,35.167843],[136.9093834,35.1678379],[136.9094249,35.1678367],[136.9106398,35.167916],[136.9106579,35.1679241],[136.9106696,35.1679371],[136.9106799,35.1679533],[136.910683,35.1679995],[136.9106676,35.1681982],[136.9106646,35.1682364],[136.9106443,35.1684987],[136.910643,35.1685083],[136.9106365,35.168516],[136.91063,35.1685198],[136.9106243,35.1685224],[136.9106042,35.1685216],[136.9106084,35.1684654],[136.9106256,35.1682347],[136.9106285,35.1681965],[136.9106456,35.1679675],[136.9106243,35.167938],[136.9106181,35.1679294],[136.9094341,35.1678556],[136.9094027,35.1678726],[136.9093169,35.1688032],[136.909459,35.1689376],[136.9105142,35.1690096],[136.9105717,35.168971],[136.9105986,35.168613]]}},{"type":"Feature","properties":{"kind":"footway"},"geometry":{"type":"LineString","coordinates":[[136.9090758,35.1687981],[136.9091462,35.1688017],[136.9092189,35.1688054]]}},{"type":"Feature","properties":{"kind":"footway"},"geometry":{"type":"LineString","coordinates":[[136.9092189,35.1688054],[136.9092894,35.1688076],[136.9092934,35.168858],[136.9093354,35.1688917],[136.9094177,35.1689362],[136.9094699,35.1689618],[136.9105149,35.1690322],[136.9105664,35.1690145],[136.9105994,35.1690032]]}},{"type":"Feature","properties":{"kind":"footway"},"geometry":{"type":"LineString","coordinates":[[136.9105994,35.1690032],[136.9106475,35.1690057],[136.9106943,35.169008]]}},{"type":"Feature","properties":{"kind":"footway"},"geometry":{"type":"LineString","coordinates":[[136.9105664,35.1690145],[136.9105959,35.1689746],[136.9106155,35.1686162],[136.9106243,35.1685224],[136.9106455,35.1682356],[136.9106483,35.1681974],[136.9106654,35.1679669],[136.9106292,35.1679274],[136.9094128,35.1678474],[136.9093625,35.1678675]]}},{"type":"Feature","properties":{"kind":"footway"},"geometry":{"type":"LineString","coordinates":[[136.9106943,35.169008],[136.9107088,35.1690172],[136.9107489,35.1690428],[136.9107828,35.1690448],[136.9118354,35.1691062],[136.9118526,35.1690928],[136.9118732,35.1690767],[136.9117855,35.1686022],[136.9117458,35.1685745],[136.9113258,35.1685511],[136.9107494,35.1685189],[136.9107313,35.168547],[136.9107088,35.1690172]]}},{"type":"Feature","properties":{"kind":"footway"},"geometry":{"type":"LineString","coordinates":[[136.9129138,35.1694182],[136.9128462,35.1694025],[136.9107677,35.1692549],[136.9107559,35.1692541],[136.9106868,35.1692753],[136.9106691,35.1692807]]}},{"type":"Feature","properties":{"kind":"footway"},"geometry":{"type":"LineString","coordinates":[[136.9106691,35.1692807],[136.9106125,35.169278],[136.910562,35.1692755]]}},{"type":"Feature","properties":{"kind":"footway"},"geometry":{"type":"LineString","coordinates":[[136.9107677,35.1692549],[136.9107841,35.1692276]]}},{"type":"Feature","properties":{"kind":"footway"},"geometry":{"type":"LineString","coordinates":[[136.9107841,35.1692276],[136.9107842,35.1692032],[136.9107844,35.1691078],[136.9107844,35.1690629]]}},{"type":"Feature","properties":{"kind":"footway"},"geometry":{"type":"LineString","coordinates":[[136.9107844,35.1690629],[136.9107828,35.1690448]]}},{"type":"Feature","properties":{"kind":"footway"},"geometry":{"type":"LineString","coordinates":[[136.910562,35.1692755],[136.9105031,35.1692605],[136.9094503,35.1691953],[136.9093315,35.1692266],[136.9092248,35.1692905]]}},{"type":"Feature","properties":{"kind":"footway"},"geometry":{"type":"LineString","coordinates":[[136.9083816,35.1692071],[136.9083862,35.1691485]]}},{"type":"Feature","properties":{"kind":"footway"},"geometry":{"type":"LineString","coordinates":[[136.9083862,35.1691485],[136.9083952,35.1690497],[136.9084055,35.1689359],[136.9084132,35.1688507]]}},{"type":"Feature","properties":{"kind":"footway"},"geometry":{"type":"LineString","coordinates":[[136.9084193,35.1687616],[136.9084881,35.1678953]]}},{"type":"Feature","properties":{"kind":"footway"},"geometry":{"type":"LineString","coordinates":[[136.9073723,35.1690641],[136.907373,35.1690289]]}},{"type":"Feature","properties":{"kind":"footway"},"geometry":{"type":"LineString","coordinates":[[136.907373,35.1690289],[136.9073775,35.1689803],[136.9073912,35.1688663],[136.9073952,35.168818]]}},{"type":"Feature","properties":{"kind":"footway"},"geometry":{"type":"LineString","coordinates":[[136.9073952,35.168818],[136.9073941,35.1687833]]}},{"type":"Feature","properties":{"kind":"footway"},"geometry":{"type":"LineString","coordinates":[[136.9065417,35.1687121],[136.9065483,35.1687469]]}},{"type":"Feature","properties":{"kind":"footway"},"geometry":{"type":"LineString","coordinates":[[136.9070515,35.1692662],[136.907005,35.1692628]]}},{"type":"Feature","properties":{"kind":"footway"},"geometry":{"type":"LineString","coordinates":[[136.907005,35.1692628],[136.9069415,35.169258],[136.906793,35.1692456],[136.9067221,35.1692407]]}},{"type":"Feature","properties":{"kind":"footway"},"geometry":{"type":"LineString","coordinates":[[136.9057066,35.1696601],[136.9057267,35.1696681],[136.9057571,35.1696802],[136.9065374,35.1697331],[136.9066201,35.169725]]}},{"type":"Feature","properties":{"kind":"footway"},"geometry":{"type":"LineString","coordinates":[[136.9066201,35.169725],[136.9066098,35.1697509]]}},{"type":"Feature","properties":{"kind":"footway"},"geometry":{"type":"LineString","coordinates":[[136.9066098,35.1697509],[136.9065974,35.1698166],[136.9065823,35.1699504],[136.9065762,35.1700071]]}},{"type":"Feature","properties":{"kind":"footway"},"geometry":{"type":"LineString","coordinates":[[136.9056704,35.1699862],[136.9056147,35.1705916],[136.9056536,35.1706335],[136.9064517,35.1706856],[136.9064861,35.1706742],[136.9065304,35.1706595],[136.9065349,35.1705941],[136.9065565,35.1701597],[136.9065622,35.1700444]]}},{"type":"Feature","properties":{"kind":"footway"},"geometry":{"type":"LineString","coordinates":[[136.905697,35.169976],[136.9057013,35.1699469]]}},{"type":"Feature","properties":{"kind":"footway"},"geometry":{"type":"LineString","coordinates":[[136.9057013,35.1699469],[136.9057066,35.1698928],[136.9057203,35.1697545],[136.9057259,35.1696978]]}},{"type":"Feature","properties":{"kind":"footway"},"geometry":{"type":"LineString","coordinates":[[136.9057259,35.1696978],[136.9057267,35.1696681]]}},{"type":"Feature","properties":{"kind":"footway"},"geometry":{"type":"LineString","coordinates":[[136.9056704,35.1699862],[136.9056522,35.1699854]]}},{"type":"Feature","properties":{"kind":"footway"},"geometry":{"type":"LineString","coordinates":[[136.9055442,35.1699685],[136.9055704,35.1699743]]}},{"type":"Feature","properties":{"kind":"footway"},"geometry":{"type":"LineString","coordinates":[[136.9055704,35.1699743],[136.9056101,35.1699797],[136.9056522,35.1699854]]}},{"type":"Feature","properties":{"kind":"footway"},"geometry":{"type":"LineString","coordinates":[[136.9058247,35.1686638],[136.9057924,35.1686568]]}},{"type":"Feature","properties":{"kind":"footway"},"geometry":{"type":"LineString","coordinates":[[136.9057924,35.1686568],[136.9057499,35.1686544],[136.9057084,35.1686521]]}},{"type":"Feature","properties":{"kind":"footway"},"geometry":{"type":"LineString","coordinates":[[136.9046605,35.1685828],[136.9046385,35.1685677],[136.9047056,35.1677367],[136.904782,35.1676819],[136.9057128,35.1677466],[136.9057771,35.1678047],[136.9056873,35.168651]]}},{"type":"Feature","properties":{"kind":"footway"},"geometry":{"type":"LineString","coordinates":[[136.9046605,35.1685828],[136.9046054,35.1685903]]}},{"type":"Feature","properties":{"kind":"footway"},"geometry":{"type":"LineString","coordinates":[[136.9046054,35.1685903],[136.9045565,35.1685851],[136.9045098,35.1685802]]}},{"type":"Feature","properties":{"kind":"footway"},"geometry":{"type":"LineString","coordinates":[[136.9034544,35.1684971],[136.9034453,35.1684737],[136.9034842,35.1680366],[136.9035201,35.1676339],[136.9035784,35.1675938],[136.9045241,35.1676491],[136.9045615,35.1677198],[136.9045225,35.1681048],[136.9045096,35.1682482],[136.9044793,35.1685838]]}},{"type":"Feature","properties":{"kind":"footway"},"geometry":{"type":"LineString","coordinates":[[136.9034544,35.1684971],[136.9034209,35.1684899]]}},{"type":"Feature","properties":{"kind":"footway"},"geometry":{"type":"LineString","coordinates":[[136.9034209,35.1684899],[136.9033859,35.1684879],[136.9033472,35.1684857]]}},{"type":"Feature","properties":{"kind":"footway"},"geometry":{"type":"LineString","coordinates":[[136.9023441,35.1684333],[136.9023264,35.1684201],[136.9023246,35.1683767],[136.9023908,35.1675538],[136.9024485,35.1675218],[136.9033704,35.1675869],[136.9034076,35.167626],[136.9033843,35.1678749],[136.9033265,35.1684934]]}},{"type":"Feature","properties":{"kind":"footway"},"geometry":{"type":"LineString","coordinates":[[136.9033472,35.1684857],[136.9033265,35.1684934],[136.9032762,35.1685093],[136.9032678,35.1685088],[136.9024095,35.1684606],[136.9023671,35.1684505],[136.9023529,35.1684399],[136.9023441,35.1684333],[136.9022885,35.1684304]]}},{"type":"Feature","properties":{"kind":"footway"},"geometry":{"type":"LineString","coordinates":[[136.9022885,35.1684304],[136.9022121,35.168422],[136.9021334,35.1684134]]}},{"type":"Feature","properties":{"kind":"footway"},"geometry":{"type":"LineString","coordinates":[[136.9010835,35.1683325],[136.9011266,35.1679071],[136.9011431,35.1677439],[136.9011702,35.1674762],[136.9012165,35.1674529],[136.9012481,35.1674371],[136.901573,35.1674576],[136.9020975,35.1674906],[136.9021701,35.1675057],[136.902188,35.1675493],[136.9021966,35.1675875]]}},{"type":"Feature","properties":{"kind":"footway"},"geometry":{"type":"LineString","coordinates":[[136.9021334,35.1684134],[136.9020888,35.1684226],[136.9020571,35.1684291],[136.9020409,35.1684324],[136.9011612,35.1683687],[136.9011509,35.168368],[136.9010835,35.1683325],[136.9010636,35.1683329]]}},{"type":"Feature","properties":{"kind":"footway"},"geometry":{"type":"LineString","coordinates":[[136.9010636,35.1683329],[136.9010203,35.1683271],[136.9009738,35.168321]]}},{"type":"Feature","properties":{"kind":"footway"},"geometry":{"type":"LineString","coordinates":[[136.8986114,35.1684392],[136.8986718,35.1684443],[136.89872,35.1684484]]}},{"type":"Feature","properties":{"kind":"footway"},"geometry":{"type":"LineString","coordinates":[[136.89872,35.1684484],[136.8987382,35.1684434],[136.8987558,35.1684386],[136.8987953,35.1684417],[136.8996763,35.1685111],[136.899737,35.1685159],[136.8997597,35.1685177]]}},{"type":"Feature","properties":{"kind":"footway"},"geometry":{"type":"LineString","coordinates":[[136.8997597,35.1685177],[136.8998369,35.1685266],[136.8999134,35.1685354]]}},{"type":"Feature","properties":{"kind":"footway"},"geometry":{"type":"LineString","coordinates":[[136.8999134,35.1685354],[136.8999367,35.1685316],[136.8999863,35.1685236],[136.9008776,35.168586]]}},{"type":"Feature","properties":{"kind":"footway"},"geometry":{"type":"LineString","coordinates":[[136.9009501,35.1686251],[136.9010012,35.1686275],[136.9010523,35.1686298]]}},{"type":"Feature","properties":{"kind":"footway"},"geometry":{"type":"LineString","coordinates":[[136.9011149,35.1686001],[136.9011323,35.1686016],[136.9020335,35.1686776],[136.9020674,35.1686805]]}},{"type":"Feature","properties":{"kind":"footway"},"geometry":{"type":"LineString","coordinates":[[136.9021038,35.1686836],[136.9021837,35.1686891],[136.9022435,35.1686932]]}},{"type":"Feature","properties":{"kind":"footway"},"geometry":{"type":"LineString","coordinates":[[136.9022435,35.1686932],[136.9022697,35.1686919],[136.9023274,35.1686892],[136.9031984,35.1687415],[136.9032472,35.1687534],[136.9032934,35.1687647],[136.903326,35.1687727]]}},{"type":"Feature","properties":{"kind":"footway"},"geometry":{"type":"LineString","coordinates":[[136.903326,35.1687727],[136.9033725,35.1687741],[136.9034089,35.1687752]]}},{"type":"Feature","properties":{"kind":"footway"},"geometry":{"type":"LineString","coordinates":[[136.9034089,35.1687752],[136.9034347,35.1687711],[136.9034767,35.1687645],[136.903484,35.168765],[136.9039909,35.1688004],[136.9044056,35.1688293],[136.9044566,35.1688543],[136.9044762,35.1688628]]}},{"type":"Feature","properties":{"kind":"footway"},"geometry":{"type":"LineString","coordinates":[[136.9044762,35.1688628],[136.9045325,35.1688653],[136.9045957,35.1688675]]}},{"type":"Feature","properties":{"kind":"footway"},"geometry":{"type":"LineString","coordinates":[[136.9045957,35.1688675],[136.9046427,35.1688595],[136.9046865,35.168852],[136.9046947,35.1688506],[136.9056076,35.168921],[136.9056384,35.1689234],[136.9056529,35.1689334],[136.9056803,35.1689522]]}},{"type":"Feature","properties":{"kind":"footway"},"geometry":{"type":"LineString","coordinates":[[136.9056803,35.1689522],[136.9057228,35.168955],[136.9057597,35.1689575]]}},{"type":"Feature","properties":{"kind":"footway"},"geometry":{"type":"LineString","coordinates":[[136.9057597,35.1689575],[136.9058108,35.1689606]]}},{"type":"Feature","properties":{"kind":"footway"},"geometry":{"type":"LineString","coordinates":[[136.9045093,35.1698928],[136.9044539,35.16989],[136.9043838,35.1698865]]}},{"type":"Feature","properties":{"kind":"footway"},"geometry":{"type":"LineString","coordinates":[[136.9032018,35.1698157],[136.903181,35.1698156],[136.9031715,35.1698057],[136.9021606,35.1697325],[136.902158,35.1697545],[136.9021396,35.1697579]]}},{"type":"Feature","properties":{"kind":"footway"},"geometry":{"type":"LineString","coordinates":[[136.9032018,35.1698157],[136.9032588,35.1698155],[136.9033017,35.1698153]]}},{"type":"Feature","properties":{"kind":"footway"},"geometry":{"type":"LineString","coordinates":[[136.9009318,35.1696635],[136.9009563,35.1696667],[136.9009576,35.1696546],[136.9011215,35.1696675],[136.9019742,35.1697347],[136.9019934,35.1697427]]}},{"type":"Feature","properties":{"kind":"footway"},"geometry":{"type":"LineString","coordinates":[[136.9019934,35.1697427],[136.9020671,35.1697504],[136.9021396,35.1697579]]}},{"type":"Feature","properties":{"kind":"footway"},"geometry":{"type":"LineString","coordinates":[[136.898266,35.1694764],[136.8982683,35.1694692]]}},{"type":"Feature","properties":{"kind":"footway"},"geometry":{"type":"LineString","coordinates":[[136.9011215,35.1696675],[136.9011239,35.1696587]]}},{"type":"Feature","properties":{"kind":"footway"},"geometry":{"type":"LineString","coordinates":[[136.9009318,35.1696635],[136.9008818,35.1696627],[136.9008318,35.1696612]]}},{"type":"Feature","properties":{"kind":"footway"},"geometry":{"type":"LineString","coordinates":[[136.8998025,35.169577],[136.8998006,35.1695883]]}},{"type":"Feature","properties":{"kind":"footway"},"geometry":{"type":"LineString","coordinates":[[136.8996246,35.169601],[136.8996642,35.1696001]]}},{"type":"Feature","properties":{"kind":"footway"},"geometry":{"type":"LineString","coordinates":[[136.8996642,35.1696001],[136.8997103,35.1696007],[136.8997628,35.1696013]]}},{"type":"Feature","properties":{"kind":"footway"},"geometry":{"type":"LineString","coordinates":[[136.8997628,35.1696013],[136.8997815,35.1696053]]}},{"type":"Feature","properties":{"kind":"footway"},"geometry":{"type":"LineString","coordinates":[[136.8987019,35.1694973],[136.8987005,35.1695044]]}},{"type":"Feature","properties":{"kind":"footway"},"geometry":{"type":"LineString","coordinates":[[136.8986228,35.1694992],[136.8985692,35.169496],[136.8985183,35.1694929]]}},{"type":"Feature","properties":{"kind":"footway"},"geometry":{"type":"LineString","coordinates":[[136.8985183,35.1694929],[136.8985061,35.1694951],[136.898266,35.1694764],[136.8977162,35.1694337],[136.8976397,35.1694622],[136.8976204,35.1694633],[136.8975803,35.1694657]]}},{"type":"Feature","properties":{"kind":"footway"},"geometry":{"type":"LineString","coordinates":[[136.9057066,35.1696601],[136.9056786,35.1696561]]}},{"type":"Feature","properties":{"kind":"footway"},"geometry":{"type":"LineString","coordinates":[[136.9056786,35.1696561],[136.9056452,35.1696551],[136.9056116,35.1696542]]}},{"type":"Feature","properties":{"kind":"footway"},"geometry":{"type":"LineString","coordinates":[[136.9056116,35.1696542],[136.9055816,35.1696596],[136.9055453,35.1696661],[136.9052611,35.1696485],[136.904582,35.1696063],[136.9045587,35.1695947],[136.9045218,35.1695762]]}},{"type":"Feature","properties":{"kind":"footway"},"geometry":{"type":"LineString","coordinates":[[136.9045218,35.1695762],[136.9044818,35.1695737],[136.904423,35.16957]]}},{"type":"Feature","properties":{"kind":"footway"},"geometry":{"type":"LineString","coordinates":[[136.904423,35.16957],[136.904377,35.1695807],[136.9033705,35.1695281],[136.903341,35.1694996],[136.9033266,35.1694987]]}},{"type":"Feature","properties":{"kind":"footway"},"geometry":{"type":"LineString","coordinates":[[136.9033266,35.1694987],[136.903295,35.1694964],[136.9032576,35.1694937]]}},{"type":"Feature","properties":{"kind":"footway"},"geometry":{"type":"LineString","coordinates":[[136.9032576,35.1694937],[136.9032134,35.169501],[136.9031939,35.1695042],[136.9022173,35.1694479],[136.9021956,35.1694391],[136.9021625,35.1694256]]}},{"type":"Feature","properties":{"kind":"footway"},"geometry":{"type":"LineString","coordinates":[[136.9021625,35.1694256],[136.9021026,35.1694192],[136.9020449,35.169413]]}},{"type":"Feature","properties":{"kind":"footway"},"geometry":{"type":"LineString","coordinates":[[136.9020449,35.169413],[136.9020118,35.1694086],[136.9019768,35.1694291],[136.9010152,35.1693613],[136.9009828,35.169359]]}},{"type":"Feature","properties":{"kind":"footway"},"geometry":{"type":"LineString","coordinates":[[136.9009828,35.169359],[136.9009266,35.1693523],[136.9008794,35.1693467]]}},{"type":"Feature","properties":{"kind":"footway"},"geometry":{"type":"LineString","coordinates":[[136.9008794,35.1693467],[136.9008276,35.1693473],[136.9008141,35.1693475],[136.8998537,35.1692964],[136.8998293,35.1692951]]}},{"type":"Feature","properties":{"kind":"footway"},"geometry":{"type":"LineString","coordinates":[[136.8998293,35.1692951],[136.8997473,35.1692862],[136.8996819,35.1692792]]}},{"type":"Feature","properties":{"kind":"footway"},"geometry":{"type":"LineString","coordinates":[[136.8996819,35.1692792],[136.8996599,35.1692827],[136.8996458,35.169285],[136.8990017,35.1692387],[136.8986716,35.169215],[136.8986408,35.1692128]]}},{"type":"Feature","properties":{"kind":"footway"},"geometry":{"type":"LineString","coordinates":[[136.8986408,35.1692128],[136.8985923,35.1692091],[136.8985364,35.1692049]]}},{"type":"Feature","properties":{"kind":"footway"},"geometry":{"type":"LineString","coordinates":[[136.8979884,35.161859],[136.8980768,35.161859],[136.8983085,35.1618591],[136.8983861,35.1618591]]}},{"type":"Feature","properties":{"kind":"footway"},"geometry":{"type":"LineString","coordinates":[[136.8983861,35.1618591],[136.8984554,35.1618606],[136.8984771,35.1618611]]}},{"type":"Feature","properties":{"kind":"footway"},"geometry":{"type":"LineString","coordinates":[[136.8984554,35.1618606],[136.8985066,35.1619885]]}},{"type":"Feature","properties":{"kind":"footway"},"geometry":{"type":"LineString","coordinates":[[136.8985066,35.1619885],[136.8985052,35.162053],[136.8985035,35.1621326]]}},{"type":"Feature","properties":{"kind":"footway"},"geometry":{"type":"LineString","coordinates":[[136.8985035,35.1621326],[136.8984774,35.1621807],[136.8984513,35.1622248],[136.8984385,35.1624688],[136.8984715,35.1625249],[136.8984706,35.1625883]]}},{"type":"Feature","properties":{"kind":"footway"},"geometry":{"type":"LineString","coordinates":[[136.8984706,35.1625883],[136.8984678,35.1626519],[136.8984647,35.1627203]]}},{"type":"Feature","properties":{"kind":"footway"},"geometry":{"type":"LineString","coordinates":[[136.8984647,35.1627203],[136.8984151,35.1628162]]}},{"type":"Feature","properties":{"kind":"footway"},"geometry":{"type":"LineString","coordinates":[[136.8984151,35.1628162],[136.8984695,35.1627714],[136.8992727,35.162777],[136.8995959,35.1627793],[136.9003072,35.1627843],[136.9004566,35.1627852],[136.9016633,35.1627922],[136.9016966,35.1628045]]}},{"type":"Feature","properties":{"kind":"footway"},"geometry":{"type":"LineString","coordinates":[[136.898603,35.1681894],[136.8986435,35.1681891]]}},{"type":"Feature","properties":{"kind":"footway"},"geometry":{"type":"LineString","coordinates":[[136.8986435,35.1681891],[136.8986926,35.1681927],[136.898742,35.1681964]]}},{"type":"Feature","properties":{"kind":"footway"},"geometry":{"type":"LineString","coordinates":[[136.898742,35.1681964],[136.8987844,35.1682043],[136.8988117,35.1682169],[136.8996983,35.1682762],[136.8997105,35.168277],[136.8997773,35.1682568]]}},{"type":"Feature","properties":{"kind":"footway"},"geometry":{"type":"LineString","coordinates":[[136.8997773,35.1682568],[136.899859,35.168262],[136.8999296,35.1682666]]}},{"type":"Feature","properties":{"kind":"footway"},"geometry":{"type":"LineString","coordinates":[[136.8999296,35.1682666],[136.8999621,35.1682802],[136.8999824,35.1682887],[136.9000059,35.1682904],[136.9008992,35.1683546],[136.9009415,35.1683333],[136.9009738,35.168321]]}},{"type":"Feature","properties":{"kind":"footway"},"geometry":{"type":"LineString","coordinates":[[136.8999621,35.1682802],[136.8999461,35.1682423],[136.9000318,35.1673912],[136.9000539,35.1673759],[136.9000767,35.1673601],[136.901026,35.1674201],[136.9010466,35.1674478],[136.9010593,35.167465],[136.9010143,35.1678533],[136.9009624,35.168302],[136.9009415,35.1683333]]}},{"type":"Feature","properties":{"kind":"footway"},"geometry":{"type":"LineString","coordinates":[[136.8987844,35.1682043],[136.8987443,35.1681522],[136.898856,35.1672919],[136.8988852,35.1672766],[136.8997912,35.1673413],[136.8998233,35.1673633],[136.8998311,35.1673687],[136.8998542,35.1673845],[136.8997688,35.1682319],[136.8997105,35.168277]]}},{"type":"Feature","properties":{"kind":"footway"},"geometry":{"type":"LineString","coordinates":[[136.8985065,35.1692029],[136.8985248,35.1691741],[136.8985434,35.1690102],[136.898602,35.1684928],[136.8985822,35.1684374]]}},{"type":"Feature","properties":{"kind":"footway"},"geometry":{"type":"LineString","coordinates":[[136.8986716,35.169215],[136.8986556,35.169196],[136.8986894,35.1688812],[136.8987334,35.1684724],[136.8987382,35.1684434]]}},{"type":"Feature","properties":{"kind":"footway"},"geometry":{"type":"LineString","coordinates":[[136.8996599,35.1692827],[136.899737,35.1685159]]}},{"type":"Feature","properties":{"kind":"footway"},"geometry":{"type":"LineString","coordinates":[[136.8998537,35.1692964],[136.8998491,35.1692665],[136.8999215,35.1685679],[136.8999367,35.1685316]]}},{"type":"Feature","properties":{"kind":"footway"},"geometry":{"type":"LineString","coordinates":[[136.9008276,35.1693473],[136.9008717,35.1692788],[136.9009325,35.1686175]]}},{"type":"Feature","properties":{"kind":"footway"},"geometry":{"type":"LineString","coordinates":[[136.9010152,35.1693613],[136.901,35.1693453],[136.9010744,35.1686524],[136.9010845,35.1686145]]}},{"type":"Feature","properties":{"kind":"footway"},"geometry":{"type":"LineString","coordinates":[[136.9020674,35.1686805],[136.9020803,35.1687409],[136.9020118,35.1694086]]}},{"type":"Feature","properties":{"kind":"footway"},"geometry":{"type":"LineString","coordinates":[[136.9021956,35.1694391],[136.9021923,35.1694083],[136.9022697,35.1686919]]}},{"type":"Feature","properties":{"kind":"footway"},"geometry":{"type":"LineString","coordinates":[[136.9032134,35.169501],[136.9032934,35.1687647]]}},{"type":"Feature","properties":{"kind":"footway"},"geometry":{"type":"LineString","coordinates":[[136.903341,35.1694996],[136.9034347,35.1687711]]}},{"type":"Feature","properties":{"kind":"footway"},"geometry":{"type":"LineString","coordinates":[[136.904377,35.1695807],[136.9044566,35.1688543]]}},{"type":"Feature","properties":{"kind":"footway"},"geometry":{"type":"LineString","coordinates":[[136.9045587,35.1695947],[136.9046427,35.1688595]]}},{"type":"Feature","properties":{"kind":"footway"},"geometry":{"type":"LineString","coordinates":[[136.9055816,35.1696596],[136.9056071,35.1693994],[136.9056529,35.1689334]]}},{"type":"Feature","properties":{"kind":"footway"},"geometry":{"type":"LineString","coordinates":[[136.9055434,35.1699368],[136.905549,35.169882],[136.905563,35.1697436],[136.9055684,35.1696903]]}},{"type":"Feature","properties":{"kind":"footway"},"geometry":{"type":"LineString","coordinates":[[136.9055455,35.1699545],[136.9055434,35.1699368]]}},{"type":"Feature","properties":{"kind":"footway"},"geometry":{"type":"LineString","coordinates":[[136.9055684,35.1696903],[136.9055816,35.1696596]]}},{"type":"Feature","properties":{"kind":"footway"},"geometry":{"type":"LineString","coordinates":[[136.9058108,35.1689606],[136.9058273,35.1689185]]}},{"type":"Feature","properties":{"kind":"footway"},"geometry":{"type":"LineString","coordinates":[[136.9058247,35.1686638],[136.9058341,35.1686965]]}},{"type":"Feature","properties":{"kind":"footway"},"geometry":{"type":"LineString","coordinates":[[136.9066201,35.169725],[136.9066661,35.1697269]]}},{"type":"Feature","properties":{"kind":"footway"},"geometry":{"type":"LineString","coordinates":[[136.9066661,35.1697269],[136.9067325,35.1697275],[136.9068954,35.1697382],[136.9069603,35.1697406]]}},{"type":"Feature","properties":{"kind":"footway"},"geometry":{"type":"LineString","coordinates":[[136.9070232,35.169746],[136.9070226,35.1697858]]}},{"type":"Feature","properties":{"kind":"footway"},"geometry":{"type":"LineString","coordinates":[[136.9070014,35.1700321],[136.9070072,35.169974],[136.9070174,35.1698462],[136.9070226,35.1697858]]}},{"type":"Feature","properties":{"kind":"footway"},"geometry":{"type":"LineString","coordinates":[[136.908092,35.1696792],[136.9081592,35.169684],[136.9082342,35.1696896]]}},{"type":"Feature","properties":{"kind":"footway"},"geometry":{"type":"LineString","coordinates":[[136.9082342,35.1696896],[136.9083045,35.1696935],[136.9083021,35.1697853],[136.9088704,35.1698179],[136.9089221,35.1697527],[136.9089821,35.1697531]]}},{"type":"Feature","properties":{"kind":"footway"},"geometry":{"type":"LineString","coordinates":[[136.9089821,35.1697531],[136.9090511,35.169757],[136.9091218,35.1697611]]}},{"type":"Feature","properties":{"kind":"footway"},"geometry":{"type":"LineString","coordinates":[[136.9091218,35.1697611],[136.9091658,35.1697639],[136.9091932,35.1697656],[136.9091843,35.1698943],[136.9093088,35.1699185],[136.9103724,35.1699716],[136.9104077,35.1699734],[136.9104445,35.1699542],[136.9105003,35.1699587]]}},{"type":"Feature","properties":{"kind":"footway"},"geometry":{"type":"LineString","coordinates":[[136.9091932,35.1697656],[136.9092248,35.1692905]]}},{"type":"Feature","properties":{"kind":"footway"},"geometry":{"type":"LineString","coordinates":[[136.9089652,35.169242],[136.9089679,35.1691929]]}},{"type":"Feature","properties":{"kind":"footway"},"geometry":{"type":"LineString","coordinates":[[136.9089679,35.1691929],[136.9089762,35.1690899],[136.9089846,35.1689849],[136.9089921,35.1688912]]}},{"type":"Feature","properties":{"kind":"footway"},"geometry":{"type":"LineString","coordinates":[[136.9089887,35.1688026],[136.9090298,35.1682901],[136.909104,35.1679352]]}},{"type":"Feature","properties":{"kind":"footway"},"geometry":{"type":"LineString","coordinates":[[136.9094503,35.1691953],[136.9094533,35.1691597]]}},{"type":"Feature","properties":{"kind":"footway"},"geometry":{"type":"LineString","coordinates":[[136.9094533,35.1691597],[136.9094567,35.1691206],[136.9094654,35.1690198],[136.9094688,35.1689805]]}},{"type":"Feature","properties":{"kind":"footway"},"geometry":{"type":"LineString","coordinates":[[136.9094688,35.1689805],[136.9094699,35.1689618]]}},{"type":"Feature","properties":{"kind":"footway"},"geometry":{"type":"LineString","coordinates":[[136.9105031,35.1692605],[136.9105002,35.169226]]}},{"type":"Feature","properties":{"kind":"footway"},"geometry":{"type":"LineString","coordinates":[[136.9105149,35.1690322],[136.9105159,35.1690515]]}},{"type":"Feature","properties":{"kind":"footway"},"geometry":{"type":"LineString","coordinates":[[136.9105002,35.169226],[136.9105038,35.1691854],[136.9105123,35.1690909],[136.9105159,35.1690515]]}},{"type":"Feature","properties":{"kind":"footway"},"geometry":{"type":"LineString","coordinates":[[136.911141,35.1622377],[136.9109968,35.1622546],[136.9104441,35.1623194]]}},{"type":"Feature","properties":{"kind":"footway"},"geometry":{"type":"LineString","coordinates":[[136.9104441,35.1623194],[136.9104109,35.1623198],[136.9103813,35.1623201]]}},{"type":"Feature","properties":{"kind":"footway"},"geometry":{"type":"LineString","coordinates":[[136.9103813,35.1623201],[136.9097185,35.1623961]]}},{"type":"Feature","properties":{"kind":"footway"},"geometry":{"type":"LineString","coordinates":[[136.9096382,35.1624053],[136.9095676,35.162415],[136.9094901,35.1624256]]}},{"type":"Feature","properties":{"kind":"footway"},"geometry":{"type":"LineString","coordinates":[[136.9095463,35.1615934],[136.9096281,35.1615753]]}},{"type":"Feature","properties":{"kind":"footway"},"geometry":{"type":"LineString","coordinates":[[136.9095601,35.15964],[136.9095807,35.1596218],[136.9095642,35.1596238],[136.9095596,35.1596243],[136.9095532,35.1596251],[136.909541,35.1596341],[136.9095378,35.159648],[136.909539,35.1596602],[136.9096319,35.1605755],[136.9096441,35.1606952],[136.9096393,35.1607375],[136.9097163,35.161519],[136.9097297,35.1615615],[136.9097525,35.1615772],[136.9097807,35.1615874],[136.9098145,35.1615885],[136.9106582,35.1614935],[136.9106843,35.1614802],[136.9107016,35.1614654],[136.9107084,35.1614462],[136.9107087,35.1614292],[136.9104819,35.1595866],[136.9104802,35.159573],[136.91048,35.1595558],[136.9104707,35.1595375],[136.9104499,35.1595381],[136.9104366,35.1595386],[136.9104386,35.1595568],[136.9104606,35.1595747],[136.9106792,35.1613851],[136.9106494,35.1614265],[136.9097883,35.1615163],[136.9097527,35.1614817],[136.9096734,35.1607235],[136.9096577,35.1605734],[136.9095601,35.15964]]}},{"type":"Feature","properties":{"kind":"footway"},"geometry":{"type":"LineString","coordinates":[[136.9096281,35.1615753],[136.9096555,35.1615716],[136.9097297,35.1615615]]}},{"type":"Feature","properties":{"kind":"footway"},"geometry":{"type":"LineString","coordinates":[[136.9097297,35.1615615],[136.9097518,35.1615582],[136.9097783,35.1615584],[136.9106553,35.1614525],[136.9106963,35.1614476],[136.9107084,35.1614462]]}},{"type":"Feature","properties":{"kind":"footway"},"geometry":{"type":"LineString","coordinates":[[136.9108088,35.1610458],[136.9107866,35.1610446],[136.9107695,35.1610546],[136.9107692,35.1610702],[136.9107907,35.1612288],[136.910819,35.1614375],[136.9108282,35.1614518],[136.910841,35.1614578],[136.9108571,35.1614607],[136.9108735,35.1614607],[136.9108839,35.1614595],[136.9109942,35.1614483],[136.9111393,35.1614336],[136.9111526,35.1614279],[136.9111593,35.161417],[136.9111623,35.1613981],[136.9111702,35.1613489],[136.9111468,35.1613749],[136.9108953,35.1613977],[136.9108475,35.1613644],[136.9108306,35.1612252],[136.9108088,35.1610458]]}},{"type":"Feature","properties":{"kind":"footway"},"geometry":{"type":"LineString","coordinates":[[136.9107084,35.1614462],[136.9107898,35.1614398],[136.910819,35.1614375]]}},{"type":"Feature","properties":{"kind":"footway"},"geometry":{"type":"LineString","coordinates":[[136.910819,35.1614375],[136.9108371,35.1614354],[136.910989,35.161418],[136.9111623,35.1613981]]}},{"type":"Feature","properties":{"kind":"footway"},"geometry":{"type":"LineString","coordinates":[[136.9093625,35.1678675],[136.9093607,35.167843]]}},{"type":"Feature","properties":{"kind":"footway"},"geometry":{"type":"LineString","coordinates":[[136.9093607,35.167843],[136.9093659,35.1678014],[136.9093702,35.1677662]]}},{"type":"Feature","properties":{"kind":"footway"},"geometry":{"type":"LineString","coordinates":[[136.9093702,35.1677662],[136.9094329,35.1672643]]}},{"type":"Feature","properties":{"kind":"footway"},"geometry":{"type":"LineString","coordinates":[[136.9094329,35.1672643],[136.9094369,35.1672391],[136.9094386,35.1672073]]}},{"type":"Feature","properties":{"kind":"footway"},"geometry":{"type":"LineString","coordinates":[[136.9094386,35.1672073],[136.9094409,35.1671318],[136.9094562,35.1668877],[136.9094929,35.1666266]]}},{"type":"Feature","properties":{"kind":"footway"},"geometry":{"type":"LineString","coordinates":[[136.9094929,35.1666266],[136.9094952,35.1666054],[136.9094978,35.1665807]]}},{"type":"Feature","properties":{"kind":"pedestrian"},"geometry":{"type":"LineString","coordinates":[[136.9095263,35.1665828],[136.9094978,35.1665807],[136.9094785,35.1665797],[136.90946,35.1665767],[136.9094436,35.1665698],[136.9094252,35.1665585],[136.9094144,35.1665402],[136.9094684,35.1659037],[136.9094759,35.1658947],[136.909486,35.1658848],[136.9094949,35.1658785],[136.9095202,35.1658661],[136.9095436,35.1658635],[136.9095844,35.1658641],[136.9101409,35.1658939],[136.9107648,35.1659273],[136.9107843,35.1659282],[136.9108105,35.1659326],[136.9108258,35.1659397],[136.910837,35.1659508],[136.9108446,35.1659648],[136.9108464,35.1659856],[136.9108449,35.1660039],[136.9107889,35.1666413],[136.9107873,35.166649],[136.9107837,35.1666585],[136.9107776,35.1666654],[136.9107719,35.1666701],[136.9107666,35.1666728],[136.9107507,35.1666765],[136.9107182,35.1666736],[136.9107489,35.1666585],[136.9107962,35.1661159],[136.9108029,35.1659976],[136.9107692,35.1659646],[136.9101376,35.1659302],[136.9096289,35.1659025],[136.9095797,35.1659366],[136.9095706,35.1660056],[136.9095499,35.1662391],[136.9095263,35.1665828]]}},{"type":"Feature","properties":{"kind":"footway"},"geometry":{"type":"LineString","coordinates":[[136.9094978,35.1665807],[136.9095415,35.1658971]]}},{"type":"Feature","properties":{"kind":"footway"},"geometry":{"type":"LineString","coordinates":[[136.9095564,35.1657975],[136.9095636,35.1656966],[136.9096029,35.1651429]]}},{"type":"Feature","properties":{"kind":"footway"},"geometry":{"type":"LineString","coordinates":[[136.9096029,35.1651429],[136.9096044,35.1651139],[136.9096057,35.1650899]]}},{"type":"Feature","properties":{"kind":"footway"},"geometry":{"type":"LineString","coordinates":[[136.9096057,35.1650899],[136.9096352,35.1643658],[136.9096372,35.1643165],[136.9096383,35.1642888]]}},{"type":"Feature","properties":{"kind":"footway"},"geometry":{"type":"LineString","coordinates":[[136.9097185,35.1623961],[136.9096819,35.1625291],[136.9096727,35.1628085]]}},{"type":"Feature","properties":{"kind":"pedestrian"},"geometry":{"type":"LineString","coordinates":[[136.9096834,35.1642239],[136.9096972,35.1642385],[136.9096624,35.1642368],[136.9096353,35.1642333],[136.9096068,35.1642296],[136.9095846,35.1642217],[136.9095744,35.1642087],[136.9095711,35.164197],[136.9095696,35.1641837],[136.9095709,35.1641269],[136.909583,35.1635983],[136.9095938,35.1635795],[136.9096103,35.1635663],[136.9096268,35.1635593],[136.9096488,35.1635553],[136.9097186,35.1635595],[136.9096989,35.1635749],[136.909688,35.1640333],[136.9096834,35.1642239]]}},{"type":"Feature","properties":{"kind":"footway"},"geometry":{"type":"LineString","coordinates":[[136.9096383,35.1642888],[136.9096365,35.1642562],[136.9096353,35.1642333]]}},{"type":"Feature","properties":{"kind":"footway"},"geometry":{"type":"LineString","coordinates":[[136.9096353,35.1642333],[136.9096374,35.1641285],[136.9096393,35.1640322],[136.9096488,35.1635553]]}},{"type":"Feature","properties":{"kind":"footway"},"geometry":{"type":"LineString","coordinates":[[136.9096488,35.1635553],[136.909648,35.1635315],[136.909647,35.1635049]]}},{"type":"Feature","properties":{"kind":"pedestrian"},"geometry":{"type":"LineString","coordinates":[[136.9096981,35.1634695],[136.9097278,35.1634892],[136.9099436,35.1635008],[136.9099622,35.1635018],[136.9099844,35.163503],[136.9100836,35.1635083],[136.9101024,35.163493],[136.9100997,35.1635121],[136.9100867,35.1635228],[136.9100703,35.1635277],[136.9100496,35.1635267],[136.9099615,35.1635219],[136.909647,35.1635049],[136.9096087,35.1634959],[136.9095905,35.1634825],[136.9095821,35.1634675],[136.9096054,35.1629093],[136.9096062,35.1628918],[136.9096193,35.1628737],[136.9096343,35.1628634],[136.9096425,35.1628602],[136.9096521,35.1628587],[136.9096788,35.1628585],[136.9100943,35.1628558],[136.9101125,35.1628625],[136.9101195,35.1628706],[136.9101244,35.162892],[136.910103,35.1628809],[136.9097452,35.1628789],[136.90972,35.1628987],[136.9096981,35.1634695]]}},{"type":"Feature","properties":{"kind":"footway"},"geometry":{"type":"LineString","coordinates":[[136.909647,35.1635049],[136.9096637,35.1631664],[136.9096788,35.1628585]]}},{"type":"Feature","properties":{"kind":"footway"},"geometry":{"type":"LineString","coordinates":[[136.9096788,35.1628585],[136.9096763,35.162838],[136.9096727,35.1628085]]}},{"type":"Feature","properties":{"kind":"footway"},"geometry":{"type":"LineString","coordinates":[[136.9097185,35.1623961],[136.9097278,35.1623424]]}},{"type":"Feature","properties":{"kind":"footway"},"geometry":{"type":"LineString","coordinates":[[136.9097278,35.1623424],[136.9097321,35.1622752],[136.9097361,35.1622123]]}},{"type":"Feature","properties":{"kind":"footway"},"geometry":{"type":"LineString","coordinates":[[136.9097361,35.1622123],[136.9097428,35.1621444],[136.9097775,35.1617884],[136.9097844,35.1617183]]}},{"type":"Feature","properties":{"kind":"footway"},"geometry":{"type":"LineString","coordinates":[[136.9097844,35.1617183],[136.9097825,35.1616508],[136.9097807,35.1615874]]}},{"type":"Feature","properties":{"kind":"footway"},"geometry":{"type":"LineString","coordinates":[[136.9097807,35.1615874],[136.9097783,35.1615584]]}},{"type":"Feature","properties":{"kind":"footway"},"geometry":{"type":"LineString","coordinates":[[136.909447,35.1624306],[136.909444,35.1623945],[136.9094423,35.1623736]]}},{"type":"Feature","properties":{"kind":"footway"},"geometry":{"type":"LineString","coordinates":[[136.9094423,35.1623736],[136.9094367,35.1623073],[136.9094312,35.1622436]]}},{"type":"Feature","properties":{"kind":"footway"},"geometry":{"type":"LineString","coordinates":[[136.9094312,35.1622436],[136.9094366,35.1621974],[136.9094408,35.162161],[136.9094814,35.1618133],[136.9094838,35.1617924],[136.9094602,35.1617589]]}},{"type":"Feature","properties":{"kind":"footway"},"geometry":{"type":"LineString","coordinates":[[136.9094602,35.1617589],[136.9094765,35.1616816],[136.9094885,35.1616245]]}},{"type":"Feature","properties":{"kind":"footway"},"geometry":{"type":"LineString","coordinates":[[136.9094885,35.1616245],[136.9094941,35.161598]]}},{"type":"Feature","properties":{"kind":"footway"},"geometry":{"type":"LineString","coordinates":[[136.9094814,35.1618133],[136.9095606,35.1618066]]}},{"type":"Feature","properties":{"kind":"footway"},"geometry":{"type":"LineString","coordinates":[[136.9095606,35.1618066],[136.9096449,35.1617996],[136.9097019,35.1617948]]}},{"type":"Feature","properties":{"kind":"footway"},"geometry":{"type":"LineString","coordinates":[[136.9097019,35.1617948],[136.9097775,35.1617884]]}},{"type":"Feature","properties":{"kind":"footway"},"geometry":{"type":"LineString","coordinates":[[136.9094408,35.162161],[136.9095275,35.1621562]]}},{"type":"Feature","properties":{"kind":"footway"},"geometry":{"type":"LineString","coordinates":[[136.9095275,35.1621562],[136.909596,35.1621525],[136.9096746,35.1621482]]}},{"type":"Feature","properties":{"kind":"footway"},"geometry":{"type":"LineString","coordinates":[[136.9096746,35.1621482],[136.9097428,35.1621444]]}},{"type":"Feature","properties":{"kind":"footway"},"geometry":{"type":"LineString","coordinates":[[136.906605,35.1627363],[136.9065165,35.162745],[136.9057613,35.1627579],[136.9055573,35.1627614],[136.9055306,35.1627619]]}},{"type":"Feature","properties":{"kind":"footway"},"geometry":{"type":"LineString","coordinates":[[136.9042833,35.1636158],[136.9043061,35.1636267],[136.9042714,35.1636302],[136.9042488,35.1636307],[136.9042415,35.16363],[136.9042326,35.1636248],[136.9042267,35.1636191],[136.9042209,35.1636097],[136.9042161,35.1635984],[136.9040254,35.1628019],[136.9040242,35.1627925],[136.9040232,35.1627824],[136.9040233,35.1627697],[136.9040248,35.1627591],[136.9040268,35.1627529],[136.9040325,35.1627444],[136.9040449,35.1627314],[136.9040559,35.1627253],[136.9040658,35.1627215],[136.9040881,35.1627211],[136.9053772,35.1626978],[136.9053913,35.1626991],[136.9054163,35.1627043],[136.9054352,35.1627164],[136.9054437,35.1627258],[136.9054481,35.1627362],[136.9054546,35.1627615],[136.9056212,35.1634127],[136.9056321,35.1634555],[136.905632,35.1634689],[136.905628,35.1634802],[136.9056241,35.1634859],[136.9056105,35.1634927],[136.9055717,35.163497],[136.9055838,35.1634792],[136.9055696,35.1634214],[136.9055563,35.1633672],[136.9054235,35.1628266],[136.9053858,35.1627899],[136.9041315,35.1628092],[136.9041003,35.1628382],[136.9042833,35.1636158]]}},{"type":"Feature","properties":{"kind":"footway"},"geometry":{"type":"LineString","coordinates":[[136.9055306,35.1627619],[136.9054948,35.1627617],[136.9054546,35.1627615]]}},{"type":"Feature","properties":{"kind":"footway"},"geometry":{"type":"LineString","coordinates":[[136.9040232,35.1627824],[136.9039746,35.1627818],[136.9039218,35.1627852]]}},{"type":"Feature","properties":{"kind":"footway"},"geometry":{"type":"LineString","coordinates":[[136.9040555,35.163608],[136.9040366,35.1636303],[136.904096,35.1636229],[136.9041102,35.1636158],[136.9041157,35.1636019],[136.904117,35.1635869],[136.9039218,35.1627852],[136.9039117,35.1627488],[136.9039043,35.1627395],[136.903898,35.1627332],[136.9038875,35.1627299],[136.9038759,35.1627276],[136.9038582,35.1627264],[136.9038253,35.1627278],[136.9023243,35.1627544],[136.9023191,35.1627548],[136.9023013,35.162759],[136.9022905,35.1627661],[136.9022731,35.1627868],[136.902271,35.1627965],[136.9022729,35.1628188],[136.9022749,35.1628337],[136.9024049,35.1637888],[136.9024075,35.1637979],[136.9024124,35.1638073],[136.9024173,35.1638117],[136.9024278,35.1638159],[136.9024422,35.1638188],[136.9024485,35.1638186],[136.90247,35.1638157],[136.9024458,35.1638015],[136.9023209,35.1628742],[136.9023552,35.1628393],[136.9032497,35.1628286],[136.9038329,35.1628216],[136.9038658,35.1628396],[136.9039056,35.1629811],[136.9040555,35.163608]]}},{"type":"Feature","properties":{"kind":"footway"},"geometry":{"type":"LineString","coordinates":[[136.9038609,35.1627869],[136.9038306,35.162773],[136.9038025,35.162769],[136.9032466,35.1627808],[136.9025202,35.1627963],[136.902515,35.1628123],[136.9023253,35.1628163],[136.9022953,35.1628267],[136.9022749,35.1628337]]}},{"type":"Feature","properties":{"kind":"footway"},"geometry":{"type":"LineString","coordinates":[[136.9022749,35.1628337],[136.9022074,35.1628344],[136.902133,35.1628351]]}},{"type":"Feature","properties":{"kind":"footway"},"geometry":{"type":"LineString","coordinates":[[136.9018093,35.1628375],[136.9017878,35.1628538],[136.9017866,35.1628037],[136.9017902,35.1627867],[136.901797,35.1627776],[136.9018046,35.1627701],[136.9018135,35.1627632],[136.9018272,35.1627584],[136.9020499,35.1627606],[136.902064,35.1627617],[136.9020827,35.1627671],[136.9020971,35.1627747],[136.9021078,35.1627838],[136.9021185,35.1627944],[136.9021259,35.1628056],[136.9021319,35.1628258],[136.902133,35.1628351],[136.9021346,35.1628493],[136.9021387,35.1628763],[136.9022161,35.1634755],[136.9022554,35.1637796],[136.9022542,35.1637931],[136.9022453,35.1638019],[136.902228,35.1638061],[136.9021987,35.1638083],[136.9022223,35.1637986],[136.902217,35.1637406],[136.902183,35.1634947],[136.9021808,35.1634785],[136.9021764,35.163447],[136.9020968,35.1628706],[136.9020598,35.1628415],[136.9018961,35.1628389],[136.9018093,35.1628375]]}},{"type":"Feature","properties":{"kind":"footway"},"geometry":{"type":"LineString","coordinates":[[136.9020899,35.1628167],[136.9020534,35.162801],[136.9018232,35.1627993],[136.9017866,35.1628037]]}},{"type":"Feature","properties":{"kind":"footway"},"geometry":{"type":"LineString","coordinates":[[136.9017866,35.1628037],[136.9017466,35.162804],[136.9016966,35.1628045]]}},{"type":"Feature","properties":{"kind":"footway"},"geometry":{"type":"LineString","coordinates":[[136.9020534,35.162801],[136.9020499,35.1627606]]}},{"type":"Feature","properties":{"kind":"footway"},"geometry":{"type":"LineString","coordinates":[[136.9020499,35.1627606],[136.902043,35.1626887],[136.9020369,35.1626243]]}},{"type":"Feature","properties":{"kind":"footway"},"geometry":{"type":"LineString","coordinates":[[136.9020369,35.1626243],[136.9020299,35.1625733],[136.9019875,35.1622686],[136.9019799,35.1622146],[136.9019628,35.1621947],[136.9019604,35.1621649]]}},{"type":"Feature","properties":{"kind":"footway"},"geometry":{"type":"LineString","coordinates":[[136.9019604,35.1621649],[136.9019617,35.1620841],[136.9019626,35.162031]]}},{"type":"Feature","properties":{"kind":"footway"},"geometry":{"type":"LineString","coordinates":[[136.9018645,35.162273],[136.9019875,35.1622686]]}},{"type":"Feature","properties":{"kind":"footway"},"geometry":{"type":"LineString","coordinates":[[136.9019626,35.162031],[136.9019599,35.1619812]]}},{"type":"Feature","properties":{"kind":"footway"},"geometry":{"type":"LineString","coordinates":[[136.9091814,35.1699287],[136.9091765,35.1699788],[136.9091624,35.1701251],[136.9091572,35.1701786]]}},{"type":"Feature","properties":{"kind":"footway"},"geometry":{"type":"LineString","coordinates":[[136.9091814,35.1699287],[136.9091843,35.1698943]]}},{"type":"Feature","properties":{"kind":"footway"},"geometry":{"type":"LineString","coordinates":[[136.9091572,35.1701786],[136.9091512,35.1702122],[136.9091389,35.1702406],[136.9091276,35.1703655],[136.909112,35.1705095],[136.909081,35.1707945],[136.9090455,35.1711204],[136.9090379,35.1711905],[136.9089839,35.1716878],[136.9089782,35.1717403],[136.9089895,35.1717623],[136.9089886,35.1717773]]}},{"type":"Feature","properties":{"kind":"footway"},"geometry":{"type":"LineString","coordinates":[[136.9091276,35.1703655],[136.9091028,35.1703641],[136.9090753,35.1703626]]}},{"type":"Feature","properties":{"kind":"footway"},"geometry":{"type":"LineString","coordinates":[[136.9090753,35.1703626],[136.9089896,35.1703443],[136.9089225,35.17033]]}},{"type":"Feature","properties":{"kind":"footway"},"geometry":{"type":"LineString","coordinates":[[136.9089225,35.17033],[136.9088354,35.1702745],[136.9086237,35.1702628],[136.9084498,35.1702532],[136.9084389,35.1702526],[136.9082787,35.1702438],[136.908215,35.1702668],[136.9081683,35.1702843]]}},{"type":"Feature","properties":{"kind":"footway"},"geometry":{"type":"LineString","coordinates":[[136.9088354,35.1702745],[136.9088394,35.1702223]]}},{"type":"Feature","properties":{"kind":"footway"},"geometry":{"type":"LineString","coordinates":[[136.9088394,35.1702223],[136.9088469,35.1701049],[136.9088494,35.1700667]]}},{"type":"Feature","properties":{"kind":"footway"},"geometry":{"type":"LineString","coordinates":[[136.9088494,35.1700667],[136.9088592,35.1699968]]}},{"type":"Feature","properties":{"kind":"footway"},"geometry":{"type":"LineString","coordinates":[[136.9088592,35.1699968],[136.9088635,35.1699594],[136.9088723,35.1698845]]}},{"type":"Feature","properties":{"kind":"footway"},"geometry":{"type":"LineString","coordinates":[[136.9088723,35.1698845],[136.9088704,35.1698179]]}},{"type":"Feature","properties":{"kind":"footway"},"geometry":{"type":"LineString","coordinates":[[136.9083021,35.1697853],[136.9083019,35.1698489]]}},{"type":"Feature","properties":{"kind":"footway"},"geometry":{"type":"LineString","coordinates":[[136.9083019,35.1698489],[136.9082993,35.1699231],[136.908298,35.1699592]]}},{"type":"Feature","properties":{"kind":"footway"},"geometry":{"type":"LineString","coordinates":[[136.908298,35.1699592],[136.9082936,35.1700316]]}},{"type":"Feature","properties":{"kind":"footway"},"geometry":{"type":"LineString","coordinates":[[136.9082936,35.1700316],[136.9082913,35.1700654],[136.9082831,35.1701899]]}},{"type":"Feature","properties":{"kind":"footway"},"geometry":{"type":"LineString","coordinates":[[136.9082787,35.1702438],[136.9082831,35.1701899]]}},{"type":"Feature","properties":{"kind":"footway"},"geometry":{"type":"LineString","coordinates":[[136.9081683,35.1702843],[136.9080968,35.1702817],[136.9080393,35.1702797]]}},{"type":"Feature","properties":{"kind":"footway"},"geometry":{"type":"LineString","coordinates":[[136.9101513,35.1737053],[136.9100807,35.1736999],[136.9090877,35.1736124],[136.9089549,35.1736045],[136.9088777,35.1736165],[136.9088005,35.1735302],[136.9088151,35.1733331],[136.9088268,35.1731598],[136.9088421,35.1729323],[136.9088449,35.1728908],[136.9088507,35.1728348]]}},{"type":"Feature","properties":{"kind":"footway"},"geometry":{"type":"LineString","coordinates":[[136.9078999,35.1728327],[136.9079107,35.1728332],[136.9079193,35.1727534],[136.9081176,35.1727619],[136.9081507,35.1727758],[136.9081762,35.1727866]]}},{"type":"Feature","properties":{"kind":"footway"},"geometry":{"type":"LineString","coordinates":[[136.9077781,35.172827],[136.9078269,35.1728293],[136.9078999,35.1728327]]}},{"type":"Feature","properties":{"kind":"footway"},"geometry":{"type":"LineString","coordinates":[[136.9052364,35.1728683],[136.9052503,35.1728679],[136.9052524,35.1728676],[136.9052555,35.1728668],[136.9052678,35.1728631],[136.9052773,35.1728587],[136.9052854,35.1728476],[136.9052905,35.1728346],[136.9053049,35.1726304],[136.9053044,35.1726175],[136.9052992,35.1726015],[136.9052906,35.1725923],[136.9052782,35.1725847],[136.9052551,35.1725774],[136.9052386,35.172575],[136.9050424,35.1725616],[136.9050327,35.1725617],[136.9050261,35.1725625],[136.9050151,35.1725665],[136.9050072,35.1725774],[136.905006,35.1725858],[136.9050032,35.172601],[136.90523,35.1726169],[136.9052584,35.1726536],[136.9052364,35.1728683]]}},{"type":"Feature","properties":{"kind":"footway"},"geometry":{"type":"LineString","coordinates":[[136.9049643,35.1725984],[136.9049653,35.1725834],[136.9049649,35.1725798],[136.9049633,35.1725695],[136.9049574,35.1725635],[136.9049498,35.1725593],[136.9049389,35.1725551],[136.9049348,35.1725539],[136.9049234,35.1725529],[136.9043187,35.1725144],[136.9043079,35.1725139],[136.9042795,35.1725146],[136.9042625,35.1725181],[136.9042468,35.1725252],[136.9042353,35.1725355],[136.9042273,35.1725477],[136.9042233,35.1725584],[136.9042207,35.1725653],[136.9042153,35.1725837],[136.9041504,35.1732405],[136.9041474,35.1732681],[136.9041463,35.1732787],[136.904148,35.1732992],[136.9041524,35.1733107],[136.9041537,35.1733149],[136.9041599,35.1733224],[136.9041659,35.1733283],[136.9041826,35.1733366],[136.904199,35.1733429],[136.904319,35.1733509],[136.9043645,35.1733547],[136.9048061,35.1733825],[136.904849,35.1733854],[136.9051584,35.1734054],[136.9051687,35.1734058],[136.9051881,35.1734018],[136.9052022,35.1733967],[136.9052165,35.1733848],[136.9052244,35.1733699],[136.9052259,35.1733616],[136.9052723,35.1729683],[136.9052751,35.1729446],[136.9052757,35.1729384],[136.9052744,35.1729246],[136.9052701,35.1729136],[136.9052549,35.1729045],[136.9052501,35.1729037],[136.9052326,35.1729013],[136.9051914,35.1733056],[136.9051671,35.1733154],[136.9051373,35.1733292],[136.9042907,35.1732788],[136.9042399,35.1732758],[136.9042113,35.173241],[136.9042278,35.1730835],[136.9042806,35.1725795],[136.9043164,35.1725544],[136.9049643,35.1725984]]}},{"type":"Feature","properties":{"kind":"footway"},"geometry":{"type":"LineString","coordinates":[[136.8995044,35.1730324],[136.8995053,35.173016],[136.8995085,35.1729907]]}},{"type":"Feature","properties":{"kind":"footway"},"geometry":{"type":"LineString","coordinates":[[136.9088507,35.1728348],[136.9088549,35.1727983],[136.9088587,35.1727647]]}},{"type":"Feature","properties":{"kind":"footway"},"geometry":{"type":"LineString","coordinates":[[136.9088587,35.1727647],[136.9088563,35.1726974],[136.9088587,35.1726779],[136.9089537,35.1719142],[136.9089764,35.1718954]]}},{"type":"Feature","properties":{"kind":"footway"},"geometry":{"type":"LineString","coordinates":[[136.9089764,35.1718954],[136.9089803,35.1718571],[136.9089859,35.1718032],[136.9089886,35.1717773]]}},{"type":"Feature","properties":{"kind":"footway"},"geometry":{"type":"LineString","coordinates":[[136.9079532,35.1701427],[136.9079539,35.1700906]]}},{"type":"Feature","properties":{"kind":"footway"},"geometry":{"type":"LineString","coordinates":[[136.9079539,35.1700906],[136.9079563,35.1700418],[136.9079654,35.1699043],[136.9079706,35.1698431]]}},{"type":"Feature","properties":{"kind":"footway"},"geometry":{"type":"LineString","coordinates":[[136.9079706,35.1698431],[136.9079795,35.1698248]]}},{"type":"Feature","properties":{"kind":"footway"},"geometry":{"type":"LineString","coordinates":[[136.9076688,35.1727577],[136.9076708,35.172738]]}},{"type":"Feature","properties":{"kind":"footway"},"geometry":{"type":"LineString","coordinates":[[136.9076708,35.172738],[136.9076742,35.1727076],[136.907677,35.1726826]]}},{"type":"Feature","properties":{"kind":"footway"},"geometry":{"type":"LineString","coordinates":[[136.907677,35.1726826],[136.907679,35.1726661]]}},{"type":"Feature","properties":{"kind":"footway"},"geometry":{"type":"LineString","coordinates":[[136.9077859,35.1718331],[136.9077869,35.1718069]]}},{"type":"Feature","properties":{"kind":"footway"},"geometry":{"type":"LineString","coordinates":[[136.9077869,35.1718069],[136.9077881,35.1717704],[136.9077893,35.171732]]}},{"type":"Feature","properties":{"kind":"footway"},"geometry":{"type":"LineString","coordinates":[[136.9077893,35.171732],[136.9077928,35.1717]]}},{"type":"Feature","properties":{"kind":"footway"},"geometry":{"type":"LineString","coordinates":[[136.9078714,35.170916],[136.9078806,35.1708699]]}},{"type":"Feature","properties":{"kind":"footway"},"geometry":{"type":"LineString","coordinates":[[136.9078806,35.1708699],[136.9078832,35.1708402],[136.9078854,35.1708151]]}},{"type":"Feature","properties":{"kind":"footway"},"geometry":{"type":"LineString","coordinates":[[136.9078854,35.1708151],[136.9078796,35.1707847]]}},{"type":"Feature","properties":{"kind":"footway"},"geometry":{"type":"LineString","coordinates":[[136.9066032,35.1700438],[136.9065622,35.1700444],[136.9057253,35.1699652],[136.905697,35.169976],[136.9056704,35.1699862]]}},{"type":"Feature","properties":{"kind":"footway"},"geometry":{"type":"LineString","coordinates":[[136.9066032,35.1700438],[136.9066933,35.1700513],[136.9068679,35.1700658],[136.9069373,35.1700716]]}},{"type":"Feature","properties":{"kind":"footway"},"geometry":{"type":"LineString","coordinates":[[136.9065186,35.1690127],[136.9065285,35.1689649]]}},{"type":"Feature","properties":{"kind":"footway"},"geometry":{"type":"LineString","coordinates":[[136.9065285,35.1689649],[136.9065329,35.1689191],[136.9065419,35.1688189],[136.9065483,35.1687469]]}},{"type":"Feature","properties":{"kind":"footway"},"geometry":{"type":"LineString","coordinates":[[136.9055573,35.1627614],[136.9056216,35.1630084],[136.9056501,35.163118],[136.9057415,35.1634696]]}},{"type":"Feature","properties":{"kind":"footway"},"geometry":{"type":"LineString","coordinates":[[136.9057415,35.1634696],[136.9057498,35.1635003],[136.9057561,35.1635235]]}},{"type":"Feature","properties":{"kind":"footway"},"geometry":{"type":"LineString","coordinates":[[136.9057561,35.1635235],[136.9057735,35.1635349]]}},{"type":"Feature","properties":{"kind":"footway"},"geometry":{"type":"LineString","coordinates":[[136.8973235,35.1585166],[136.8973254,35.1584864],[136.8973323,35.1584707],[136.8973436,35.1584603],[136.8973612,35.1584535],[136.8979635,35.158342],[136.8979906,35.1583382],[136.898082,35.1583212],[136.8981152,35.1583167],[136.8981424,35.1583166],[136.8981686,35.1583213],[136.8981877,35.158327],[136.8982068,35.1583378],[136.8982243,35.158353],[136.8982378,35.1583706],[136.8982456,35.1583911],[136.8982473,35.158421],[136.8982339,35.1585788],[136.8981807,35.1588529],[136.8981746,35.1588701],[136.898163,35.1588866],[136.8981449,35.1588993],[136.8981213,35.1589072],[136.8980988,35.1589096],[136.8981251,35.1585269],[136.8979355,35.1583802],[136.8973511,35.1584893],[136.8973235,35.1585166]]}},{"type":"Feature","properties":{"kind":"footway"},"geometry":{"type":"LineString","coordinates":[[136.8986794,35.1584609],[136.8986975,35.1584612],[136.8986543,35.1583414],[136.8986458,35.1583191],[136.8986342,35.1583185],[136.89862,35.1583272],[136.8986107,35.1583443],[136.8986101,35.1583618],[136.8985562,35.1591564],[136.8985544,35.15919],[136.8985578,35.1592101],[136.8985613,35.1592146],[136.8985696,35.1592268],[136.8985768,35.1592327],[136.8985869,35.1592411],[136.8986074,35.159251],[136.8986282,35.1592555],[136.8986551,35.1592537],[136.8986284,35.1592313],[136.8986471,35.1589337],[136.8986794,35.1584609]]}},{"type":"Feature","properties":{"kind":"footway"},"geometry":{"type":"LineString","coordinates":[[136.8985749,35.159361],[136.8985778,35.1593079],[136.8985768,35.1592327]]}},{"type":"Feature","properties":{"kind":"footway"},"geometry":{"type":"LineString","coordinates":[[136.8985768,35.1592327],[136.8986377,35.1583506]]}},{"type":"Feature","properties":{"kind":"footway"},"geometry":{"type":"LineString","coordinates":[[136.8986215,35.1593482],[136.8986167,35.1593487],[136.8985959,35.1593516],[136.8985749,35.159361],[136.898557,35.1593744],[136.8985451,35.1593921],[136.8985399,35.1594121],[136.8985332,35.1595309],[136.8985291,35.1595799],[136.8985074,35.1599234],[136.8985022,35.1600051],[136.8985014,35.1600214],[136.8985042,35.1600404],[136.8985152,35.1600569],[136.8985274,35.1600679],[136.8985312,35.1600708],[136.8985514,35.1600801],[136.8985749,35.1600837],[136.8985843,35.1599251],[136.8985951,35.159744],[136.8986108,35.1595022],[136.8986135,35.1594631],[136.8986215,35.1593482]]}},{"type":"Feature","properties":{"kind":"footway"},"geometry":{"type":"LineString","coordinates":[[136.8985233,35.1601489],[136.8985263,35.1601113],[136.8985274,35.1600679]]}},{"type":"Feature","properties":{"kind":"footway"},"geometry":{"type":"LineString","coordinates":[[136.8985274,35.1600679],[136.8985384,35.1599241],[136.8985566,35.1596859],[136.8985707,35.1595021],[136.8985749,35.159361]]}},{"type":"Feature","properties":{"kind":"footway"},"geometry":{"type":"LineString","coordinates":[[136.8985703,35.1601388],[136.8985562,35.1601391],[136.8985398,35.1601414],[136.8985233,35.1601489],[136.8985186,35.1601504],[136.8985018,35.1601632],[136.898489,35.1601809],[136.8984843,35.1601979],[136.8984774,35.1603049],[136.8984777,35.1603185],[136.8984824,35.1603368],[136.8984934,35.1603542],[136.8985093,35.1603657],[136.8985321,35.1603746],[136.8985552,35.1603779],[136.8985703,35.1601388]]}},{"type":"Feature","properties":{"kind":"footway"},"geometry":{"type":"LineString","coordinates":[[136.8985041,35.1604433],[136.8985094,35.1604076],[136.8985093,35.1603657]]}},{"type":"Feature","properties":{"kind":"footway"},"geometry":{"type":"LineString","coordinates":[[136.8985093,35.1603657],[136.8985149,35.1602793],[136.8985233,35.1601489]]}},{"type":"Feature","properties":{"kind":"footway"},"geometry":{"type":"LineString","coordinates":[[136.8985513,35.1604337],[136.8985273,35.1604354],[136.8985041,35.1604433],[136.8984855,35.1604561],[136.8984726,35.1604729],[136.8984654,35.1604896],[136.8984513,35.1607082],[136.8984566,35.1607315],[136.8984689,35.1607483],[136.8984823,35.1607593],[136.8984856,35.1607619],[136.8985078,35.1607711],[136.8985304,35.1607748],[136.898554,35.1607727],[136.8985317,35.1607563],[136.8985513,35.1604337]]}},{"type":"Feature","properties":{"kind":"footway"},"geometry":{"type":"LineString","coordinates":[[136.8984823,35.1607593],[136.8984859,35.1607065],[136.898494,35.1605887],[136.8985041,35.1604433]]}},{"type":"Feature","properties":{"kind":"footway"},"geometry":{"type":"LineString","coordinates":[[136.8984761,35.1608761],[136.8984777,35.1608262],[136.8984823,35.1607593]]}},{"type":"Feature","properties":{"kind":"footway"},"geometry":{"type":"LineString","coordinates":[[136.8984492,35.1613519],[136.8984659,35.160984],[136.8984761,35.1608761]]}},{"type":"Feature","properties":{"kind":"footway"},"geometry":{"type":"LineString","coordinates":[[136.8984448,35.1614544],[136.8984468,35.1614106],[136.8984492,35.1613519]]}},{"type":"Feature","properties":{"kind":"footway"},"geometry":{"type":"LineString","coordinates":[[136.8984939,35.1613534],[136.8985125,35.1613715],[136.898488,35.1613698],[136.8984644,35.1613617],[136.8984492,35.1613519],[136.8984443,35.1613491],[136.8984291,35.1613312],[136.8984213,35.161313],[136.8984192,35.161301],[136.8984418,35.1609508],[136.8984433,35.1609285],[136.898448,35.1609086],[136.8984595,35.1608904],[136.8984761,35.1608761],[136.8984985,35.1608646],[136.8985177,35.1608601],[136.8985531,35.1608567],[136.898524,35.1608801],[136.8984939,35.1613534]]}},{"type":"Feature","properties":{"kind":"footway"},"geometry":{"type":"LineString","coordinates":[[136.8979543,35.1611805],[136.8979415,35.1611955],[136.8979615,35.1611944],[136.8979799,35.1611906],[136.8979892,35.1611867],[136.8980003,35.1611822],[136.8980188,35.1611666],[136.8980292,35.16115],[136.8980346,35.1611317],[136.8980434,35.16099],[136.8980415,35.1609644],[136.8980324,35.1609463],[136.898017,35.1609309],[136.8979978,35.1609196],[136.8979939,35.1609187],[136.8979748,35.1609135],[136.8979359,35.1609138],[136.8979692,35.1609417],[136.8979636,35.1610311],[136.8979543,35.1611805]]}},{"type":"Feature","properties":{"kind":"footway"},"geometry":{"type":"LineString","coordinates":[[136.8980072,35.1608258],[136.8979947,35.1608704],[136.8979939,35.1609187]]}},{"type":"Feature","properties":{"kind":"pedestrian"},"geometry":{"type":"LineString","coordinates":[[136.8979779,35.1608081],[136.8979504,35.1608314],[136.897993,35.1608283],[136.8980072,35.1608258],[136.8980101,35.1608253],[136.8980295,35.1608161],[136.8980477,35.1608014],[136.8980593,35.1607836],[136.8980636,35.1607666],[136.8980638,35.1607476],[136.8980863,35.1604058],[136.8980875,35.1603881],[136.898086,35.1603677],[136.8980758,35.1603495],[136.8980657,35.1603381],[136.8980611,35.1603335],[136.8980415,35.1603224],[136.8980193,35.1603167],[136.8980018,35.1603154],[136.8979753,35.1603174],[136.8980084,35.1603427],[136.8980044,35.1604039],[136.8979779,35.1608081]]}},{"type":"Feature","properties":{"kind":"footway"},"geometry":{"type":"LineString","coordinates":[[136.8980657,35.1603381],[136.8980632,35.1604052],[136.8980505,35.1605503],[136.8980399,35.160672],[136.8980225,35.1607535],[136.8980072,35.1608258]]}},{"type":"Feature","properties":{"kind":"footway"},"geometry":{"type":"LineString","coordinates":[[136.8980695,35.1602341],[136.898068,35.1602745],[136.8980657,35.1603381]]}},{"type":"Feature","properties":{"kind":"footway"},"geometry":{"type":"LineString","coordinates":[[136.8981535,35.1584046],[136.8981714,35.1585306],[136.8981449,35.1588993]]}},{"type":"Feature","properties":{"kind":"footway"},"geometry":{"type":"LineString","coordinates":[[136.8981449,35.1588993],[136.8981417,35.1589293],[136.8981369,35.1589739]]}},{"type":"Feature","properties":{"kind":"pedestrian"},"geometry":{"type":"LineString","coordinates":[[136.8980956,35.1589636],[136.8981023,35.1589635],[136.8981219,35.1589673],[136.8981369,35.1589739],[136.8981422,35.1589767],[136.8981584,35.1589911],[136.8981667,35.1590066],[136.8981692,35.1590257],[136.8981678,35.1590469],[136.8981405,35.1594656],[136.8981373,35.1594849],[136.8981269,35.1595025],[136.89811,35.1595185],[136.8980893,35.1595288],[136.898066,35.1595347],[136.8972578,35.1596357],[136.8972527,35.1596355],[136.8972438,35.1596334],[136.8972346,35.1596251],[136.8972326,35.1596149],[136.8972532,35.1596222],[136.898036,35.1595244],[136.8980605,35.1595003],[136.8980956,35.1589636]]}},{"type":"Feature","properties":{"kind":"footway"},"geometry":{"type":"LineString","coordinates":[[136.8981369,35.1589739],[136.8980893,35.1595288]]}},{"type":"Feature","properties":{"kind":"footway"},"geometry":{"type":"LineString","coordinates":[[136.8980886,35.1596099],[136.8980868,35.1596694],[136.8980788,35.1599297],[136.8980755,35.1600383],[136.8980695,35.1602341]]}},{"type":"Feature","properties":{"kind":"footway"},"geometry":{"type":"LineString","coordinates":[[136.8980537,35.1596196],[136.8980165,35.1595993],[136.8980418,35.1595972],[136.8980664,35.1596018],[136.8980886,35.1596099],[136.8981076,35.1596244],[136.8981211,35.1596412],[136.8981275,35.1596606],[136.8981272,35.1596833],[136.8981112,35.1599304],[136.8980942,35.160193],[136.8980877,35.1602124],[136.898076,35.1602288],[136.8980695,35.1602341],[136.8980579,35.1602442],[136.898037,35.1602525],[136.898012,35.1602571],[136.8972037,35.1603003],[136.8971981,35.1602999],[136.8971852,35.1602945],[136.8971767,35.1602854],[136.8971756,35.1602748],[136.8971922,35.1602873],[136.8979916,35.1602448],[136.8980151,35.1602303],[136.8980342,35.1599287],[136.8980537,35.1596196]]}},{"type":"Feature","properties":{"kind":"footway"},"geometry":{"type":"LineString","coordinates":[[136.9021741,35.1619611],[136.9020904,35.1614056],[136.90209,35.1613192]]}},{"type":"Feature","properties":{"kind":"footway"},"geometry":{"type":"LineString","coordinates":[[136.90209,35.1613192],[136.9020874,35.161281],[136.9020847,35.1612422]]}},{"type":"Feature","properties":{"kind":"footway"},"geometry":{"type":"LineString","coordinates":[[136.9020984,35.1612241],[136.9021246,35.1612384],[136.9020847,35.1612422],[136.9020652,35.1612428],[136.9020547,35.1612376],[136.9020472,35.1612303],[136.9020436,35.1612252],[136.9020332,35.1611438],[136.9019702,35.1606605],[136.9019765,35.1606471],[136.9019783,35.1606438],[136.9019837,35.1606386],[136.9019928,35.1606335],[136.9020047,35.160631],[136.9020178,35.1606291],[136.9030333,35.1605288],[136.903056,35.1605291],[136.903061,35.1605321],[136.9030654,35.1605395],[136.9030668,35.1605449],[136.9030677,35.1605637],[136.9030382,35.1605458],[136.9030225,35.1605474],[136.9020445,35.1606419],[136.9020237,35.1606667],[136.9020984,35.1612241]]}},{"type":"Feature","properties":{"kind":"footway"},"geometry":{"type":"LineString","coordinates":[[136.9020058,35.1606465],[136.9020051,35.1606707],[136.9020734,35.1612237],[136.9020847,35.1612422]]}},{"type":"Feature","properties":{"kind":"footway"},"geometry":{"type":"LineString","coordinates":[[136.9019555,35.1602384],[136.901937,35.1602403],[136.9019245,35.1602457],[136.9019163,35.1602516],[136.9019087,35.1602603],[136.9019069,35.1602665],[136.9019065,35.1602718],[136.9019071,35.1602772],[136.9019092,35.1602869],[136.9019495,35.1605095],[136.9019574,35.1605528],[136.9019633,35.1605662],[136.9019809,35.1605776],[136.9019957,35.16058],[136.9020027,35.1605817],[136.9020156,35.1605817],[136.9020247,35.1605815],[136.9023502,35.1605469],[136.9030246,35.1604779],[136.9030505,35.1604741],[136.9030545,35.1604727],[136.9030558,35.160471],[136.9030572,35.1604675],[136.9030585,35.1604606],[136.9030566,35.1604465],[136.9030446,35.1604621],[136.9030136,35.1604655],[136.9021858,35.1605481],[136.9020366,35.1605628],[136.9020111,35.1605467],[136.9019555,35.1602384]]}},{"type":"Feature","properties":{"kind":"footway"},"geometry":{"type":"LineString","coordinates":[[136.9019957,35.16058],[136.9019815,35.1605066],[136.9019495,35.1605095]]}},{"type":"Feature","properties":{"kind":"footway"},"geometry":{"type":"LineString","coordinates":[[136.9019815,35.1605066],[136.9019245,35.1602457]]}},{"type":"Feature","properties":{"kind":"footway"},"geometry":{"type":"LineString","coordinates":[[136.9019245,35.1602457],[136.9019225,35.1602119],[136.9019208,35.1601836]]}},{"type":"Feature","properties":{"kind":"footway"},"geometry":{"type":"LineString","coordinates":[[136.9019457,35.1601814],[136.9019275,35.1601836],[136.9019208,35.1601836],[136.9019085,35.1601806],[136.9019026,35.160176],[136.9019004,35.160166],[136.9018534,35.1599156],[136.9018176,35.1597251],[136.9018169,35.1597114],[136.9018232,35.1597039],[136.901827,35.1596983],[136.9018385,35.1596933],[136.9018786,35.1596821],[136.9018585,35.1597045],[136.9018961,35.1599103],[136.9019457,35.1601814]]}},{"type":"Feature","properties":{"kind":"footway"},"geometry":{"type":"LineString","coordinates":[[136.9018385,35.1596933],[136.9018754,35.1599129],[136.9019208,35.1601836]]}},{"type":"Feature","properties":{"kind":"footway"},"geometry":{"type":"LineString","coordinates":[[136.9018385,35.1596933],[136.9018269,35.1596221],[136.90182,35.1595795]]}},{"type":"Feature","properties":{"kind":"footway"},"geometry":{"type":"LineString","coordinates":[[136.9018327,35.1595608],[136.9018592,35.1595767],[136.9018333,35.1595793],[136.90182,35.1595795],[136.9017961,35.1595713],[136.9017877,35.1595604],[136.9017845,35.1595528],[136.901734,35.1592865],[136.9017192,35.159223],[136.9017195,35.1592105],[136.9017258,35.159202],[136.9017353,35.1591947],[136.9017887,35.1591866],[136.9017691,35.1592068],[136.9018327,35.1595608]]}},{"type":"Feature","properties":{"kind":"footway"},"geometry":{"type":"LineString","coordinates":[[136.9017353,35.1591947],[136.90182,35.1595795]]}},{"type":"Feature","properties":{"kind":"footway"},"geometry":{"type":"LineString","coordinates":[[136.9017353,35.1591947],[136.9017295,35.1591526],[136.9017251,35.1591206]]}},{"type":"Feature","properties":{"kind":"footway"},"geometry":{"type":"LineString","coordinates":[[136.9017465,35.1590992],[136.9017734,35.1591142],[136.9017251,35.1591206],[136.9017124,35.1591195],[136.9017035,35.1591178],[136.9016973,35.1591134],[136.9016912,35.1591029],[136.9016898,35.1590962],[136.9016081,35.1587453],[136.9016045,35.1587304],[136.901605,35.1587234],[136.901612,35.1587158],[136.9016182,35.1587091],[136.9016719,35.1586964],[136.9016575,35.15872],[136.9017465,35.1590992]]}},{"type":"Feature","properties":{"kind":"footway"},"geometry":{"type":"LineString","coordinates":[[136.9016182,35.1587091],[136.901626,35.1587392],[136.9017251,35.1591206]]}},{"type":"Feature","properties":{"kind":"footway"},"geometry":{"type":"LineString","coordinates":[[136.9016081,35.1587453],[136.901626,35.1587392]]}},{"type":"Feature","properties":{"kind":"footway"},"geometry":{"type":"LineString","coordinates":[[136.9016182,35.1587091],[136.9016106,35.158665],[136.9016033,35.1586224]]}},{"type":"Feature","properties":{"kind":"footway"},"geometry":{"type":"LineString","coordinates":[[136.9016287,35.1586009],[136.9016556,35.1586153],[136.9016203,35.1586208],[136.9016093,35.1586224],[136.9016033,35.1586224],[136.901595,35.1586212],[136.9015846,35.1586168],[136.9015784,35.1586112],[136.9015753,35.1586067],[136.9015714,35.1585981],[136.9014903,35.1582896],[136.9014893,35.1582778],[136.9014928,35.1582686],[136.9014995,35.158263],[136.9015063,35.1582596],[136.9015377,35.1582534],[136.9016287,35.1586009]]}},{"type":"Feature","properties":{"kind":"footway"},"geometry":{"type":"LineString","coordinates":[[136.9015063,35.1582596],[136.9015972,35.1585997],[136.9016033,35.1586224]]}},{"type":"Feature","properties":{"kind":"footway"},"geometry":{"type":"LineString","coordinates":[[136.9015753,35.1586067],[136.9015972,35.1585997]]}},{"type":"Feature","properties":{"kind":"footway"},"geometry":{"type":"LineString","coordinates":[[136.898107,35.1649196],[136.8981041,35.1649455],[136.8981174,35.1649559]]}},{"type":"Feature","properties":{"kind":"footway"},"geometry":{"type":"LineString","coordinates":[[136.9062001,35.1651077],[136.9061492,35.1651013],[136.9061304,35.1650861],[136.9061183,35.1650676],[136.905958,35.1644323],[136.9059597,35.1644219],[136.9059654,35.1644121],[136.9059734,35.1644083],[136.905999,35.1643981],[136.9060083,35.164475],[136.9061672,35.1650885],[136.9062001,35.1651077]]}},{"type":"Feature","properties":{"kind":"footway"},"geometry":{"type":"LineString","coordinates":[[136.9061497,35.1651683],[136.9061057,35.1656626],[136.9060861,35.1658833],[136.9061451,35.1659238],[136.9069973,35.1660036],[136.9070734,35.1659981]]}},{"type":"Feature","properties":{"kind":"footway"},"geometry":{"type":"LineString","coordinates":[[136.9061492,35.1651013],[136.9061494,35.1651267],[136.9061497,35.1651683]]}},{"type":"Feature","properties":{"kind":"footway"},"geometry":{"type":"LineString","coordinates":[[136.9059734,35.1644083],[136.9061492,35.1651013]]}},{"type":"Feature","properties":{"kind":"footway"},"geometry":{"type":"LineString","coordinates":[[136.9059536,35.1643345],[136.9059629,35.164369],[136.9059734,35.1644083]]}},{"type":"Feature","properties":{"kind":"footway"},"geometry":{"type":"LineString","coordinates":[[136.9068127,35.1585433],[136.9068099,35.1585231]]}},{"type":"Feature","properties":{"kind":"footway"},"geometry":{"type":"LineString","coordinates":[[136.9068099,35.1585231],[136.9068064,35.1584975],[136.9068029,35.1584725]]}},{"type":"Feature","properties":{"kind":"footway"},"geometry":{"type":"LineString","coordinates":[[136.9068371,35.158602],[136.906861,35.1585989]]}},{"type":"Feature","properties":{"kind":"footway"},"geometry":{"type":"LineString","coordinates":[[136.906861,35.1585989],[136.9069255,35.1585904],[136.9071032,35.1585672],[136.9071632,35.1585593]]}},{"type":"Feature","properties":{"kind":"footway"},"geometry":{"type":"LineString","coordinates":[[136.9071632,35.1585593],[136.9071938,35.1585553]]}},{"type":"Feature","properties":{"kind":"footway"},"geometry":{"type":"LineString","coordinates":[[136.9091216,35.1596019],[136.9091466,35.1595659],[136.9091482,35.1595936],[136.9091475,35.1596073],[136.9091431,35.1596182],[136.9091338,35.1596236],[136.9091163,35.1596299],[136.9091075,35.1596323],[136.9089198,35.1596679],[136.9089123,35.1596836],[136.908676,35.1597284],[136.9086571,35.1597186],[136.9084023,35.1597665],[136.9083958,35.1597781],[136.9083634,35.1597842],[136.908351,35.1597754],[136.9081614,35.1598105],[136.9081384,35.1598122],[136.9081274,35.1598092],[136.908119,35.1598056],[136.908112,35.1597996],[136.9081048,35.1597821],[136.9081021,35.1597745],[136.9078838,35.1584756],[136.9078833,35.1584574],[136.9078885,35.1584474],[136.9078961,35.1584417],[136.9079104,35.1584386],[136.9079201,35.158438],[136.9080946,35.158425],[136.9089795,35.1583579],[136.9089991,35.1583566],[136.90901,35.1583574],[136.9090177,35.1583616],[136.909021,35.1583699],[136.9090232,35.1584071],[136.9089897,35.1583838],[136.9079285,35.1584582],[136.9079117,35.1584793],[136.908137,35.1597693],[136.9081641,35.1597859],[136.9091216,35.1596019]]}},{"type":"Feature","properties":{"kind":"footway"},"geometry":{"type":"LineString","coordinates":[[136.9081215,35.1597794],[136.9080553,35.1594117],[136.9078961,35.1584745],[136.9079205,35.1584487],[136.909021,35.1583699]]}},{"type":"Feature","properties":{"kind":"footway"},"geometry":{"type":"LineString","coordinates":[[136.9090744,35.1583859],[136.9090765,35.1583652],[136.9090775,35.1583514],[136.9090876,35.1583485],[136.9092686,35.1583395],[136.9092744,35.1583392],[136.909296,35.1583381],[136.9093097,35.1583498],[136.9093163,35.1583668],[136.9093182,35.1583853],[136.9094358,35.159521],[136.9094345,35.1595395],[136.9094337,35.1595521],[136.9094073,35.159574],[136.9093991,35.1595771],[136.9093915,35.15958],[136.9092325,35.1596082],[136.9092157,35.1596082],[136.9092033,35.159602],[136.9091911,35.1595891],[136.9091862,35.1595638],[136.9092063,35.1595833],[136.9093694,35.159558],[136.9093928,35.1595397],[136.909265,35.1583753],[136.9092489,35.1583616],[136.9091135,35.1583638],[136.9090744,35.1583859]]}},{"type":"Feature","properties":{"kind":"footway"},"geometry":{"type":"LineString","coordinates":[[136.9093991,35.1595771],[136.909406,35.1595625],[136.9094036,35.1595398],[136.9092812,35.1583876],[136.9092772,35.15835],[136.9092686,35.1583395]]}},{"type":"Feature","properties":{"kind":"footway"},"geometry":{"type":"LineString","coordinates":[[136.9101734,35.1594911],[136.9101757,35.1595102],[136.9098189,35.1595378],[136.9098167,35.1595194],[136.9101734,35.1594911]]}},{"type":"Feature","properties":{"kind":"footway"},"geometry":{"type":"LineString","coordinates":[[136.9104603,35.1594463],[136.9104639,35.1594764],[136.9104469,35.1594899],[136.9104356,35.1594929],[136.9101757,35.1595102],[136.9101734,35.1594911],[136.9104143,35.1594718],[136.9104351,35.1594538],[136.9104045,35.1591825],[136.910355,35.1587429],[136.9103043,35.1582926],[136.9102963,35.1582833],[136.9100422,35.1583016],[136.9100411,35.1582917],[136.9100397,35.1582804],[136.9101412,35.1582755],[136.9102968,35.1582644],[136.9103152,35.1582631],[136.9103274,35.158273],[136.9103268,35.1582944],[136.9103786,35.1587411],[136.9104295,35.1591804],[136.9104603,35.1594463]]}},{"type":"Feature","properties":{"kind":"footway"},"geometry":{"type":"LineString","coordinates":[[136.9098167,35.1595194],[136.9095815,35.1595322],[136.909552,35.1595135],[136.9094353,35.1583623],[136.9094514,35.1583436],[136.9096779,35.158329],[136.9096769,35.1583173],[136.9096759,35.1583066],[136.9096273,35.1583152],[136.9094363,35.1583322],[136.9094218,35.1583335],[136.9094058,35.1583416],[136.9093987,35.1583532],[136.9094016,35.1583812],[136.9095201,35.1595235],[136.9095326,35.1595385],[136.9095373,35.1595442],[136.9095543,35.1595505],[136.9095666,35.1595549],[136.9098189,35.1595378],[136.9098167,35.1595194]]}},{"type":"Feature","properties":{"kind":"footway"},"geometry":{"type":"LineString","coordinates":[[136.9106005,35.1594328],[136.9106232,35.1594501],[136.9105979,35.1594522],[136.9105734,35.1594438],[136.910558,35.1594275],[136.9104439,35.1584433],[136.9104258,35.1582874],[136.9104229,35.1582627],[136.9104212,35.1582398],[136.9104279,35.1582308],[136.9104468,35.1582197],[136.9104481,35.1582183],[136.910477,35.1582097],[136.9107107,35.1581542],[136.9107337,35.1581542],[136.9107396,35.1581608],[136.9107448,35.1581667],[136.9107517,35.1581918],[136.9107142,35.158174],[136.9104754,35.1582297],[136.9104531,35.1582526],[136.9104765,35.1584396],[136.9106005,35.1594328]]}},{"type":"Feature","properties":{"kind":"footway"},"geometry":{"type":"LineString","coordinates":[[136.9105825,35.1594436],[136.9104601,35.1584415],[136.9104411,35.1582859],[136.9104379,35.158254],[136.9104477,35.1582309]]}},{"type":"Feature","properties":{"kind":"footway"},"geometry":{"type":"LineString","coordinates":[[136.9110219,35.158881],[136.9109911,35.1588834],[136.9109812,35.1588715],[136.9108052,35.1581732],[136.9108046,35.1581498],[136.9108093,35.158138],[136.9108278,35.1581233],[136.9112777,35.1580382],[136.9112862,35.1580364],[136.9113037,35.1580331],[136.9113264,35.1580302],[136.9113439,35.1580372],[136.9113513,35.1580402],[136.9113827,35.1580563],[136.9113326,35.1580566],[136.911306,35.1580568],[136.9108552,35.158148],[136.9108278,35.1581789],[136.9108805,35.1583697],[136.9110219,35.158881]]}},{"type":"Feature","properties":{"kind":"steps"},"geometry":{"type":"LineString","coordinates":[[136.9101355,35.1703199],[136.9097354,35.1702917]]}},{"type":"Feature","properties":{"kind":"footway"},"geometry":{"type":"LineString","coordinates":[[136.9097354,35.1702917],[136.909667,35.1702885],[136.9096653,35.170261],[136.9096647,35.1702502],[136.9094701,35.1702363],[136.9091512,35.1702122]]}},{"type":"Feature","properties":{"kind":"footway"},"geometry":{"type":"LineString","coordinates":[[136.9105003,35.1699587],[136.9105504,35.1699676],[136.9105963,35.1699758]]}},{"type":"Feature","properties":{"kind":"footway"},"geometry":{"type":"LineString","coordinates":[[136.9105963,35.1699758],[136.9106162,35.1699811],[136.9106449,35.1699888],[136.9106548,35.1699914],[136.9117211,35.170065],[136.9129691,35.1701512],[136.9130252,35.1701551]]}},{"type":"Feature","properties":{"kind":"footway"},"geometry":{"type":"LineString","coordinates":[[136.9130032,35.172057],[136.9104728,35.1718904],[136.9104277,35.171823],[136.9104503,35.1715908],[136.9105673,35.1703916],[136.910585,35.1702977],[136.9106139,35.1702945],[136.9106362,35.170292],[136.9112847,35.1703382],[136.9113202,35.1703405],[136.9116707,35.1703632],[136.9117741,35.17037],[136.9128552,35.1704396],[136.9130292,35.1704508],[136.913062,35.1704529],[136.9130842,35.1704544]]}},{"type":"Feature","properties":{"kind":"motorway"},"geometry":{"type":"LineString","coordinates":[[136.919222,35.1609047],[136.9172939,35.1611185],[136.9157686,35.1612795],[136.9149534,35.1613673],[136.9088541,35.162033],[136.9074055,35.1621812],[136.9067364,35.1622329],[136.9060099,35.1622734],[136.9029748,35.162329],[136.9001713,35.1623308],[136.8973697,35.162308],[136.8930751,35.162262],[136.8929284,35.16226],[136.8920167,35.1622434],[136.891552,35.1622157],[136.8911821,35.1621777],[136.8906903,35.1621024]]}},{"type":"Feature","properties":{"kind":"unclassified"},"geometry":{"type":"LineString","coordinates":[[136.9095498,35.1658313],[136.9101438,35.1658612],[136.910658,35.1658871],[136.9108931,35.165899],[136.9114758,35.1659337],[136.9118877,35.1659583],[136.9121796,35.1659718],[136.9126554,35.1659938],[136.913212,35.1660282],[136.9133775,35.1660384],[136.9140722,35.1660755],[136.9143127,35.1660872],[136.9143629,35.1660896],[136.9147337,35.1661077],[136.9148274,35.1661123],[136.9150313,35.1661155],[136.9151615,35.1661174],[136.9152524,35.1661215],[136.9155492,35.1661348],[136.9155961,35.1661369],[136.9158932,35.1661502],[136.9171692,35.16622],[136.9172762,35.1662259],[136.9181669,35.1662667],[136.9188109,35.1663115],[136.919044,35.1663237],[136.9194752,35.1663464],[136.9196198,35.166354],[136.9198322,35.1663671]]}},{"type":"Feature","properties":{"kind":"footway"},"geometry":{"type":"LineString","coordinates":[[136.9095436,35.1658635],[136.9095498,35.1658313],[136.9095564,35.1657975]]}},{"type":"Feature","properties":{"kind":"path"},"geometry":{"type":"LineString","coordinates":[[136.8994109,35.1592387],[136.8993877,35.1591703]]}},{"type":"Feature","properties":{"kind":"path"},"geometry":{"type":"LineString","coordinates":[[136.8994333,35.1593248],[136.8994109,35.1592387]]}},{"type":"Feature","properties":{"kind":"path"},"geometry":{"type":"LineString","coordinates":[[136.8992243,35.1596904],[136.8992041,35.1595003]]}},{"type":"Feature","properties":{"kind":"path"},"geometry":{"type":"LineString","coordinates":[[136.8992287,35.1597727],[136.8992243,35.1596904]]}},{"type":"Feature","properties":{"kind":"pedestrian"},"geometry":{"type":"LineString","coordinates":[[136.8998039,35.1595075],[136.8997506,35.1595106]]}},{"type":"Feature","properties":{"kind":"path"},"geometry":{"type":"LineString","coordinates":[[136.9011925,35.1598139],[136.9011457,35.1598163],[136.901071,35.1598203],[136.901015,35.1598181],[136.9009694,35.1598072],[136.9009352,35.1597754],[136.9009171,35.1597414],[136.9009144,35.1597008],[136.9009184,35.1596866]]}},{"type":"Feature","properties":{"kind":"steps"},"geometry":{"type":"LineString","coordinates":[[136.9009184,35.1596866],[136.9009881,35.1596833],[136.901029,35.159697]]}},{"type":"Feature","properties":{"kind":"steps"},"geometry":{"type":"LineString","coordinates":[[136.901071,35.1598203],[136.9010492,35.159714]]}},{"type":"Feature","properties":{"kind":"steps"},"geometry":{"type":"LineString","coordinates":[[136.9011551,35.1596291],[136.9010669,35.1596428],[136.9010384,35.1596368],[136.9010317,35.1596526],[136.9010425,35.1596926]]}},{"type":"Feature","properties":{"kind":"path"},"geometry":{"type":"LineString","coordinates":[[136.8996028,35.1597935],[136.8996588,35.1597893],[136.8996513,35.1597243]]}},{"type":"Feature","properties":{"kind":"path"},"geometry":{"type":"LineString","coordinates":[[136.8996513,35.1597243],[136.8996418,35.1596462]]}},{"type":"Feature","properties":{"kind":"path"},"geometry":{"type":"LineString","coordinates":[[136.8996418,35.1596462],[136.8996295,35.1595177]]}},{"type":"Feature","properties":{"kind":"path"},"geometry":{"type":"LineString","coordinates":[[136.9007834,35.1593213],[136.9008449,35.1593199]]}},{"type":"Feature","properties":{"kind":"path"},"geometry":{"type":"LineString","coordinates":[[136.9009191,35.1593136],[136.9009213,35.1592859]]}},{"type":"Feature","properties":{"kind":"path"},"geometry":{"type":"LineString","coordinates":[[136.9009117,35.1592866],[136.9009213,35.1592859],[136.9009419,35.1592842],[136.9009791,35.1592248]]}},{"type":"Feature","properties":{"kind":"path"},"geometry":{"type":"LineString","coordinates":[[136.9009904,35.1592238],[136.9009962,35.1592658]]}},{"type":"Feature","properties":{"kind":"path"},"geometry":{"type":"LineString","coordinates":[[136.9009576,35.1592266],[136.9009791,35.1592248],[136.9009904,35.1592238],[136.9010183,35.1592209],[136.9010549,35.1592173]]}},{"type":"Feature","properties":{"kind":"path"},"geometry":{"type":"LineString","coordinates":[[136.9008963,35.1593154],[136.9009191,35.1593136],[136.900931,35.1593126],[136.9009341,35.1593123],[136.9009373,35.1593121],[136.9009405,35.1593118],[136.9009436,35.1593116],[136.9009468,35.1593113],[136.90095,35.159311],[136.9009531,35.1593108],[136.9009563,35.1593105],[136.9009658,35.1593097],[136.9009689,35.1593095],[136.9010441,35.1593034],[136.9010814,35.1593005]]}},{"type":"Feature","properties":{"kind":"service"},"geometry":{"type":"LineString","coordinates":[[136.9005878,35.1585956],[136.9005979,35.1586334],[136.9007295,35.15861]]}},{"type":"Feature","properties":{"kind":"service"},"geometry":{"type":"LineString","coordinates":[[136.902291,35.1598614],[136.9018961,35.1599103],[136.9018754,35.1599129],[136.9018534,35.1599156],[136.901803,35.1599219]]}},{"type":"Feature","properties":{"kind":"service"},"geometry":{"type":"LineString","coordinates":[[136.9028098,35.161108],[136.9028217,35.1611809]]}},{"type":"Feature","properties":{"kind":"service"},"geometry":{"type":"LineString","coordinates":[[136.8977736,35.1603964],[136.8980044,35.1604039],[136.8980632,35.1604052],[136.8980863,35.1604058],[136.8981819,35.1604079]]}},{"type":"Feature","properties":{"kind":"service"},"geometry":{"type":"LineString","coordinates":[[136.8977655,35.1599228],[136.8980342,35.1599287],[136.8980788,35.1599297],[136.8981112,35.1599304],[136.8982105,35.1599326]]}},{"type":"Feature","properties":{"kind":"service"},"geometry":{"type":"LineString","coordinates":[[136.9009607,35.1616615],[136.9007192,35.1616669]]}},{"type":"Feature","properties":{"kind":"service"},"geometry":{"type":"LineString","coordinates":[[136.9005412,35.1616779],[136.9007192,35.1616669]]}},{"type":"Feature","properties":{"kind":"service"},"geometry":{"type":"LineString","coordinates":[[136.900511,35.1616242],[136.900712,35.16161]]}},{"type":"Feature","properties":{"kind":"service"},"geometry":{"type":"LineString","coordinates":[[136.9009435,35.1605252],[136.9009827,35.1607156],[136.901009,35.1608432],[136.900898,35.1608572],[136.9008805,35.1607295],[136.9009827,35.1607156]]}},{"type":"Feature","properties":{"kind":"service"},"geometry":{"type":"LineString","coordinates":[[136.8989222,35.1617462],[136.898923,35.1619117],[136.8989232,35.1619526],[136.8989234,35.162002],[136.8989237,35.1620671]]}},{"type":"Feature","properties":{"kind":"service"},"geometry":{"type":"LineString","coordinates":[[136.8989296,35.1599327],[136.8985843,35.1599251],[136.8985384,35.1599241],[136.8985074,35.1599234],[136.8984366,35.1599218]]}},{"type":"Feature","properties":{"kind":"service"},"geometry":{"type":"LineString","coordinates":[[136.9010448,35.1714848],[136.9007851,35.1714653],[136.9007202,35.1714604]]}},{"type":"Feature","properties":{"kind":"service"},"geometry":{"type":"LineString","coordinates":[[136.89918,35.1672531],[136.8991846,35.1672142],[136.8991867,35.1671963],[136.8991883,35.1671832],[136.899189,35.1671771]]}},{"type":"Feature","properties":{"kind":"unclassified"},"geometry":{"type":"LineString","coordinates":[[136.9080919,35.1598401],[136.908102,35.1599015],[136.9081088,35.1599433],[136.9081365,35.1601131],[136.9081813,35.1603874]]}},{"type":"Feature","properties":{"kind":"unclassified"},"geometry":{"type":"LineString","coordinates":[[136.9080919,35.1598401],[136.9081643,35.1598267],[136.9091781,35.1596391],[136.9094013,35.1595988],[136.9094937,35.1595836]]}},{"type":"Feature","properties":{"kind":"unclassified"},"geometry":{"type":"LineString","coordinates":[[136.9074441,35.1599772],[136.9077544,35.1599115],[136.9077886,35.1599042],[136.907998,35.1598599],[136.9080919,35.1598401]]}},{"type":"Feature","properties":{"kind":"tertiary"},"geometry":{"type":"LineString","coordinates":[[136.9103551,35.1582275],[136.9103633,35.1582916],[136.9103835,35.1584503],[136.9104201,35.158738],[136.9104759,35.1591765],[136.9105101,35.1594452],[136.9105173,35.1595018]]}},{"type":"Feature","properties":{"kind":"unclassified"},"geometry":{"type":"LineString","coordinates":[[136.9101779,35.1595289],[136.910448,35.1595073],[136.9105173,35.1595018]]}},{"type":"Feature","properties":{"kind":"service"},"geometry":{"type":"LineString","coordinates":[[136.9045444,35.1725037],[136.9045505,35.1724492],[136.9045535,35.1724213]]}},{"type":"Feature","properties":{"kind":"service"},"geometry":{"type":"LineString","coordinates":[[136.9018217,35.1645063],[136.9019236,35.1645068]]}},{"type":"Feature","properties":{"kind":"service"},"geometry":{"type":"LineString","coordinates":[[136.9039039,35.1675636],[136.9039063,35.1675361],[136.9039096,35.1674981],[136.903917,35.1674119],[136.9039205,35.1673715],[136.9038896,35.1673698]]}},{"type":"Feature","properties":{"kind":"footway"},"geometry":{"type":"LineString","coordinates":[[136.9070664,35.1600763],[136.9070596,35.1600429],[136.9070529,35.1600076]]}},{"type":"Feature","properties":{"kind":"footway"},"geometry":{"type":"LineString","coordinates":[[136.9070678,35.1600831],[136.9070664,35.1600763]]}},{"type":"Feature","properties":{"kind":"footway"},"geometry":{"type":"LineString","coordinates":[[136.9070529,35.1600076],[136.9070507,35.1599939]]}},{"type":"Feature","properties":{"kind":"footway"},"geometry":{"type":"LineString","coordinates":[[136.9070907,35.159932],[136.9071569,35.159923],[136.9073305,35.159903],[136.907396,35.1598945]]}},{"type":"Feature","properties":{"kind":"footway"},"geometry":{"type":"LineString","coordinates":[[136.9070571,35.1599362],[136.9070907,35.159932]]}},{"type":"Feature","properties":{"kind":"footway"},"geometry":{"type":"LineString","coordinates":[[136.907396,35.1598945],[136.9074244,35.1598907]]}},{"type":"Feature","properties":{"kind":"footway"},"geometry":{"type":"LineString","coordinates":[[136.9071402,35.1601338],[136.9072047,35.1601224],[136.9073714,35.1600927],[136.9074343,35.1600808]]}},{"type":"Feature","properties":{"kind":"footway"},"geometry":{"type":"LineString","coordinates":[[136.9071109,35.1601395],[136.9071402,35.1601338]]}},{"type":"Feature","properties":{"kind":"footway"},"geometry":{"type":"LineString","coordinates":[[136.9074343,35.1600808],[136.9074586,35.1600763]]}},{"type":"Feature","properties":{"kind":"footway"},"geometry":{"type":"LineString","coordinates":[[136.9058805,35.1585358],[136.9059336,35.1585567],[136.9059924,35.1585799],[136.906003,35.1585841],[136.9060559,35.1586049],[136.9061136,35.1586279]]}},{"type":"Feature","properties":{"kind":"footway"},"geometry":{"type":"LineString","coordinates":[[136.9058829,35.1586647],[136.9059395,35.1586209],[136.9059924,35.1585799],[136.9060516,35.1585341],[136.9061066,35.1584915]]}},{"type":"Feature","properties":{"kind":"footway"},"geometry":{"type":"LineString","coordinates":[[136.9059425,35.1602397],[136.9059402,35.1602268]]}},{"type":"Feature","properties":{"kind":"footway"},"geometry":{"type":"LineString","coordinates":[[136.9059725,35.1601464],[136.9060419,35.160145],[136.9061547,35.1601428],[136.9062066,35.1601417]]}},{"type":"Feature","properties":{"kind":"footway"},"geometry":{"type":"LineString","coordinates":[[136.9059429,35.160147],[136.9059725,35.1601464]]}},{"type":"Feature","properties":{"kind":"footway"},"geometry":{"type":"LineString","coordinates":[[136.9062066,35.1601417],[136.9062305,35.1601397]]}},{"type":"Feature","properties":{"kind":"footway"},"geometry":{"type":"LineString","coordinates":[[136.9060047,35.1603543],[136.9060681,35.160345],[136.9061351,35.1603351],[136.9061884,35.1603273],[136.9062372,35.1603201]]}},{"type":"Feature","properties":{"kind":"footway"},"geometry":{"type":"LineString","coordinates":[[136.9059841,35.1603577],[136.9060047,35.1603543]]}},{"type":"Feature","properties":{"kind":"footway"},"geometry":{"type":"LineString","coordinates":[[136.9062372,35.1603201],[136.906265,35.1603152]]}},{"type":"Feature","properties":{"kind":"footway"},"geometry":{"type":"LineString","coordinates":[[136.9032497,35.1628286],[136.9032466,35.1627808]]}},{"type":"Feature","properties":{"kind":"footway"},"geometry":{"type":"LineString","coordinates":[[136.8981291,35.1652081],[136.8981089,35.1652217],[136.8980946,35.1652292]]}},{"type":"Feature","properties":{"kind":"footway"},"geometry":{"type":"LineString","coordinates":[[136.8980946,35.1652292],[136.8984217,35.1652511],[136.8988192,35.1652779],[136.899799,35.1653438]]}},{"type":"Feature","properties":{"kind":"footway"},"geometry":{"type":"LineString","coordinates":[[136.9001156,35.1653659],[136.9002478,35.1653742],[136.9006339,35.1653987]]}},{"type":"Feature","properties":{"kind":"footway"},"geometry":{"type":"LineString","coordinates":[[136.9006339,35.1653987],[136.9007264,35.1654052],[136.9008103,35.16541]]}},{"type":"Feature","properties":{"kind":"footway"},"geometry":{"type":"LineString","coordinates":[[136.9008103,35.16541],[136.9008236,35.1654107]]}},{"type":"Feature","properties":{"kind":"footway"},"geometry":{"type":"LineString","coordinates":[[136.9012975,35.1654475],[136.9017884,35.1654786],[136.901843,35.1654798]]}},{"type":"Feature","properties":{"kind":"footway"},"geometry":{"type":"LineString","coordinates":[[136.9008236,35.1654107],[136.9009678,35.1654266],[136.9012975,35.1654475]]}},{"type":"Feature","properties":{"kind":"footway"},"geometry":{"type":"LineString","coordinates":[[136.899799,35.1653438],[136.8998889,35.1653515],[136.9000237,35.16536],[136.9001156,35.1653659]]}},{"type":"Feature","properties":{"kind":"footway"},"geometry":{"type":"LineString","coordinates":[[136.900023,35.165375],[136.9000203,35.1654123],[136.9000171,35.1654573]]}},{"type":"Feature","properties":{"kind":"footway"},"geometry":{"type":"LineString","coordinates":[[136.9000237,35.16536],[136.900023,35.165375]]}},{"type":"Feature","properties":{"kind":"footway"},"geometry":{"type":"LineString","coordinates":[[136.900247,35.1653901],[136.9002457,35.1654265],[136.9002436,35.165459]]}},{"type":"Feature","properties":{"kind":"footway"},"geometry":{"type":"LineString","coordinates":[[136.9002478,35.1653742],[136.900247,35.1653901]]}},{"type":"Feature","properties":{"kind":"footway"},"geometry":{"type":"LineString","coordinates":[[136.8988211,35.1652685],[136.8988192,35.1652779]]}},{"type":"Feature","properties":{"kind":"footway"},"geometry":{"type":"LineString","coordinates":[[136.8984227,35.1652418],[136.8984217,35.1652511]]}},{"type":"Feature","properties":{"kind":"footway"},"geometry":{"type":"LineString","coordinates":[[136.9087795,35.1717279],[136.9088319,35.1717311],[136.9089317,35.1717371]]}},{"type":"Feature","properties":{"kind":"footway"},"geometry":{"type":"LineString","coordinates":[[136.9088995,35.1719113],[136.9088123,35.1719066],[136.9087606,35.1719038]]}},{"type":"Feature","properties":{"kind":"footway"},"geometry":{"type":"LineString","coordinates":[[136.9089537,35.1719142],[136.9089246,35.1719128],[136.9088995,35.1719113]]}},{"type":"Feature","properties":{"kind":"footway"},"geometry":{"type":"LineString","coordinates":[[136.908095,35.1709791],[136.908264,35.1709866],[136.9082632,35.1709982],[136.9083303,35.1710028],[136.9082496,35.1717992],[136.9083862,35.1718084],[136.9083725,35.1719436]]}},{"type":"Feature","properties":{"kind":"footway"},"geometry":{"type":"LineString","coordinates":[[136.9078527,35.1718561],[136.9079366,35.1718591],[136.9080022,35.1718614]]}},{"type":"Feature","properties":{"kind":"footway"},"geometry":{"type":"LineString","coordinates":[[136.9080205,35.1716873],[136.908006,35.1718249],[136.9080022,35.1718614]]}},{"type":"Feature","properties":{"kind":"footway"},"geometry":{"type":"LineString","coordinates":[[136.9078335,35.1716788],[136.9078821,35.1716815]]}},{"type":"Feature","properties":{"kind":"footway"},"geometry":{"type":"LineString","coordinates":[[136.9078054,35.1718516],[136.9078527,35.1718561]]}},{"type":"Feature","properties":{"kind":"footway"},"geometry":{"type":"LineString","coordinates":[[136.9078821,35.1716815],[136.9079546,35.1716852],[136.9080205,35.1716873]]}},{"type":"Feature","properties":{"kind":"footway"},"geometry":{"type":"LineString","coordinates":[[136.9087795,35.1717279],[136.9087596,35.1717266],[136.9087488,35.171833],[136.9087417,35.1719025],[136.9087606,35.1719038]]}},{"type":"Feature","properties":{"kind":"footway"},"geometry":{"type":"LineString","coordinates":[[136.9064376,35.1717574],[136.9065017,35.1717616],[136.9066723,35.1717728],[136.9067472,35.1717777]]}},{"type":"Feature","properties":{"kind":"footway"},"geometry":{"type":"LineString","coordinates":[[136.9063938,35.1717545],[136.9064376,35.1717574]]}},{"type":"Feature","properties":{"kind":"footway"},"geometry":{"type":"LineString","coordinates":[[136.9068227,35.1716598],[136.9068276,35.1716106]]}},{"type":"Feature","properties":{"kind":"footway"},"geometry":{"type":"LineString","coordinates":[[136.9067472,35.1717777],[136.9068105,35.1717819]]}},{"type":"Feature","properties":{"kind":"footway"},"geometry":{"type":"LineString","coordinates":[[136.9068149,35.1717375],[136.9068182,35.1717041],[136.9068227,35.1716598]]}},{"type":"Feature","properties":{"kind":"footway"},"geometry":{"type":"LineString","coordinates":[[136.9067631,35.1715867],[136.9066944,35.1715824],[136.9065234,35.1715725],[136.9064613,35.1715688]]}},{"type":"Feature","properties":{"kind":"footway"},"geometry":{"type":"LineString","coordinates":[[136.9067985,35.1715885],[136.9067631,35.1715867]]}},{"type":"Feature","properties":{"kind":"footway"},"geometry":{"type":"LineString","coordinates":[[136.9064613,35.1715688],[136.9064107,35.1715659]]}},{"type":"Feature","properties":{"kind":"footway"},"geometry":{"type":"LineString","coordinates":[[136.9063708,35.1717046],[136.9063746,35.1716741],[136.9063807,35.1716256]]}},{"type":"Feature","properties":{"kind":"footway"},"geometry":{"type":"LineString","coordinates":[[136.9063674,35.1717331],[136.9063708,35.1717046]]}},{"type":"Feature","properties":{"kind":"footway"},"geometry":{"type":"LineString","coordinates":[[136.9063807,35.1716256],[136.9063822,35.1716092]]}},{"type":"Feature","properties":{"kind":"footway"},"geometry":{"type":"LineString","coordinates":[[136.9068105,35.1717819],[136.9068363,35.1717641],[136.9077859,35.1718331],[136.9078054,35.1718516],[136.9078076,35.1719062],[136.907804,35.1719412],[136.9077333,35.172629],[136.9077086,35.1726462]]}},{"type":"Feature","properties":{"kind":"footway"},"geometry":{"type":"LineString","coordinates":[[136.9068105,35.1717819],[136.9068149,35.1717375]]}},{"type":"Feature","properties":{"kind":"footway"},"geometry":{"type":"LineString","coordinates":[[136.9055606,35.1715488],[136.9055536,35.1716188],[136.9055485,35.1716786]]}},{"type":"Feature","properties":{"kind":"footway"},"geometry":{"type":"LineString","coordinates":[[136.907455,35.1600323],[136.9074744,35.1599997]]}},{"type":"Feature","properties":{"kind":"footway"},"geometry":{"type":"LineString","coordinates":[[136.9074744,35.1599997],[136.9077985,35.1599353],[136.9079759,35.1599],[136.9080042,35.1598938],[136.908051,35.1598912]]}},{"type":"Feature","properties":{"kind":"footway"},"geometry":{"type":"LineString","coordinates":[[136.9073157,35.1607496],[136.9072912,35.1607103]]}},{"type":"Feature","properties":{"kind":"footway"},"geometry":{"type":"LineString","coordinates":[[136.9070678,35.1600831],[136.9071004,35.1601041],[136.9071109,35.1601395],[136.9071937,35.160419],[136.9072912,35.1607103]]}},{"type":"Feature","properties":{"kind":"footway"},"geometry":{"type":"LineString","coordinates":[[136.9070507,35.1599939],[136.9070469,35.1599973],[136.9062677,35.1601568],[136.9062305,35.1601397]]}},{"type":"Feature","properties":{"kind":"footway"},"geometry":{"type":"LineString","coordinates":[[136.9061397,35.1586126],[136.9061745,35.1585838],[136.9067833,35.1585346],[136.9068127,35.1585433]]}},{"type":"Feature","properties":{"kind":"footway"},"geometry":{"type":"LineString","coordinates":[[136.9068006,35.1584562],[136.9067738,35.1584634],[136.9061549,35.1585105],[136.9061344,35.1585002]]}},{"type":"Feature","properties":{"kind":"unclassified"},"geometry":{"type":"LineString","coordinates":[[136.9062081,35.1609381],[136.9063341,35.1609166],[136.9064078,35.1609041]]}},{"type":"Feature","properties":{"kind":"unclassified"},"geometry":{"type":"LineString","coordinates":[[136.9064078,35.1609041],[136.9071654,35.1607752],[136.9072736,35.1607568],[136.9073157,35.1607496],[136.9074055,35.1607343]]}},{"type":"Feature","properties":{"kind":"footway"},"geometry":{"type":"LineString","coordinates":[[136.9073336,35.1607783],[136.9073157,35.1607496]]}},{"type":"Feature","properties":{"kind":"footway"},"geometry":{"type":"LineString","coordinates":[[136.9083507,35.1622883],[136.9084291,35.1622805],[136.9085491,35.1622686],[136.9086067,35.1622629]]}},{"type":"Feature","properties":{"kind":"footway"},"geometry":{"type":"LineString","coordinates":[[136.9082698,35.1622963],[136.9083507,35.1622883]]}},{"type":"Feature","properties":{"kind":"footway"},"geometry":{"type":"LineString","coordinates":[[136.9086067,35.1622629],[136.9086637,35.1622572]]}},{"type":"Feature","properties":{"kind":"steps"},"geometry":{"type":"LineString","coordinates":[[136.906127,35.1624628],[136.9061511,35.1624617],[136.9063912,35.1624508]]}},{"type":"Feature","properties":{"kind":"steps"},"geometry":{"type":"LineString","coordinates":[[136.9068874,35.162419],[136.9071744,35.1624003]]}},{"type":"Feature","properties":{"kind":"footway"},"geometry":{"type":"LineString","coordinates":[[136.9063912,35.1624508],[136.9064543,35.1624467],[136.9068874,35.162419]]}},{"type":"Feature","properties":{"kind":"steps"},"geometry":{"type":"LineString","coordinates":[[136.9061511,35.1624617],[136.9061474,35.1624148],[136.906233,35.1624102]]}},{"type":"Feature","properties":{"kind":"footway"},"geometry":{"type":"LineString","coordinates":[[136.906233,35.1624102],[136.9062759,35.1624091],[136.9062745,35.1623971],[136.9064021,35.1623918]]}},{"type":"Feature","properties":{"kind":"footway"},"geometry":{"type":"LineString","coordinates":[[136.9064542,35.1621765],[136.9065163,35.162172],[136.9066425,35.1621629],[136.9066977,35.1621589]]}},{"type":"Feature","properties":{"kind":"footway"},"geometry":{"type":"LineString","coordinates":[[136.906353,35.1621838],[136.9064542,35.1621765]]}},{"type":"Feature","properties":{"kind":"footway"},"geometry":{"type":"LineString","coordinates":[[136.9066977,35.1621589],[136.9067861,35.1621496]]}},{"type":"Feature","properties":{"kind":"footway"},"geometry":{"type":"LineString","coordinates":[[136.9091475,35.1596073],[136.9088969,35.1596598],[136.9081591,35.1597983],[136.908143,35.1598013],[136.9081215,35.1597794]]}},{"type":"Feature","properties":{"kind":"footway"},"geometry":{"type":"LineString","coordinates":[[136.9074314,35.1599312],[136.9075101,35.15992],[136.907744,35.1598753],[136.9079921,35.1598279],[136.9080108,35.1598243],[136.9080331,35.1597938]]}},{"type":"Feature","properties":{"kind":"footway"},"geometry":{"type":"LineString","coordinates":[[136.9080042,35.1598938],[136.9080004,35.1598733],[136.907998,35.1598599],[136.9079946,35.1598418],[136.9079921,35.1598279]]}},{"type":"Feature","properties":{"kind":"footway"},"geometry":{"type":"LineString","coordinates":[[136.9080331,35.1597938],[136.908054,35.1597904],[136.9080829,35.1597857],[136.9081048,35.1597821],[136.9081215,35.1597794]]}},{"type":"Feature","properties":{"kind":"footway"},"geometry":{"type":"LineString","coordinates":[[136.9081864,35.1601493],[136.9081828,35.1601267],[136.9081802,35.1601098],[136.9081466,35.1598971],[136.9081459,35.1598889],[136.9081443,35.1598809]]}},{"type":"Feature","properties":{"kind":"footway"},"geometry":{"type":"LineString","coordinates":[[136.9081466,35.1598971],[136.908102,35.1599015],[136.9080664,35.159905],[136.9080536,35.1599062]]}},{"type":"Feature","properties":{"kind":"footway"},"geometry":{"type":"LineString","coordinates":[[136.9081677,35.159845],[136.9081643,35.1598267],[136.9081614,35.1598105],[136.9081591,35.1597983]]}},{"type":"Feature","properties":{"kind":"footway"},"geometry":{"type":"LineString","coordinates":[[136.9081443,35.1598809],[136.9081516,35.1598603],[136.9081677,35.159845]]}},{"type":"Feature","properties":{"kind":"service"},"geometry":{"type":"LineString","coordinates":[[136.9081365,35.1601131],[136.9081802,35.1601098],[136.9094537,35.1600137],[136.9095282,35.1600081]]}},{"type":"Feature","properties":{"kind":"footway"},"geometry":{"type":"LineString","coordinates":[[136.9081417,35.1619861],[136.9082067,35.161977],[136.9083559,35.1619562],[136.9084002,35.1619501]]}},{"type":"Feature","properties":{"kind":"footway"},"geometry":{"type":"LineString","coordinates":[[136.9080508,35.1619987],[136.9081417,35.1619861]]}},{"type":"Feature","properties":{"kind":"footway"},"geometry":{"type":"LineString","coordinates":[[136.9084002,35.1619501],[136.9084879,35.1619378]]}},{"type":"Feature","properties":{"kind":"footway"},"geometry":{"type":"LineString","coordinates":[[136.9094565,35.1600375],[136.9094552,35.1600251],[136.9094537,35.1600137],[136.9094095,35.1596693],[136.9094056,35.1596392]]}},{"type":"Feature","properties":{"kind":"footway"},"geometry":{"type":"LineString","coordinates":[[136.9094056,35.1596392],[136.9094013,35.1595988],[136.9093991,35.1595771]]}},{"type":"Feature","properties":{"kind":"footway"},"geometry":{"type":"LineString","coordinates":[[136.9051692,35.1603434],[136.9051965,35.1603475],[136.9059194,35.1602344],[136.9059402,35.1602268]]}},{"type":"Feature","properties":{"kind":"footway"},"geometry":{"type":"LineString","coordinates":[[136.9060374,35.1605955],[136.9059841,35.1603577],[136.9059772,35.1603269],[136.905961,35.1603207]]}},{"type":"Feature","properties":{"kind":"footway"},"geometry":{"type":"LineString","coordinates":[[136.9094565,35.1600375],[136.9094511,35.1600372],[136.9093663,35.1600317],[136.9082005,35.1601268],[136.9081864,35.1601493]]}},{"type":"Feature","properties":{"kind":"footway"},"geometry":{"type":"LineString","coordinates":[[136.9086755,35.1622787],[136.9094366,35.1621974]]}},{"type":"Feature","properties":{"kind":"footway"},"geometry":{"type":"LineString","coordinates":[[136.9085393,35.1619075],[136.9094838,35.1617924]]}},{"type":"Feature","properties":{"kind":"unclassified"},"geometry":{"type":"LineString","coordinates":[[136.9069139,35.163259],[136.9067966,35.1632795]]}},{"type":"Feature","properties":{"kind":"footway"},"geometry":{"type":"LineString","coordinates":[[136.909341,35.1628937],[136.9093407,35.1629188],[136.9093349,35.1633776],[136.9093267,35.1640291],[136.9093257,35.1641014],[136.9093255,35.1641209]]}},{"type":"Feature","properties":{"kind":"footway"},"geometry":{"type":"LineString","coordinates":[[136.9088631,35.1629507],[136.9088624,35.1629765],[136.9088602,35.1630647],[136.9088524,35.1633697],[136.908836,35.1640165],[136.9088346,35.1640727],[136.9088342,35.1640876]]}},{"type":"Feature","properties":{"kind":"footway"},"geometry":{"type":"LineString","coordinates":[[136.9088675,35.1624985],[136.9088641,35.1628702],[136.9088639,35.1628929]]}},{"type":"Feature","properties":{"kind":"footway"},"geometry":{"type":"LineString","coordinates":[[136.9088639,35.1628929],[136.9088634,35.16293],[136.9088631,35.1629507]]}},{"type":"Feature","properties":{"kind":"footway"},"geometry":{"type":"LineString","coordinates":[[136.9093476,35.1624423],[136.9093427,35.1628123],[136.9093424,35.1628337]]}},{"type":"Feature","properties":{"kind":"footway"},"geometry":{"type":"LineString","coordinates":[[136.9093424,35.1628337],[136.9093416,35.1628669],[136.909341,35.1628937]]}},{"type":"Feature","properties":{"kind":"footway"},"geometry":{"type":"LineString","coordinates":[[136.9093409,35.1641755],[136.9093357,35.1642379],[136.9093317,35.1642863]]}},{"type":"Feature","properties":{"kind":"footway"},"geometry":{"type":"LineString","coordinates":[[136.9087921,35.1640847],[136.9087912,35.1641315]]}},{"type":"Feature","properties":{"kind":"footway"},"geometry":{"type":"LineString","coordinates":[[136.9087912,35.1641315],[136.9087892,35.1642046],[136.9087881,35.1642452]]}},{"type":"Feature","properties":{"kind":"footway"},"geometry":{"type":"LineString","coordinates":[[136.9087921,35.1640847],[136.9088342,35.1640876],[136.9093255,35.1641209]]}},{"type":"Feature","properties":{"kind":"footway"},"geometry":{"type":"LineString","coordinates":[[136.9094478,35.1641239],[136.909509,35.1641254],[136.9095709,35.1641269]]}},{"type":"Feature","properties":{"kind":"footway"},"geometry":{"type":"LineString","coordinates":[[136.9086831,35.1640629],[136.9086238,35.1640614],[136.9085581,35.1640597]]}},{"type":"Feature","properties":{"kind":"footway"},"geometry":{"type":"LineString","coordinates":[[136.9085581,35.1640597],[136.9084864,35.1640605]]}},{"type":"Feature","properties":{"kind":"footway"},"geometry":{"type":"LineString","coordinates":[[136.9087921,35.1640847],[136.9086831,35.1640629]]}},{"type":"Feature","properties":{"kind":"footway"},"geometry":{"type":"LineString","coordinates":[[136.9093255,35.1641209],[136.9094478,35.1641239]]}},{"type":"Feature","properties":{"kind":"footway"},"geometry":{"type":"LineString","coordinates":[[136.9095709,35.1641269],[136.9096374,35.1641285]]}},{"type":"Feature","properties":{"kind":"footway"},"geometry":{"type":"LineString","coordinates":[[136.9087585,35.1624495],[136.9087626,35.1624744],[136.9087686,35.1625101]]}},{"type":"Feature","properties":{"kind":"footway"},"geometry":{"type":"LineString","coordinates":[[136.9093255,35.1641209],[136.9093409,35.1641755]]}},{"type":"Feature","properties":{"kind":"footway"},"geometry":{"type":"LineString","coordinates":[[136.9097428,35.1621444],[136.9109687,35.1620221]]}},{"type":"Feature","properties":{"kind":"footway"},"geometry":{"type":"LineString","coordinates":[[136.910991,35.1622098],[136.910981,35.162133],[136.9109738,35.1620775]]}},{"type":"Feature","properties":{"kind":"footway"},"geometry":{"type":"LineString","coordinates":[[136.9109687,35.1620221],[136.9107504,35.1616697],[136.910729,35.161639],[136.9106673,35.1616456],[136.9106646,35.1616257]]}},{"type":"Feature","properties":{"kind":"footway"},"geometry":{"type":"LineString","coordinates":[[136.9109968,35.1622546],[136.910991,35.1622098]]}},{"type":"Feature","properties":{"kind":"footway"},"geometry":{"type":"LineString","coordinates":[[136.9109401,35.1616479],[136.910876,35.1616553],[136.9108038,35.1616636]]}},{"type":"Feature","properties":{"kind":"footway"},"geometry":{"type":"LineString","coordinates":[[136.9108038,35.1616636],[136.9107504,35.1616697]]}},{"type":"Feature","properties":{"kind":"footway"},"geometry":{"type":"LineString","coordinates":[[136.9110406,35.1616363],[136.9109401,35.1616479]]}},{"type":"Feature","properties":{"kind":"footway"},"geometry":{"type":"LineString","coordinates":[[136.9110194,35.161605],[136.9110044,35.161512],[136.9109942,35.1614483]]}},{"type":"Feature","properties":{"kind":"footway"},"geometry":{"type":"LineString","coordinates":[[136.9106646,35.1616257],[136.910661,35.1615462],[136.9106582,35.1614935]]}},{"type":"Feature","properties":{"kind":"footway"},"geometry":{"type":"LineString","coordinates":[[136.9106582,35.1614935],[136.9106553,35.1614525]]}},{"type":"Feature","properties":{"kind":"footway"},"geometry":{"type":"LineString","coordinates":[[136.9109942,35.1614483],[136.910989,35.161418]]}},{"type":"Feature","properties":{"kind":"footway"},"geometry":{"type":"LineString","coordinates":[[136.9068302,35.1623624],[136.9069589,35.1623517],[136.9069922,35.1623438],[136.9070202,35.1623277],[136.9070446,35.1623262],[136.907075,35.1623336],[136.9071238,35.1623352],[136.9071858,35.1623263],[136.9072255,35.1623204],[136.9072645,35.1623212],[136.907409,35.1623293]]}},{"type":"Feature","properties":{"kind":"footway"},"geometry":{"type":"LineString","coordinates":[[136.9082077,35.1622119],[136.9081333,35.1622036],[136.9080258,35.1622081],[136.90798,35.1622289],[136.9079527,35.1622641],[136.9079065,35.1623025],[136.9078495,35.1623268],[136.9077886,35.1623307],[136.9077269,35.1623228],[136.9076733,35.1623031],[136.907621,35.1622745],[136.9075693,35.162271],[136.9075116,35.1622776],[136.9074482,35.1622941],[136.907409,35.1623293],[136.9073399,35.1623648],[136.9073036,35.1623788],[136.907253,35.1623931],[136.9071744,35.1624003]]}},{"type":"Feature","properties":{"kind":"footway"},"geometry":{"type":"LineString","coordinates":[[136.9066151,35.1618464],[136.9066645,35.1618458]]}},{"type":"Feature","properties":{"kind":"footway"},"geometry":{"type":"LineString","coordinates":[[136.9066645,35.1618458],[136.9067146,35.1618684],[136.9067758,35.1618912]]}},{"type":"Feature","properties":{"kind":"footway"},"geometry":{"type":"LineString","coordinates":[[136.9067861,35.1621496],[136.9067845,35.1621091],[136.9067829,35.1620686]]}},{"type":"Feature","properties":{"kind":"footway"},"geometry":{"type":"LineString","coordinates":[[136.9067758,35.1618912],[136.9067773,35.1619282]]}},{"type":"Feature","properties":{"kind":"footway"},"geometry":{"type":"LineString","coordinates":[[136.906444,35.1624957],[136.9064501,35.162532]]}},{"type":"Feature","properties":{"kind":"footway"},"geometry":{"type":"LineString","coordinates":[[136.9087064,35.1642744],[136.9087298,35.1642578],[136.9087873,35.1642563]]}},{"type":"Feature","properties":{"kind":"footway"},"geometry":{"type":"LineString","coordinates":[[136.9088232,35.1644037],[136.9086679,35.1643216]]}},{"type":"Feature","properties":{"kind":"footway"},"geometry":{"type":"LineString","coordinates":[[136.9087064,35.1642744],[136.908685,35.1642888],[136.9086679,35.1643216]]}},{"type":"Feature","properties":{"kind":"footway"},"geometry":{"type":"LineString","coordinates":[[136.9086679,35.1643216],[136.9086142,35.1643209],[136.9085597,35.1643202]]}},{"type":"Feature","properties":{"kind":"footway"},"geometry":{"type":"LineString","coordinates":[[136.908743,35.1657296],[136.9087585,35.1654736],[136.9088202,35.1644535],[136.9088232,35.1644037]]}},{"type":"Feature","properties":{"kind":"footway"},"geometry":{"type":"LineString","coordinates":[[136.9088243,35.1643511],[136.9087064,35.1642744]]}},{"type":"Feature","properties":{"kind":"footway"},"geometry":{"type":"LineString","coordinates":[[136.9092256,35.1655061],[136.9092265,35.1654905],[136.9092807,35.1644737],[136.9092827,35.1644272]]}},{"type":"Feature","properties":{"kind":"footway"},"geometry":{"type":"LineString","coordinates":[[136.9088232,35.1644037],[136.9088243,35.1643511]]}},{"type":"Feature","properties":{"kind":"footway"},"geometry":{"type":"LineString","coordinates":[[136.9087585,35.1654736],[136.9092265,35.1654905]]}},{"type":"Feature","properties":{"kind":"footway"},"geometry":{"type":"LineString","coordinates":[[136.9091953,35.166054],[136.9092046,35.1658728]]}},{"type":"Feature","properties":{"kind":"footway"},"geometry":{"type":"LineString","coordinates":[[136.9092108,35.1657651],[136.9092256,35.1655061]]}},{"type":"Feature","properties":{"kind":"footway"},"geometry":{"type":"LineString","coordinates":[[136.9092046,35.1658728],[136.9092108,35.1657651]]}},{"type":"Feature","properties":{"kind":"footway"},"geometry":{"type":"LineString","coordinates":[[136.9087873,35.1642563],[136.9092892,35.1642937],[136.9093307,35.1642969]]}},{"type":"Feature","properties":{"kind":"footway"},"geometry":{"type":"LineString","coordinates":[[136.9093307,35.1642969],[136.9093996,35.1643007],[136.909422,35.1643159],[136.9094286,35.1643202],[136.90943,35.1643423],[136.909429,35.1643596]]}},{"type":"Feature","properties":{"kind":"footway"},"geometry":{"type":"LineString","coordinates":[[136.9094427,35.1643597],[136.9095012,35.1643616],[136.9095608,35.1643634],[136.9095694,35.1643637]]}},{"type":"Feature","properties":{"kind":"footway"},"geometry":{"type":"LineString","coordinates":[[136.9095694,35.1643637],[136.9096352,35.1643658]]}},{"type":"Feature","properties":{"kind":"footway"},"geometry":{"type":"LineString","coordinates":[[136.909429,35.1643596],[136.9094427,35.1643597]]}},{"type":"Feature","properties":{"kind":"footway"},"geometry":{"type":"LineString","coordinates":[[136.9093317,35.1642863],[136.9093307,35.1642969]]}},{"type":"Feature","properties":{"kind":"steps"},"geometry":{"type":"LineString","coordinates":[[136.9092892,35.1642937],[136.9092827,35.1644272]]}},{"type":"Feature","properties":{"kind":"footway"},"geometry":{"type":"LineString","coordinates":[[136.9084719,35.1643179],[136.9085597,35.1643202]]}},{"type":"Feature","properties":{"kind":"footway"},"geometry":{"type":"LineString","coordinates":[[136.9087873,35.1642563],[136.9087881,35.1642452]]}},{"type":"Feature","properties":{"kind":"steps"},"geometry":{"type":"LineString","coordinates":[[136.909422,35.1643159],[136.9092827,35.1644272]]}},{"type":"Feature","properties":{"kind":"footway"},"geometry":{"type":"LineString","coordinates":[[136.9088202,35.1644535],[136.9092807,35.1644737]]}},{"type":"Feature","properties":{"kind":"footway"},"geometry":{"type":"LineString","coordinates":[[136.9088624,35.1629765],[136.9093407,35.1629188]]}},{"type":"Feature","properties":{"kind":"footway"},"geometry":{"type":"LineString","coordinates":[[136.9088641,35.1628702],[136.9093427,35.1628123]]}},{"type":"Feature","properties":{"kind":"footway"},"geometry":{"type":"LineString","coordinates":[[136.9109687,35.1620221],[136.9110408,35.1620156]]}},{"type":"Feature","properties":{"kind":"footway"},"geometry":{"type":"LineString","coordinates":[[136.9109738,35.1620775],[136.9109687,35.1620221]]}},{"type":"Feature","properties":{"kind":"tertiary"},"geometry":{"type":"LineString","coordinates":[[136.9085261,35.1624034],[136.9085802,35.1625321],[136.9086259,35.1626489],[136.9086527,35.1629578],[136.9086238,35.1640614],[136.9086203,35.1641943],[136.9086142,35.1643209],[136.9085854,35.1649152],[136.9085464,35.1656881],[136.9085411,35.1658007],[136.9085332,35.1658751],[136.9084283,35.1668626],[136.9084165,35.166974],[136.9084045,35.1670952],[136.9083467,35.167678],[136.9083311,35.1678358],[136.9083261,35.1678903],[136.9082593,35.1687504],[136.908246,35.1689224]]}},{"type":"Feature","properties":{"kind":"unclassified"},"geometry":{"type":"LineString","coordinates":[[136.9095061,35.1642483],[136.9093357,35.1642379],[136.9087892,35.1642046],[136.9086203,35.1641943]]}},{"type":"Feature","properties":{"kind":"tertiary"},"geometry":{"type":"LineString","coordinates":[[136.9095061,35.1642483],[136.909509,35.1641254],[136.9095231,35.1635247],[136.9095408,35.1628406],[136.9095676,35.162415],[136.9095753,35.1622927]]}},{"type":"Feature","properties":{"kind":"tertiary"},"geometry":{"type":"LineString","coordinates":[[136.9072599,35.1660721],[136.9072867,35.1658183],[136.9072958,35.1657325],[136.9073011,35.1656726],[136.9073422,35.1652094],[136.9073274,35.1649754],[136.9073187,35.1648653],[136.9072945,35.1647388],[136.9072786,35.1646633],[136.9072033,35.164329],[136.9071872,35.1642573],[136.9071433,35.1640937],[136.9070326,35.1636809],[136.9069387,35.1633472],[136.9069139,35.163259],[136.9068903,35.1631654],[136.9067778,35.1627189],[136.9067428,35.1625794]]}},{"type":"Feature","properties":{"kind":"unclassified"},"geometry":{"type":"LineString","coordinates":[[136.9070324,35.164207],[136.9071872,35.1642573]]}},{"type":"Feature","properties":{"kind":"tertiary"},"geometry":{"type":"LineString","coordinates":[[136.9066965,35.1572846],[136.9067202,35.1574202],[136.9068914,35.1583982],[136.9069075,35.1584899],[136.9069255,35.1585904],[136.9069923,35.1589659],[136.9070707,35.1594277],[136.9071243,35.1597414],[136.9071569,35.159923],[136.9071746,35.1600218],[136.9072047,35.1601224],[136.9072631,35.1603175],[136.9072905,35.1604014],[136.9073245,35.1605056],[136.9073655,35.1606352],[136.9074055,35.1607343],[136.9074617,35.1608503],[136.9076134,35.1611315],[136.907643,35.1611863],[136.9080171,35.1616872],[136.9081083,35.1618427]]}},{"type":"Feature","properties":{"kind":"footway"},"geometry":{"type":"LineString","coordinates":[[136.908743,35.1657296],[136.9088302,35.1657328],[136.9091305,35.1657437],[136.9092204,35.165747],[136.909262,35.1657486],[136.9092761,35.1657493],[136.9092846,35.1657497],[136.9093109,35.1657495],[136.9093343,35.1657393],[136.9093437,35.165713],[136.9093458,35.1656903]]}},{"type":"Feature","properties":{"kind":"footway"},"geometry":{"type":"LineString","coordinates":[[136.9086056,35.1656901],[136.9085464,35.1656881],[136.9084631,35.1656852]]}},{"type":"Feature","properties":{"kind":"footway"},"geometry":{"type":"LineString","coordinates":[[136.9086264,35.1656908],[136.9086056,35.1656901]]}},{"type":"Feature","properties":{"kind":"footway"},"geometry":{"type":"LineString","coordinates":[[136.9084631,35.1656852],[136.9083978,35.165683]]}},{"type":"Feature","properties":{"kind":"footway"},"geometry":{"type":"LineString","coordinates":[[136.9087423,35.1657476],[136.9087399,35.1658061],[136.9087385,35.1658419]]}},{"type":"Feature","properties":{"kind":"footway"},"geometry":{"type":"LineString","coordinates":[[136.9094904,35.1656938],[136.9094256,35.1656922],[136.9093625,35.1656907]]}},{"type":"Feature","properties":{"kind":"footway"},"geometry":{"type":"LineString","coordinates":[[136.9095636,35.1656966],[136.9094904,35.1656938]]}},{"type":"Feature","properties":{"kind":"footway"},"geometry":{"type":"LineString","coordinates":[[136.9092753,35.1657633],[136.909272,35.1658206],[136.9092697,35.1658586]]}},{"type":"Feature","properties":{"kind":"footway"},"geometry":{"type":"LineString","coordinates":[[136.9092761,35.1657493],[136.9092753,35.1657633]]}},{"type":"Feature","properties":{"kind":"footway"},"geometry":{"type":"LineString","coordinates":[[136.9086206,35.1658778],[136.9086396,35.1658596],[136.90866,35.1658539],[136.9087373,35.1658564],[136.9092684,35.1658737],[136.9093023,35.1658748],[136.9093154,35.1658888]]}},{"type":"Feature","properties":{"kind":"footway"},"geometry":{"type":"LineString","coordinates":[[136.9086447,35.1669299],[136.9086461,35.1669128],[136.9086712,35.166623],[136.9087373,35.1658564],[136.9087385,35.1658419]]}},{"type":"Feature","properties":{"kind":"footway"},"geometry":{"type":"LineString","coordinates":[[136.9092684,35.1658737],[136.9092697,35.1658586]]}},{"type":"Feature","properties":{"kind":"footway"},"geometry":{"type":"LineString","coordinates":[[136.9093625,35.1656907],[136.9093458,35.1656903]]}},{"type":"Feature","properties":{"kind":"footway"},"geometry":{"type":"LineString","coordinates":[[136.9093331,35.1658895],[136.9093154,35.1658888]]}},{"type":"Feature","properties":{"kind":"footway"},"geometry":{"type":"LineString","coordinates":[[136.9095415,35.1658971],[136.9094759,35.1658947]]}},{"type":"Feature","properties":{"kind":"footway"},"geometry":{"type":"LineString","coordinates":[[136.9094759,35.1658947],[136.9094101,35.1658923],[136.9093331,35.1658895]]}},{"type":"Feature","properties":{"kind":"footway"},"geometry":{"type":"LineString","coordinates":[[136.9084591,35.1658728],[136.9083935,35.1658708]]}},{"type":"Feature","properties":{"kind":"footway"},"geometry":{"type":"LineString","coordinates":[[136.9086206,35.1658778],[136.9085978,35.1658771]]}},{"type":"Feature","properties":{"kind":"footway"},"geometry":{"type":"LineString","coordinates":[[136.9085978,35.1658771],[136.9085332,35.1658751],[136.9084591,35.1658728]]}},{"type":"Feature","properties":{"kind":"footway"},"geometry":{"type":"LineString","coordinates":[[136.9087423,35.1657476],[136.908743,35.1657296]]}},{"type":"Feature","properties":{"kind":"footway"},"geometry":{"type":"LineString","coordinates":[[136.9086264,35.1656908],[136.9086293,35.1657049],[136.9086483,35.16572],[136.9086822,35.165728],[136.9087169,35.1657286],[136.908743,35.1657296]]}},{"type":"Feature","properties":{"kind":"footway"},"geometry":{"type":"LineString","coordinates":[[136.9091422,35.166651],[136.9091924,35.1660863],[136.9091953,35.166054]]}},{"type":"Feature","properties":{"kind":"footway"},"geometry":{"type":"LineString","coordinates":[[136.9086712,35.166623],[136.9091422,35.166651]]}},{"type":"Feature","properties":{"kind":"footway"},"geometry":{"type":"LineString","coordinates":[[136.9092595,35.1667223],[136.9091376,35.1667166],[136.9091422,35.166651]]}},{"type":"Feature","properties":{"kind":"footway"},"geometry":{"type":"LineString","coordinates":[[136.9086447,35.1669299],[136.9086401,35.1669832],[136.9086346,35.1670469]]}},{"type":"Feature","properties":{"kind":"footway"},"geometry":{"type":"LineString","coordinates":[[136.9085697,35.1669095],[136.9086461,35.1669128],[136.9088123,35.16692],[136.9089952,35.1669278],[136.909178,35.1669357]]}},{"type":"Feature","properties":{"kind":"footway"},"geometry":{"type":"LineString","coordinates":[[136.9085229,35.1668671],[136.9085227,35.1668781],[136.9085332,35.1668937],[136.9085499,35.1669066],[136.9085697,35.1669095]]}},{"type":"Feature","properties":{"kind":"footway"},"geometry":{"type":"LineString","coordinates":[[136.909178,35.1669357],[136.9092119,35.1669353],[136.9092319,35.1669256],[136.9092336,35.1669003],[136.9092358,35.1668793]]}},{"type":"Feature","properties":{"kind":"footway"},"geometry":{"type":"LineString","coordinates":[[136.9093797,35.1668847],[136.9093199,35.1668824],[136.9092583,35.16688]]}},{"type":"Feature","properties":{"kind":"footway"},"geometry":{"type":"LineString","coordinates":[[136.9084987,35.1668661],[136.9084283,35.1668626],[136.9083592,35.1668591]]}},{"type":"Feature","properties":{"kind":"footway"},"geometry":{"type":"LineString","coordinates":[[136.9084987,35.1668661],[136.9085229,35.1668671]]}},{"type":"Feature","properties":{"kind":"footway"},"geometry":{"type":"LineString","coordinates":[[136.9092583,35.16688],[136.9092485,35.1668797],[136.9092358,35.1668793]]}},{"type":"Feature","properties":{"kind":"footway"},"geometry":{"type":"LineString","coordinates":[[136.9091771,35.1669502],[136.9091738,35.1670051],[136.9091701,35.1670648]]}},{"type":"Feature","properties":{"kind":"footway"},"geometry":{"type":"LineString","coordinates":[[136.909178,35.1669357],[136.9091771,35.1669502]]}},{"type":"Feature","properties":{"kind":"footway"},"geometry":{"type":"LineString","coordinates":[[136.9082822,35.1668554],[136.9083592,35.1668591]]}},{"type":"Feature","properties":{"kind":"footway"},"geometry":{"type":"LineString","coordinates":[[136.9086339,35.1670593],[136.9088469,35.1670658],[136.9091696,35.1670757]]}},{"type":"Feature","properties":{"kind":"footway"},"geometry":{"type":"LineString","coordinates":[[136.9085596,35.1670568],[136.9086091,35.1670582],[136.9086339,35.1670593],[136.9086346,35.1670469]]}},{"type":"Feature","properties":{"kind":"footway"},"geometry":{"type":"LineString","coordinates":[[136.9092315,35.1671228],[136.9092242,35.167123],[136.90922,35.1671086],[136.9092133,35.1670955],[136.9092055,35.1670875],[136.9091964,35.1670806],[136.9091843,35.1670759],[136.9091696,35.1670757],[136.9091701,35.1670648]]}},{"type":"Feature","properties":{"kind":"footway"},"geometry":{"type":"LineString","coordinates":[[136.9084623,35.1670989],[136.9084732,35.167099],[136.9084805,35.1670872],[136.9084949,35.1670736],[136.9085079,35.1670643],[136.9085202,35.1670597],[136.9085304,35.1670563],[136.9085447,35.1670566],[136.9085596,35.1670568]]}},{"type":"Feature","properties":{"kind":"footway"},"geometry":{"type":"LineString","coordinates":[[136.9084623,35.1670989],[136.9084045,35.1670952],[136.9083468,35.1670915]]}},{"type":"Feature","properties":{"kind":"footway"},"geometry":{"type":"LineString","coordinates":[[136.9093624,35.1671279],[136.9092977,35.1671254],[136.9092315,35.1671228]]}},{"type":"Feature","properties":{"kind":"footway"},"geometry":{"type":"LineString","coordinates":[[136.9082816,35.1670873],[136.9083468,35.1670915]]}},{"type":"Feature","properties":{"kind":"footway"},"geometry":{"type":"LineString","coordinates":[[136.9093624,35.1671279],[136.9094409,35.1671318]]}},{"type":"Feature","properties":{"kind":"footway"},"geometry":{"type":"LineString","coordinates":[[136.9093797,35.1668847],[136.9094562,35.1668877]]}},{"type":"Feature","properties":{"kind":"footway"},"geometry":{"type":"LineString","coordinates":[[136.9086091,35.1670582],[136.9086017,35.1671543],[136.9085621,35.1676363],[136.9084963,35.1676329],[136.9084948,35.1676463]]}},{"type":"Feature","properties":{"kind":"steps"},"geometry":{"type":"LineString","coordinates":[[136.9088469,35.1670658],[136.9088424,35.1671426]]}},{"type":"Feature","properties":{"kind":"footway"},"geometry":{"type":"LineString","coordinates":[[136.9086017,35.1671543],[136.9086695,35.1671576],[136.9087427,35.1671628],[136.9087954,35.1671711],[136.9088346,35.1671838],[136.9088392,35.1671859],[136.9088741,35.1672008],[136.9089195,35.1672269],[136.908949,35.1672486],[136.9089745,35.1672701],[136.9090005,35.1673024],[136.9090167,35.1673344],[136.9090295,35.1673703],[136.9090386,35.1674068],[136.9090356,35.1674509],[136.909016,35.1676619],[136.9090625,35.1676644],[136.9090607,35.1676836]]}},{"type":"Feature","properties":{"kind":"footway"},"geometry":{"type":"LineString","coordinates":[[136.9088392,35.1671859],[136.9088424,35.1671426]]}},{"type":"Feature","properties":{"kind":"footway"},"geometry":{"type":"LineString","coordinates":[[136.9084948,35.1676463],[136.9084932,35.1676859],[136.9084877,35.1678282],[136.9084881,35.1678953]]}},{"type":"Feature","properties":{"kind":"footway"},"geometry":{"type":"LineString","coordinates":[[136.9090607,35.1676836],[136.9090678,35.1677169],[136.9090893,35.1678178],[136.9090861,35.1678527],[136.909104,35.1679352]]}},{"type":"Feature","properties":{"kind":"footway"},"geometry":{"type":"LineString","coordinates":[[136.907897,35.1617012],[136.9079294,35.1616974]]}},{"type":"Feature","properties":{"kind":"footway"},"geometry":{"type":"LineString","coordinates":[[136.9064741,35.1626737],[136.9065133,35.1627399],[136.9065165,35.162745]]}},{"type":"Feature","properties":{"kind":"footway"},"geometry":{"type":"LineString","coordinates":[[136.9062752,35.1619024],[136.9063116,35.1618874],[136.9063813,35.1618588]]}},{"type":"Feature","properties":{"kind":"footway"},"geometry":{"type":"LineString","coordinates":[[136.9036594,35.1619446],[136.9036748,35.1620013]]}},{"type":"Feature","properties":{"kind":"footway"},"geometry":{"type":"LineString","coordinates":[[136.9036748,35.1620013],[136.9036903,35.1620588],[136.9037111,35.1621355]]}},{"type":"Feature","properties":{"kind":"footway"},"geometry":{"type":"LineString","coordinates":[[136.9037111,35.1621355],[136.903721,35.1621812],[136.9037989,35.1625427],[136.903809,35.1625894]]}},{"type":"Feature","properties":{"kind":"footway"},"geometry":{"type":"LineString","coordinates":[[136.903809,35.1625894],[136.9038192,35.1626622],[136.9038253,35.1627278]]}},{"type":"Feature","properties":{"kind":"footway"},"geometry":{"type":"LineString","coordinates":[[136.9038253,35.1627278],[136.9038306,35.162773]]}},{"type":"Feature","properties":{"kind":"footway"},"geometry":{"type":"LineString","coordinates":[[136.9040881,35.1627211],[136.9040998,35.1627802]]}},{"type":"Feature","properties":{"kind":"footway"},"geometry":{"type":"LineString","coordinates":[[136.9040627,35.1625912],[136.9040763,35.1626577],[136.9040881,35.1627211]]}},{"type":"Feature","properties":{"kind":"footway"},"geometry":{"type":"LineString","coordinates":[[136.903969,35.1621329],[136.9039778,35.162176],[136.9040517,35.1625376]]}},{"type":"Feature","properties":{"kind":"footway"},"geometry":{"type":"LineString","coordinates":[[136.9039383,35.1619993],[136.9039516,35.162056],[136.903969,35.1621329]]}},{"type":"Feature","properties":{"kind":"footway"},"geometry":{"type":"LineString","coordinates":[[136.903929,35.1619593],[136.9039383,35.1619993]]}},{"type":"Feature","properties":{"kind":"footway"},"geometry":{"type":"LineString","coordinates":[[136.9036594,35.1619446],[136.9037447,35.161943]]}},{"type":"Feature","properties":{"kind":"footway"},"geometry":{"type":"LineString","coordinates":[[136.903721,35.1621812],[136.9037953,35.1621797]]}},{"type":"Feature","properties":{"kind":"footway"},"geometry":{"type":"LineString","coordinates":[[136.9037953,35.1621797],[136.9038413,35.1621788],[136.9038908,35.1621778]]}},{"type":"Feature","properties":{"kind":"footway"},"geometry":{"type":"LineString","coordinates":[[136.9038908,35.1621778],[136.9039778,35.162176]]}},{"type":"Feature","properties":{"kind":"footway"},"geometry":{"type":"LineString","coordinates":[[136.9037989,35.1625427],[136.9038729,35.1625412]]}},{"type":"Feature","properties":{"kind":"footway"},"geometry":{"type":"LineString","coordinates":[[136.9038729,35.1625412],[136.903925,35.1625407],[136.9039742,35.1625392]]}},{"type":"Feature","properties":{"kind":"footway"},"geometry":{"type":"LineString","coordinates":[[136.9040517,35.1625376],[136.9042186,35.1625376],[136.9043902,35.162531],[136.9045193,35.1625105],[136.9045762,35.1624758],[136.9046295,35.1624469],[136.9046878,35.1624236],[136.9047435,35.1624141],[136.9047919,35.1624164],[136.9048427,35.162433],[136.9049103,35.1624431],[136.9049962,35.1624478],[136.9051505,35.162451],[136.9052046,35.1624759],[136.9052569,35.162496],[136.9052919,35.1625043],[136.9053394,35.1625029],[136.9053958,35.1624872],[136.9054429,35.1624533],[136.90547,35.1624266],[136.9060056,35.162414],[136.9062745,35.1623971]]}},{"type":"Feature","properties":{"kind":"footway"},"geometry":{"type":"LineString","coordinates":[[136.9039218,35.1627852],[136.9038609,35.1627869]]}},{"type":"Feature","properties":{"kind":"footway"},"geometry":{"type":"LineString","coordinates":[[136.9054546,35.1627615],[136.9040998,35.1627802],[136.9040232,35.1627824]]}},{"type":"Feature","properties":{"kind":"unclassified"},"geometry":{"type":"LineString","coordinates":[[136.8982287,35.1595639],[136.8980898,35.1595681],[136.8976455,35.1596168],[136.8971813,35.1596676],[136.896919,35.1596996],[136.8967929,35.159715],[136.896588,35.1597399],[136.8958735,35.1598267]]}},{"type":"Feature","properties":{"kind":"footway"},"geometry":{"type":"LineString","coordinates":[[136.9083838,35.1616957],[136.9094941,35.161598],[136.9095463,35.1615934]]}},{"type":"Feature","properties":{"kind":"footway"},"geometry":{"type":"LineString","coordinates":[[136.9097218,35.1613553],[136.909708,35.1612258],[136.9096567,35.1606877],[136.9096467,35.1605743],[136.9095537,35.1596592],[136.9095513,35.1596355],[136.9095596,35.1596243]]}},{"type":"Feature","properties":{"kind":"footway"},"geometry":{"type":"LineString","coordinates":[[136.9097518,35.1615582],[136.9097373,35.1615127],[136.9097218,35.1613553]]}},{"type":"Feature","properties":{"kind":"footway"},"geometry":{"type":"LineString","coordinates":[[136.9071859,35.1585075],[136.9071846,35.1584951]]}},{"type":"Feature","properties":{"kind":"footway"},"geometry":{"type":"LineString","coordinates":[[136.905853,35.1585881],[136.9058502,35.1585564]]}},{"type":"Feature","properties":{"kind":"footway"},"geometry":{"type":"LineString","coordinates":[[136.905861,35.1586894],[136.9058926,35.1586869]]}},{"type":"Feature","properties":{"kind":"footway"},"geometry":{"type":"LineString","coordinates":[[136.90586,35.1586719],[136.9058829,35.1586647]]}},{"type":"Feature","properties":{"kind":"footway"},"geometry":{"type":"LineString","coordinates":[[136.9061136,35.1586279],[136.9061406,35.1586269]]}},{"type":"Feature","properties":{"kind":"footway"},"geometry":{"type":"LineString","coordinates":[[136.906116,35.1586676],[136.9061428,35.1586655]]}},{"type":"Feature","properties":{"kind":"footway"},"geometry":{"type":"LineString","coordinates":[[136.9094095,35.1596693],[136.9094366,35.1596674]]}},{"type":"Feature","properties":{"kind":"footway"},"geometry":{"type":"LineString","coordinates":[[136.9094366,35.1596674],[136.9095001,35.159663],[136.909539,35.1596602]]}},{"type":"Feature","properties":{"kind":"footway"},"geometry":{"type":"LineString","coordinates":[[136.909539,35.1596602],[136.9095537,35.1596592]]}},{"type":"Feature","properties":{"kind":"footway"},"geometry":{"type":"LineString","coordinates":[[136.9094036,35.1595398],[136.9094345,35.1595395]]}},{"type":"Feature","properties":{"kind":"footway"},"geometry":{"type":"LineString","coordinates":[[136.9094345,35.1595395],[136.9094889,35.159539],[136.9095326,35.1595385]]}},{"type":"Feature","properties":{"kind":"footway"},"geometry":{"type":"LineString","coordinates":[[136.9095326,35.1595385],[136.909539,35.1595384],[136.9095534,35.1595383]]}},{"type":"Feature","properties":{"kind":"footway"},"geometry":{"type":"LineString","coordinates":[[136.9095543,35.1595505],[136.9095534,35.1595383]]}},{"type":"Feature","properties":{"kind":"footway"},"geometry":{"type":"LineString","coordinates":[[136.9095543,35.1595505],[136.9095563,35.1595786],[136.9095577,35.1595979]]}},{"type":"Feature","properties":{"kind":"footway"},"geometry":{"type":"LineString","coordinates":[[136.9095596,35.1596243],[136.9095582,35.1596046]]}},{"type":"Feature","properties":{"kind":"footway"},"geometry":{"type":"LineString","coordinates":[[136.9105734,35.1594438],[136.9105101,35.1594452],[136.9104603,35.1594463]]}},{"type":"Feature","properties":{"kind":"footway"},"geometry":{"type":"LineString","coordinates":[[136.9104819,35.1595866],[136.9105287,35.1595831],[136.9105734,35.1595799]]}},{"type":"Feature","properties":{"kind":"footway"},"geometry":{"type":"LineString","coordinates":[[136.9104469,35.1594899],[136.910448,35.1595073],[136.9104499,35.1595381]]}},{"type":"Feature","properties":{"kind":"footway"},"geometry":{"type":"LineString","coordinates":[[136.9105973,35.1595341],[136.9105976,35.1594961],[136.9105979,35.1594522]]}},{"type":"Feature","properties":{"kind":"footway"},"geometry":{"type":"LineString","coordinates":[[136.9105734,35.1595799],[136.910597,35.1595781],[136.9105973,35.1595341]]}},{"type":"Feature","properties":{"kind":"footway"},"geometry":{"type":"LineString","coordinates":[[136.9104499,35.1595381],[136.9104642,35.1595463],[136.9104677,35.1595698],[136.9104719,35.1595873],[136.9104819,35.1595866]]}},{"type":"Feature","properties":{"kind":"footway"},"geometry":{"type":"LineString","coordinates":[[136.9105979,35.1594522],[136.9105979,35.1594433],[136.9105825,35.1594436],[136.9105734,35.1594438]]}},{"type":"Feature","properties":{"kind":"footway"},"geometry":{"type":"LineString","coordinates":[[136.9104603,35.1594463],[136.9104442,35.1594467],[136.9104469,35.1594899]]}},{"type":"Feature","properties":{"kind":"footway"},"geometry":{"type":"LineString","coordinates":[[136.9098247,35.1595864],[136.9101813,35.1595576]]}},{"type":"Feature","properties":{"kind":"footway"},"geometry":{"type":"LineString","coordinates":[[136.9095577,35.1595979],[136.9095582,35.1596046]]}},{"type":"Feature","properties":{"kind":"footway"},"geometry":{"type":"LineString","coordinates":[[136.9101813,35.1595576],[136.9103483,35.1595447],[136.9104164,35.1595394],[136.9104366,35.1595386],[136.9104499,35.1595381]]}},{"type":"Feature","properties":{"kind":"footway"},"geometry":{"type":"LineString","coordinates":[[136.9095582,35.1596046],[136.9096876,35.1595961],[136.9098247,35.1595864]]}},{"type":"Feature","properties":{"kind":"unclassified"},"geometry":{"type":"LineString","coordinates":[[136.9083467,35.167678],[136.9084932,35.1676859],[136.9087133,35.1676978],[136.9088779,35.1677067],[136.9090678,35.1677169],[136.909262,35.1677274]]}},{"type":"Feature","properties":{"kind":"service"},"geometry":{"type":"LineString","coordinates":[[136.9087133,35.1676978],[136.9087445,35.1673913]]}},{"type":"Feature","properties":{"kind":"service"},"geometry":{"type":"LineString","coordinates":[[136.9088779,35.1677067],[136.9089054,35.1673843]]}},{"type":"Feature","properties":{"kind":"footway"},"geometry":{"type":"LineString","coordinates":[[136.9089887,35.1688026],[136.9090758,35.1687981]]}},{"type":"Feature","properties":{"kind":"footway"},"geometry":{"type":"LineString","coordinates":[[136.9089921,35.1688912],[136.9089887,35.1688026]]}},{"type":"Feature","properties":{"kind":"footway"},"geometry":{"type":"LineString","coordinates":[[136.9083176,35.1687546],[136.9084193,35.1687616]]}},{"type":"Feature","properties":{"kind":"footway"},"geometry":{"type":"LineString","coordinates":[[136.9084132,35.1688507],[136.9084193,35.1687616]]}},{"type":"Feature","properties":{"kind":"tertiary"},"geometry":{"type":"LineString","coordinates":[[136.9066037,35.1620031],[136.9065655,35.161849],[136.9063506,35.1609831],[136.9063341,35.1609166],[136.9063216,35.1608662],[136.9061884,35.1603273],[136.90617,35.1602532],[136.9061589,35.1602082],[136.9061578,35.1601915],[136.9061547,35.1601428],[136.9060677,35.1587886],[136.9060602,35.1586724],[136.9060559,35.1586049],[136.9060527,35.1585553],[136.9060516,35.1585341],[136.9060483,35.1584708],[136.906005,35.1576203],[136.9059936,35.1573956]]}},{"type":"Feature","properties":{"kind":"footway"},"geometry":{"type":"LineString","coordinates":[[136.9106963,35.1614476],[136.9104719,35.1595873]]}},{"type":"Feature","properties":{"kind":"footway"},"geometry":{"type":"LineString","coordinates":[[136.9104442,35.1594467],[136.9104149,35.1591816],[136.9103664,35.1587421],[136.910317,35.1582945]]}},{"type":"Feature","properties":{"kind":"footway"},"geometry":{"type":"LineString","coordinates":[[136.9059582,35.1603124],[136.905972,35.160304]]}},{"type":"Feature","properties":{"kind":"footway"},"geometry":{"type":"LineString","coordinates":[[136.905972,35.160304],[136.9060501,35.1602605],[136.9060835,35.160242],[136.9061578,35.1601915],[136.9062191,35.1601544]]}},{"type":"Feature","properties":{"kind":"footway"},"geometry":{"type":"LineString","coordinates":[[136.9062191,35.1601544],[136.9062309,35.1601472]]}},{"type":"Feature","properties":{"kind":"footway"},"geometry":{"type":"LineString","coordinates":[[136.905972,35.1602275],[136.9060481,35.1602374],[136.9060835,35.160242],[136.90617,35.1602532],[136.9062275,35.1602606]]}},{"type":"Feature","properties":{"kind":"footway"},"geometry":{"type":"LineString","coordinates":[[136.9059472,35.1602243],[136.905972,35.1602275]]}},{"type":"Feature","properties":{"kind":"footway"},"geometry":{"type":"LineString","coordinates":[[136.9062275,35.1602606],[136.9062523,35.1602638]]}},{"type":"Feature","properties":{"kind":"footway"},"geometry":{"type":"LineString","coordinates":[[136.9061109,35.160906],[136.9061392,35.1609007]]}},{"type":"Feature","properties":{"kind":"footway"},"geometry":{"type":"LineString","coordinates":[[136.9061392,35.1609007],[136.9061959,35.16089],[136.9063216,35.1608662],[136.9063658,35.1608578]]}},{"type":"Feature","properties":{"kind":"footway"},"geometry":{"type":"LineString","coordinates":[[136.9063658,35.1608578],[136.906381,35.160855],[136.906398,35.1608518]]}},{"type":"Feature","properties":{"kind":"footway"},"geometry":{"type":"LineString","coordinates":[[136.906138,35.1610174],[136.9061694,35.1610123]]}},{"type":"Feature","properties":{"kind":"footway"},"geometry":{"type":"LineString","coordinates":[[136.9061694,35.1610123],[136.9062247,35.1610034],[136.9063506,35.1609831],[136.906401,35.1609749]]}},{"type":"Feature","properties":{"kind":"footway"},"geometry":{"type":"LineString","coordinates":[[136.906401,35.1609749],[136.9064216,35.1609716]]}},{"type":"Feature","properties":{"kind":"footway"},"geometry":{"type":"LineString","coordinates":[[136.910597,35.1595781],[136.9106931,35.1603217],[136.9107674,35.1608962],[136.9107821,35.16101]]}},{"type":"Feature","properties":{"kind":"footway"},"geometry":{"type":"LineString","coordinates":[[136.9107866,35.1610446],[136.9108102,35.161227],[136.9108371,35.1614354]]}},{"type":"Feature","properties":{"kind":"footway"},"geometry":{"type":"LineString","coordinates":[[136.9107821,35.16101],[136.9107836,35.1610216],[136.9107866,35.1610446]]}},{"type":"Feature","properties":{"kind":"footway"},"geometry":{"type":"LineString","coordinates":[[136.909539,35.1595384],[136.9094189,35.1583801]]}},{"type":"Feature","properties":{"kind":"footway"},"geometry":{"type":"LineString","coordinates":[[136.9066776,35.1692395],[136.906646,35.1690908],[136.9065186,35.1690127]]}},{"type":"Feature","properties":{"kind":"footway"},"geometry":{"type":"LineString","coordinates":[[136.9067221,35.1692407],[136.9066776,35.1692395]]}},{"type":"Feature","properties":{"kind":"footway"},"geometry":{"type":"LineString","coordinates":[[136.9079433,35.1691181],[136.9073723,35.1690641],[136.9072659,35.1690678]]}},{"type":"Feature","properties":{"kind":"footway"},"geometry":{"type":"LineString","coordinates":[[136.9080114,35.1696754],[136.9080494,35.1693198],[136.9080513,35.169275]]}},{"type":"Feature","properties":{"kind":"footway"},"geometry":{"type":"LineString","coordinates":[[136.897932,35.1681526],[136.8980788,35.1681644],[136.8982332,35.1681768],[136.8985621,35.1682032],[136.8985889,35.1682053],[136.898603,35.1681894]]}},{"type":"Feature","properties":{"kind":"footway"},"geometry":{"type":"LineString","coordinates":[[136.9045098,35.1685802],[136.9044793,35.1685838],[136.9044424,35.1685883],[136.904428,35.1685875],[136.9035411,35.1685386],[136.903508,35.1685291],[136.9034617,35.1685157],[136.9034544,35.1684971]]}},{"type":"Feature","properties":{"kind":"footway"},"geometry":{"type":"LineString","coordinates":[[136.9057084,35.1686521],[136.9056873,35.168651],[136.9056725,35.168673],[136.9056274,35.1686702],[136.9047525,35.1686157],[136.9047042,35.1686127],[136.9046605,35.1685828]]}},{"type":"Feature","properties":{"kind":"footway"},"geometry":{"type":"LineString","coordinates":[[136.9067719,35.1684754],[136.9067382,35.1685912],[136.9065417,35.1687121],[136.905936,35.1686695],[136.9058796,35.1686655],[136.9058247,35.1686638]]}},{"type":"Feature","properties":{"kind":"tertiary"},"geometry":{"type":"LineString","coordinates":[[136.9096631,35.161665],[136.9096555,35.1615716],[136.9096483,35.1614835],[136.9096393,35.1613725],[136.9095748,35.1605802],[136.9095436,35.160197],[136.9095282,35.1600081],[136.9095001,35.159663],[136.9094937,35.1595836],[136.9094889,35.159539],[136.9093758,35.1584962]]}},{"type":"Feature","properties":{"kind":"cycleway"},"geometry":{"type":"LineString","coordinates":[[136.8984112,35.1627253],[136.8984155,35.1626508],[136.8984198,35.1625768]]}},{"type":"Feature","properties":{"kind":"cycleway"},"geometry":{"type":"LineString","coordinates":[[136.8984198,35.1625768],[136.8984205,35.1625351],[136.8984122,35.1625201],[136.8984097,35.162503],[136.898423,35.1622257],[136.8984277,35.1622013],[136.8984354,35.1621813],[136.8984535,35.1621547],[136.8984617,35.1621369]]}},{"type":"Feature","properties":{"kind":"cycleway"},"geometry":{"type":"LineString","coordinates":[[136.8984617,35.1621369],[136.8984621,35.1620516],[136.8984625,35.1619684]]}},{"type":"Feature","properties":{"kind":"footway"},"geometry":{"type":"LineString","coordinates":[[136.8984625,35.1619684],[136.8984554,35.1618606]]}},{"type":"Feature","properties":{"kind":"cycleway"},"geometry":{"type":"LineString","coordinates":[[136.8983342,35.1628132],[136.8983374,35.1628049],[136.8983528,35.1627851],[136.8983722,35.1627654],[136.8983919,35.1627506],[136.8984017,35.1627393],[136.8984112,35.1627253]]}},{"type":"Feature","properties":{"kind":"footway"},"geometry":{"type":"LineString","coordinates":[[136.8983161,35.1628125],[136.8983342,35.1628132]]}},{"type":"Feature","properties":{"kind":"cycleway"},"geometry":{"type":"LineString","coordinates":[[136.8980564,35.1653407],[136.8980577,35.1652892],[136.8980593,35.1652262]]}},{"type":"Feature","properties":{"kind":"footway"},"geometry":{"type":"LineString","coordinates":[[136.8980216,35.1661858],[136.8979975,35.1661226],[136.8980019,35.1660708],[136.8980468,35.1657042],[136.8980678,35.1655262],[136.8980801,35.1654222],[136.8980911,35.165329]]}},{"type":"Feature","properties":{"kind":"footway"},"geometry":{"type":"LineString","coordinates":[[136.8980911,35.165329],[136.8980921,35.1652913],[136.8980934,35.1652433]]}},{"type":"Feature","properties":{"kind":"footway"},"geometry":{"type":"LineString","coordinates":[[136.8978987,35.1671281],[136.8979007,35.1671088],[136.8979797,35.1663549],[136.8979988,35.1663294],[136.8980065,35.1663138],[136.8980142,35.1662981]]}},{"type":"Feature","properties":{"kind":"footway"},"geometry":{"type":"LineString","coordinates":[[136.8980142,35.1662981],[136.8980185,35.1662359],[136.8980216,35.1661858]]}},{"type":"Feature","properties":{"kind":"footway"},"geometry":{"type":"LineString","coordinates":[[136.8980934,35.1652433],[136.8980946,35.1652292],[136.8980965,35.1652116],[136.8981137,35.16499],[136.8981174,35.1649559],[136.898247,35.1637664],[136.8983441,35.1628746],[136.8984151,35.1628162]]}},{"type":"Feature","properties":{"kind":"footway"},"geometry":{"type":"LineString","coordinates":[[136.8983425,35.1710869],[136.8983978,35.1705589],[136.8984249,35.1703004],[136.8983911,35.1702589],[136.8979786,35.1702328],[136.8975535,35.1702059]]}},{"type":"Feature","properties":{"kind":"footway"},"geometry":{"type":"LineString","coordinates":[[136.9092485,35.1668797],[136.9092536,35.1668057]]}},{"type":"Feature","properties":{"kind":"steps"},"geometry":{"type":"LineString","coordinates":[[136.9092536,35.1668057],[136.9092595,35.1667223]]}},{"type":"Feature","properties":{"kind":"service"},"geometry":{"type":"LineString","coordinates":[[136.9088075,35.1669901],[136.9088123,35.16692],[136.9088251,35.166733]]}},{"type":"Feature","properties":{"kind":"service"},"geometry":{"type":"LineString","coordinates":[[136.9089905,35.1669976],[136.9089952,35.1669278],[136.9090076,35.166747]]}},{"type":"Feature","properties":{"kind":"footway"},"geometry":{"type":"LineString","coordinates":[[136.908836,35.1640165],[136.9088671,35.1640173],[136.908878,35.1640176],[136.9092534,35.1640272],[136.9092661,35.1640275],[136.9093267,35.1640291]]}},{"type":"Feature","properties":{"kind":"footway"},"geometry":{"type":"LineString","coordinates":[[136.908878,35.1640176],[136.9089462,35.1637609],[136.9089979,35.1635537]]}},{"type":"Feature","properties":{"kind":"footway"},"geometry":{"type":"LineString","coordinates":[[136.9092534,35.1640272],[136.9091992,35.1637686],[136.9091626,35.16356]]}},{"type":"Feature","properties":{"kind":"footway"},"geometry":{"type":"LineString","coordinates":[[136.9089979,35.1635537],[136.9090254,35.163559],[136.9090605,35.1635629],[136.9090827,35.1635633],[136.9091001,35.1635637],[136.9091343,35.163562],[136.9091626,35.16356]]}},{"type":"Feature","properties":{"kind":"steps"},"geometry":{"type":"LineString","coordinates":[[136.9092099,35.1633761],[136.9092892,35.1633771],[136.9093349,35.1633776]]}},{"type":"Feature","properties":{"kind":"steps"},"geometry":{"type":"LineString","coordinates":[[136.9089645,35.1633715],[136.9088856,35.1633702],[136.9088524,35.1633697]]}},{"type":"Feature","properties":{"kind":"footway"},"geometry":{"type":"LineString","coordinates":[[136.9091647,35.1633757],[136.9090019,35.1633728]]}},{"type":"Feature","properties":{"kind":"footway"},"geometry":{"type":"LineString","coordinates":[[136.9087718,35.1640715],[136.9087951,35.1629593],[136.9088631,35.1629507],[136.909341,35.1628937],[136.9093728,35.1628899],[136.9093696,35.1630251],[136.9093843,35.1630259],[136.909359,35.1641021],[136.9093257,35.1641014],[136.9092635,35.1641001],[136.9092661,35.1640275],[136.9092892,35.1633771],[136.9093002,35.1630658],[136.9091422,35.1630626],[136.9090858,35.1630223],[136.9090404,35.1630614],[136.9088944,35.1630646],[136.9088856,35.1633702],[136.9088681,35.1639802],[136.9088671,35.1640173],[136.9088655,35.1640733],[136.9088346,35.1640727],[136.9087718,35.1640715]]}},{"type":"Feature","properties":{"kind":"footway"},"geometry":{"type":"LineString","coordinates":[[136.909447,35.1624306],[136.9094901,35.1624256]]}},{"type":"Feature","properties":{"kind":"footway"},"geometry":{"type":"LineString","coordinates":[[136.9087626,35.1624744],[136.9088625,35.1624626],[136.9093426,35.1624064],[136.909444,35.1623945]]}},{"type":"Feature","properties":{"kind":"footway"},"geometry":{"type":"LineString","coordinates":[[136.9069328,35.1627034],[136.9069068,35.1628671],[136.9069744,35.1631503],[136.9069897,35.1632141]]}},{"type":"Feature","properties":{"kind":"service"},"geometry":{"type":"LineString","coordinates":[[136.9088252,35.1658084],[136.9088302,35.1657328],[136.908846,35.1654841]]}},{"type":"Feature","properties":{"kind":"service"},"geometry":{"type":"LineString","coordinates":[[136.9091249,35.1658166],[136.9091305,35.1657437],[136.9091491,35.1654998]]}},{"type":"Feature","properties":{"kind":"footway"},"geometry":{"type":"LineString","coordinates":[[136.9092279,35.1660879],[136.9092458,35.1660883],[136.909248,35.1660176],[136.9093085,35.1660189],[136.9093087,35.1660108]]}},{"type":"Feature","properties":{"kind":"steps"},"geometry":{"type":"LineString","coordinates":[[136.9091924,35.1660863],[136.9092279,35.1660879]]}},{"type":"Feature","properties":{"kind":"steps"},"geometry":{"type":"LineString","coordinates":[[136.9093087,35.1660108],[136.9093102,35.1659763],[136.909313,35.165928]]}},{"type":"Feature","properties":{"kind":"footway"},"geometry":{"type":"LineString","coordinates":[[136.909313,35.165928],[136.9093154,35.1658888]]}},{"type":"Feature","properties":{"kind":"footway"},"geometry":{"type":"LineString","coordinates":[[136.9081066,35.1620745],[136.9080376,35.1620871],[136.9079773,35.1620867],[136.9079233,35.1620662],[136.9078804,35.1620418],[136.9078323,35.162027],[136.9077799,35.1620222],[136.9077223,35.1620314],[136.9076617,35.1620574],[136.9076137,35.1620855],[136.9075667,35.1621117],[136.9075255,35.1621279],[136.907454,35.1621463],[136.9073888,35.1621506],[136.9073296,35.1621486],[136.9072655,35.1621263],[136.9072093,35.162106],[136.9071571,35.1620892],[136.9071125,35.1620838],[136.9070726,35.1620912],[136.9070501,35.1621061],[136.9070174,35.1621279],[136.9069906,35.1621511],[136.9069454,35.1621675],[136.9068964,35.1621751],[136.9068354,35.1621771],[136.9067923,35.1621794]]}},{"type":"Feature","properties":{"kind":"steps"},"geometry":{"type":"LineString","coordinates":[[136.9090829,35.1634387],[136.9090827,35.1635504]]}},{"type":"Feature","properties":{"kind":"footway"},"geometry":{"type":"LineString","coordinates":[[136.9090827,35.1635504],[136.9090827,35.1635633]]}},{"type":"Feature","properties":{"kind":"footway"},"geometry":{"type":"LineString","coordinates":[[136.9089979,35.1635537],[136.9090019,35.1633728],[136.9089645,35.1633715]]}},{"type":"Feature","properties":{"kind":"footway"},"geometry":{"type":"LineString","coordinates":[[136.9091626,35.16356],[136.9091647,35.1633757],[136.9092099,35.1633761]]}},{"type":"Feature","properties":{"kind":"footway"},"geometry":{"type":"LineString","coordinates":[[136.9060056,35.162414],[136.9060674,35.1624399],[136.906127,35.1624628]]}},{"type":"Feature","properties":{"kind":"footway"},"geometry":{"type":"LineString","coordinates":[[136.9040517,35.1625376],[136.9040627,35.1625912]]}},{"type":"Feature","properties":{"kind":"footway"},"geometry":{"type":"LineString","coordinates":[[136.9039742,35.1625392],[136.9040517,35.1625376]]}},{"type":"Feature","properties":{"kind":"unclassified"},"geometry":{"type":"LineString","coordinates":[[136.9061366,35.1585489],[136.9060527,35.1585553],[136.906003,35.1585841],[136.9059395,35.1586209]]}},{"type":"Feature","properties":{"kind":"footway"},"geometry":{"type":"LineString","coordinates":[[136.8994851,35.170223],[136.8986214,35.1701677],[136.8985774,35.1701216],[136.8986348,35.1694995]]}},{"type":"Feature","properties":{"kind":"footway"},"geometry":{"type":"LineString","coordinates":[[136.8996272,35.169573],[136.8996246,35.169601],[136.8995696,35.1701978],[136.8994851,35.170223]]}},{"type":"Feature","properties":{"kind":"footway"},"geometry":{"type":"LineString","coordinates":[[136.9007591,35.1702938],[136.8997265,35.170228],[136.8997753,35.1696755],[136.8997815,35.1696053]]}},{"type":"Feature","properties":{"kind":"footway"},"geometry":{"type":"LineString","coordinates":[[136.9008229,35.1696606],[136.9007591,35.1702938]]}},{"type":"Feature","properties":{"kind":"footway"},"geometry":{"type":"LineString","coordinates":[[136.9019152,35.170353],[136.9019173,35.1703308],[136.9019742,35.1697347]]}},{"type":"Feature","properties":{"kind":"footway"},"geometry":{"type":"LineString","coordinates":[[136.9031275,35.1704275],[136.9031948,35.1698301],[136.903181,35.1698156]]}},{"type":"Feature","properties":{"kind":"footway"},"geometry":{"type":"LineString","coordinates":[[136.9033166,35.1698141],[136.903288,35.1700799],[136.9032469,35.1704631],[136.9042916,35.1705355]]}},{"type":"Feature","properties":{"kind":"footway"},"geometry":{"type":"LineString","coordinates":[[136.9042916,35.1705355],[136.9043195,35.170274],[136.9043613,35.169881]]}},{"type":"Feature","properties":{"kind":"footway"},"geometry":{"type":"LineString","coordinates":[[136.9054168,35.170632],[136.9044512,35.1705563],[136.904529,35.1698909]]}},{"type":"Feature","properties":{"kind":"footway"},"geometry":{"type":"LineString","coordinates":[[136.9055455,35.1699545],[136.9055442,35.1699685],[136.9054839,35.1706013],[136.9054168,35.170632]]}},{"type":"Feature","properties":{"kind":"footway"},"geometry":{"type":"LineString","coordinates":[[136.9065762,35.1700071],[136.9065622,35.1700444]]}},{"type":"Feature","properties":{"kind":"footway"},"geometry":{"type":"LineString","coordinates":[[136.9058108,35.1689606],[136.9057719,35.1690214],[136.9057366,35.1693662],[136.9057227,35.1695029],[136.9057066,35.1696601]]}},{"type":"Feature","properties":{"kind":"footway"},"geometry":{"type":"LineString","coordinates":[[136.9066201,35.169725],[136.9066489,35.1695066],[136.9066776,35.1692395]]}},{"type":"Feature","properties":{"kind":"footway"},"geometry":{"type":"LineString","coordinates":[[136.9078796,35.1707847],[136.9078662,35.1707942],[136.906954,35.1707307],[136.9069365,35.1707053],[136.906905,35.1706594],[136.906909,35.1706208],[136.906952,35.170223],[136.9069612,35.1702007],[136.9069715,35.1701753],[136.9069752,35.1700947],[136.9069812,35.1700668]]}},{"type":"Feature","properties":{"kind":"footway"},"geometry":{"type":"LineString","coordinates":[[136.9069812,35.1700668],[136.9070014,35.1700321]]}},{"type":"Feature","properties":{"kind":"footway"},"geometry":{"type":"LineString","coordinates":[[136.9079509,35.1702775],[136.9079456,35.170482],[136.9079343,35.1707458],[136.9078796,35.1707847]]}},{"type":"Feature","properties":{"kind":"footway"},"geometry":{"type":"LineString","coordinates":[[136.9072659,35.1690678],[136.9070583,35.1692073],[136.9070515,35.1692662],[136.9070257,35.1696176],[136.9070181,35.1697208],[136.9070232,35.169746]]}},{"type":"Feature","properties":{"kind":"footway"},"geometry":{"type":"LineString","coordinates":[[136.9104445,35.1699542],[136.9104909,35.16993],[136.910534,35.1693107],[136.9105031,35.1692605]]}},{"type":"Feature","properties":{"kind":"unclassified"},"geometry":{"type":"LineString","coordinates":[[136.9081813,35.1603874],[136.9082342,35.1607108],[136.9082386,35.1607374]]}},{"type":"Feature","properties":{"kind":"footway"},"geometry":{"type":"LineString","coordinates":[[136.9089782,35.1717403],[136.9089317,35.1717371]]}},{"type":"Feature","properties":{"kind":"unclassified"},"geometry":{"type":"LineString","coordinates":[[136.9092582,35.1677945],[136.9093659,35.1678014]]}},{"type":"Feature","properties":{"kind":"service"},"geometry":{"type":"LineString","coordinates":[[136.9107112,35.1682002],[136.9106676,35.1681982],[136.9106483,35.1681974],[136.9106285,35.1681965],[136.9105303,35.1681923],[136.9105368,35.1680922],[136.9105457,35.167955],[136.9101285,35.1679245],[136.9101154,35.1680647],[136.9101025,35.1682034]]}},{"type":"Feature","properties":{"kind":"service"},"geometry":{"type":"LineString","coordinates":[[136.9101025,35.1682034],[136.9106256,35.1682347],[136.9106455,35.1682356],[136.9106646,35.1682364],[136.9107082,35.1682384]]}},{"type":"Feature","properties":{"kind":"service"},"geometry":{"type":"LineString","coordinates":[[136.9105368,35.1680922],[136.9101154,35.1680647]]}},{"type":"Feature","properties":{"kind":"service"},"geometry":{"type":"LineString","coordinates":[[136.9100885,35.1683544],[136.9100276,35.1683502]]}},{"type":"Feature","properties":{"kind":"service"},"geometry":{"type":"LineString","coordinates":[[136.9101025,35.1682034],[136.9100885,35.1683544],[136.9105201,35.1683846],[136.9105257,35.1682982]]}},{"type":"Feature","properties":{"kind":"footway"},"geometry":{"type":"LineString","coordinates":[[136.9081176,35.1727619],[136.9081382,35.172539],[136.9080309,35.1725324],[136.9080774,35.1720304],[136.9081575,35.1720354],[136.9081761,35.1718357]]}},{"type":"Feature","properties":{"kind":"footway"},"geometry":{"type":"LineString","coordinates":[[136.9083769,35.1731201],[136.9081177,35.173105],[136.9081458,35.1728332],[136.9081934,35.1728361],[136.9083441,35.1728457],[136.9084074,35.1728278],[136.9083769,35.1731201],[136.9083547,35.1734204],[136.9083411,35.1735733]]}},{"type":"Feature","properties":{"kind":"footway"},"geometry":{"type":"LineString","coordinates":[[136.9088449,35.1728908],[136.9087804,35.1728891]]}},{"type":"Feature","properties":{"kind":"footway"},"geometry":{"type":"LineString","coordinates":[[136.9087804,35.1728891],[136.9087077,35.1728872],[136.9086543,35.1728858]]}},{"type":"Feature","properties":{"kind":"footway"},"geometry":{"type":"LineString","coordinates":[[136.9021019,35.162572],[136.9021758,35.1625717],[136.9022356,35.1625714]]}},{"type":"Feature","properties":{"kind":"footway"},"geometry":{"type":"LineString","coordinates":[[136.9020299,35.1625733],[136.9021019,35.162572]]}},{"type":"Feature","properties":{"kind":"footway"},"geometry":{"type":"LineString","coordinates":[[136.9060382,35.1734085],[136.9053345,35.1733677],[136.9054099,35.1726341],[136.9054122,35.1726118]]}},{"type":"Feature","properties":{"kind":"service"},"geometry":{"type":"LineString","coordinates":[[136.9086918,35.1678317],[136.9086708,35.1681108]]}},{"type":"Feature","properties":{"kind":"service"},"geometry":{"type":"LineString","coordinates":[[136.9088701,35.167841],[136.9088424,35.1681236]]}},{"type":"Feature","properties":{"kind":"footway"},"geometry":{"type":"LineString","coordinates":[[136.8980225,35.1607535],[136.8980495,35.1607536]]}},{"type":"Feature","properties":{"kind":"steps"},"geometry":{"type":"LineString","coordinates":[[136.8980495,35.1607536],[136.8980514,35.160684]]}},{"type":"Feature","properties":{"kind":"footway"},"geometry":{"type":"LineString","coordinates":[[136.8980514,35.160684],[136.8984782,35.1606976]]}},{"type":"Feature","properties":{"kind":"steps"},"geometry":{"type":"LineString","coordinates":[[136.8984782,35.1606976],[136.8984817,35.1606386],[136.8984667,35.160636],[136.898461,35.1607043]]}},{"type":"Feature","properties":{"kind":"footway"},"geometry":{"type":"LineString","coordinates":[[136.8984859,35.1607065],[136.898461,35.1607043]]}},{"type":"Feature","properties":{"kind":"footway"},"geometry":{"type":"LineString","coordinates":[[136.9079031,35.1709699],[136.9079584,35.1709729]]}},{"type":"Feature","properties":{"kind":"footway"},"geometry":{"type":"LineString","coordinates":[[136.908095,35.1709791],[136.9080235,35.1709758],[136.9079584,35.1709729]]}},{"type":"Feature","properties":{"kind":"footway"},"geometry":{"type":"LineString","coordinates":[[136.8992161,35.1729723],[136.8992141,35.1729975],[136.8992121,35.1730149]]}},{"type":"Feature","properties":{"kind":"unclassified"},"geometry":{"type":"LineString","coordinates":[[136.9072599,35.1660721],[136.9071393,35.1660639]]}},{"type":"Feature","properties":{"kind":"footway"},"geometry":{"type":"LineString","coordinates":[[136.9022953,35.1628267],[136.9024278,35.1638159],[136.902433,35.1638548],[136.9024363,35.1638799],[136.902472,35.1641488],[136.9025073,35.1644141],[136.9025128,35.1644558],[136.9025159,35.1644849],[136.9025695,35.1649943],[136.9025733,35.1650301],[136.9025741,35.1650709],[136.9025845,35.1655881],[136.9025853,35.165629],[136.9025823,35.1656577],[136.9024963,35.1664687],[136.9024899,35.1665295],[136.9024845,35.166588],[136.9024589,35.1668623],[136.902438,35.1670863],[136.9024116,35.1673697],[136.9024102,35.1673851],[136.9024582,35.1674219],[136.9024559,35.1674456],[136.9024534,35.1674715],[136.9024505,35.1675014],[136.9024485,35.1675218]]}},{"type":"Feature","properties":{"kind":"footway"},"geometry":{"type":"LineString","coordinates":[[136.9023908,35.1675538],[136.9023667,35.1675532],[136.9022946,35.1675517],[136.9022182,35.16755],[136.902188,35.1675493]]}},{"type":"Feature","properties":{"kind":"footway"},"geometry":{"type":"LineString","coordinates":[[136.9021701,35.1675057],[136.9021707,35.1674898],[136.9021722,35.1674525],[136.9021742,35.1674156],[136.9021754,35.1673949]]}},{"type":"Feature","properties":{"kind":"footway"},"geometry":{"type":"LineString","coordinates":[[136.9024116,35.1673697],[136.9023904,35.1673688],[136.9023126,35.1673656],[136.9022486,35.167363],[136.902234,35.1673624]]}},{"type":"Feature","properties":{"kind":"footway"},"geometry":{"type":"LineString","coordinates":[[136.9011143,35.1665105],[136.900849,35.1664936],[136.9001691,35.1664504],[136.9001151,35.1664966],[136.9000903,35.16675],[136.9000448,35.1672138],[136.9000598,35.1672273],[136.9000861,35.1672508],[136.9000949,35.1672587],[136.9009184,35.1673079],[136.9009884,35.1673121],[136.9010313,35.167298],[136.9010594,35.1672659],[136.901076,35.1671061],[136.9011347,35.1665421],[136.9011143,35.1665105]]}},{"type":"Feature","properties":{"kind":"footway"},"geometry":{"type":"LineString","coordinates":[[136.9013006,35.1665224],[136.9012678,35.1665696],[136.9011945,35.1672823],[136.9012121,35.1673004],[136.9012298,35.1673184],[136.901246,35.167335],[136.9016244,35.1673571],[136.9016645,35.1673594],[136.9017184,35.1673631],[136.9021754,35.1673949]]}},{"type":"Feature","properties":{"kind":"footway"},"geometry":{"type":"LineString","coordinates":[[136.901026,35.1674201],[136.9010261,35.1674074],[136.9010264,35.1673688],[136.9010291,35.1673296],[136.9010313,35.167298]]}},{"type":"Feature","properties":{"kind":"footway"},"geometry":{"type":"LineString","coordinates":[[136.9010313,35.167298],[136.9010693,35.1672985],[136.9011291,35.1672993],[136.9011729,35.1672999],[136.9012121,35.1673004]]}},{"type":"Feature","properties":{"kind":"footway"},"geometry":{"type":"LineString","coordinates":[[136.9012298,35.1673184],[136.9012264,35.1673531],[136.9012235,35.1673823],[136.9012199,35.167419],[136.9012165,35.1674529]]}},{"type":"Feature","properties":{"kind":"footway"},"geometry":{"type":"LineString","coordinates":[[136.9010466,35.1674478],[136.9010736,35.1674486],[136.9011138,35.1674498],[136.9011541,35.1674511],[136.9012165,35.1674529]]}},{"type":"Feature","properties":{"kind":"footway"},"geometry":{"type":"LineString","coordinates":[[136.8979007,35.1671088],[136.8986894,35.1671632],[136.8987075,35.1671517],[136.898724,35.1671413],[136.8987404,35.1671309],[136.8988181,35.1663957],[136.898771,35.1663613],[136.8980065,35.1663138]]}},{"type":"Feature","properties":{"kind":"footway"},"geometry":{"type":"LineString","coordinates":[[136.8989546,35.1664066],[136.8990016,35.1663778],[136.8998909,35.1664312],[136.8999431,35.1664856],[136.8998661,35.167203],[136.8998361,35.1672197],[136.8998244,35.1672261],[136.8997968,35.1672414],[136.8991867,35.1671963],[136.8989064,35.1671745],[136.8988768,35.1671413],[136.8988984,35.1669371],[136.898904,35.1668841],[136.8989546,35.1664066]]}},{"type":"Feature","properties":{"kind":"footway"},"geometry":{"type":"LineString","coordinates":[[136.8988181,35.1663957],[136.8988349,35.166397],[136.8988939,35.1664018],[136.8989546,35.1664066]]}},{"type":"Feature","properties":{"kind":"footway"},"geometry":{"type":"LineString","coordinates":[[136.8988852,35.1672766],[136.8988886,35.1672604],[136.8988939,35.167235],[136.8989021,35.1671951],[136.8989064,35.1671745]]}},{"type":"Feature","properties":{"kind":"footway"},"geometry":{"type":"LineString","coordinates":[[136.8987024,35.1672676],[136.898703,35.1672533],[136.8987044,35.1672227],[136.8987063,35.1671796],[136.8987075,35.1671517]]}},{"type":"Feature","properties":{"kind":"footway"},"geometry":{"type":"LineString","coordinates":[[136.8987252,35.1672887],[136.8987437,35.1672891],[136.8987984,35.1672905],[136.898831,35.1672913],[136.898856,35.1672919]]}},{"type":"Feature","properties":{"kind":"footway"},"geometry":{"type":"LineString","coordinates":[[136.8988768,35.1671413],[136.898815,35.1671413],[136.8987509,35.1671413],[136.898724,35.1671413]]}},{"type":"Feature","properties":{"kind":"footway"},"geometry":{"type":"LineString","coordinates":[[136.8998311,35.1673687],[136.8998664,35.1673698],[136.8999428,35.1673723],[136.9000169,35.1673747],[136.9000539,35.1673759]]}},{"type":"Feature","properties":{"kind":"footway"},"geometry":{"type":"LineString","coordinates":[[136.8998233,35.1673633],[136.8998236,35.1673272],[136.8998238,35.1672939],[136.8998241,35.1672574],[136.8998244,35.1672261]]}},{"type":"Feature","properties":{"kind":"footway"},"geometry":{"type":"LineString","coordinates":[[136.8998361,35.1672197],[136.8998864,35.1672214],[136.8999569,35.1672238],[136.9000232,35.1672261],[136.9000598,35.1672273]]}},{"type":"Feature","properties":{"kind":"footway"},"geometry":{"type":"LineString","coordinates":[[136.9000767,35.1673601],[136.9000782,35.1673426],[136.900081,35.1673101],[136.9000836,35.1672801],[136.9000861,35.1672508]]}},{"type":"Feature","properties":{"kind":"footway"},"geometry":{"type":"LineString","coordinates":[[136.8985439,35.1684103],[136.8985479,35.168365],[136.8985568,35.1682641],[136.8985606,35.1682203]]}},{"type":"Feature","properties":{"kind":"footway"},"geometry":{"type":"LineString","coordinates":[[136.8987963,35.1684277],[136.8987996,35.1683825],[136.898807,35.168281],[136.8988102,35.1682368]]}},{"type":"Feature","properties":{"kind":"footway"},"geometry":{"type":"LineString","coordinates":[[136.8996763,35.1685111],[136.8996786,35.1684871],[136.8996826,35.1684441],[136.8996922,35.1683407],[136.8996962,35.1682979],[136.8996983,35.1682762]]}},{"type":"Feature","properties":{"kind":"footway"},"geometry":{"type":"LineString","coordinates":[[136.8999863,35.1685236],[136.8999876,35.1685085],[136.8999912,35.1684656],[136.8999999,35.1683615],[136.9000042,35.1683112],[136.9000059,35.1682904]]}},{"type":"Feature","properties":{"kind":"footway"},"geometry":{"type":"LineString","coordinates":[[136.9008795,35.1685657],[136.9008831,35.1685277],[136.900893,35.1684217],[136.9008973,35.1683755]]}},{"type":"Feature","properties":{"kind":"footway"},"geometry":{"type":"LineString","coordinates":[[136.901135,35.1685798],[136.9011392,35.1685456],[136.9011524,35.1684393],[136.9011581,35.1683931]]}},{"type":"Feature","properties":{"kind":"footway"},"geometry":{"type":"LineString","coordinates":[[136.9020335,35.1686776],[136.9020365,35.1686454],[136.90204,35.1686084],[136.9020504,35.1684999],[136.902055,35.1684519],[136.9020571,35.1684291]]}},{"type":"Feature","properties":{"kind":"footway"},"geometry":{"type":"LineString","coordinates":[[136.9023274,35.1686892],[136.9023298,35.1686657],[136.9023336,35.1686289],[136.9023447,35.1685197],[136.9023496,35.168472],[136.9023529,35.1684399]]}},{"type":"Feature","properties":{"kind":"footway"},"geometry":{"type":"LineString","coordinates":[[136.9032491,35.1687315],[136.9032523,35.168693],[136.9032616,35.1685816],[136.9032663,35.1685267]]}},{"type":"Feature","properties":{"kind":"footway"},"geometry":{"type":"LineString","coordinates":[[136.9034858,35.1687468],[136.9034896,35.1687095],[136.903501,35.1685977],[136.9035054,35.1685554]]}},{"type":"Feature","properties":{"kind":"footway"},"geometry":{"type":"LineString","coordinates":[[136.9044073,35.1688106],[136.9044108,35.1687737],[136.9044213,35.1686598],[136.904425,35.16862]]}},{"type":"Feature","properties":{"kind":"footway"},"geometry":{"type":"LineString","coordinates":[[136.9046886,35.1688228],[136.9046908,35.1687932],[136.9046992,35.1686804],[136.9047025,35.1686352]]}},{"type":"Feature","properties":{"kind":"footway"},"geometry":{"type":"LineString","coordinates":[[136.9056106,35.1688833],[136.9056126,35.1688575],[136.9056208,35.168754],[136.9056256,35.1686934]]}},{"type":"Feature","properties":{"kind":"footway"},"geometry":{"type":"LineString","coordinates":[[136.9062878,35.1727165],[136.9063192,35.1727191],[136.9063827,35.1727245],[136.9065594,35.1727393],[136.9066475,35.1727467],[136.9066726,35.1727489]]}},{"type":"Feature","properties":{"kind":"footway"},"geometry":{"type":"LineString","coordinates":[[136.9067235,35.1725778],[136.9067193,35.1726152],[136.9067159,35.1726449],[136.9067127,35.1726738],[136.9067086,35.1727101]]}},{"type":"Feature","properties":{"kind":"footway"},"geometry":{"type":"LineString","coordinates":[[136.9063038,35.1725191],[136.9064055,35.172527],[136.9065805,35.1725407],[136.9066561,35.1725466],[136.9066952,35.1725496]]}},{"type":"Feature","properties":{"kind":"footway"},"geometry":{"type":"LineString","coordinates":[[136.9062637,35.1726761],[136.9062659,35.1726503],[136.9062688,35.1726174],[136.9062733,35.1725652]]}},{"type":"Feature","properties":{"kind":"footway"},"geometry":{"type":"LineString","coordinates":[[136.9064942,35.1708883],[136.9065955,35.1708957],[136.9067711,35.1709083],[136.9068464,35.1709137],[136.9068797,35.1709161]]}},{"type":"Feature","properties":{"kind":"footway"},"geometry":{"type":"LineString","coordinates":[[136.9064767,35.1707923],[136.9064808,35.170741],[136.9064829,35.1707142],[136.9064861,35.1706742]]}},{"type":"Feature","properties":{"kind":"footway"},"geometry":{"type":"LineString","coordinates":[[136.9069236,35.170827],[136.9069258,35.1708061],[136.9069293,35.1707737],[136.9069321,35.1707469],[136.9069365,35.1707053]]}},{"type":"Feature","properties":{"kind":"footway"},"geometry":{"type":"LineString","coordinates":[[136.9065349,35.1705941],[136.9065526,35.1705953],[136.9066286,35.1706008],[136.9068048,35.1706134],[136.9068778,35.1706186],[136.906909,35.1706208]]}},{"type":"Feature","properties":{"kind":"footway"},"geometry":{"type":"LineString","coordinates":[[136.9070833,35.1661399],[136.9071312,35.1661423],[136.9072527,35.1661484],[136.907299,35.1661508]]}},{"type":"Feature","properties":{"kind":"footway"},"geometry":{"type":"LineString","coordinates":[[136.9071233,35.1658103],[136.9071669,35.1658125],[136.9072867,35.1658183],[136.9073376,35.1658208]]}},{"type":"Feature","properties":{"kind":"footway"},"geometry":{"type":"LineString","coordinates":[[136.9071356,35.1656649],[136.9071823,35.165667],[136.9073011,35.1656726],[136.9073504,35.1656749]]}},{"type":"Feature","properties":{"kind":"footway"},"geometry":{"type":"LineString","coordinates":[[136.9071546,35.1649862],[136.9071987,35.1649834],[136.9073274,35.1649754],[136.9073747,35.1649725]]}},{"type":"Feature","properties":{"kind":"footway"},"geometry":{"type":"LineString","coordinates":[[136.907123,35.1647627],[136.9071667,35.1647566],[136.9072945,35.1647388],[136.907333,35.1647334]]}},{"type":"Feature","properties":{"kind":"footway"},"geometry":{"type":"LineString","coordinates":[[136.9070207,35.1643588],[136.907069,35.1643509],[136.9072033,35.164329],[136.9072436,35.1643224]]}},{"type":"Feature","properties":{"kind":"footway"},"geometry":{"type":"LineString","coordinates":[[136.9069577,35.1641241],[136.9070092,35.1641157],[136.9071433,35.1640937],[136.9071757,35.1640884]]}},{"type":"Feature","properties":{"kind":"footway"},"geometry":{"type":"LineString","coordinates":[[136.9067716,35.1633786],[136.9068195,35.1633695],[136.9069387,35.1633472],[136.9069838,35.1633387]]}},{"type":"Feature","properties":{"kind":"footway"},"geometry":{"type":"LineString","coordinates":[[136.9067276,35.1631947],[136.906772,35.1631867],[136.9068903,35.1631654],[136.9069419,35.1631561]]}},{"type":"Feature","properties":{"kind":"unclassified"},"geometry":{"type":"LineString","coordinates":[[136.9029949,35.1723894],[136.9029868,35.1724726],[136.9029366,35.1729899],[136.9029153,35.1732089],[136.9029127,35.1732613],[136.9029029,35.1733368]]}},{"type":"Feature","properties":{"kind":"footway"},"geometry":{"type":"LineString","coordinates":[[136.8982162,35.1721331],[136.8982182,35.1721118],[136.8982215,35.1720768],[136.8982265,35.1720239]]}},{"type":"Feature","properties":{"kind":"footway"},"geometry":{"type":"LineString","coordinates":[[136.8982342,35.1721468],[136.8982534,35.172148],[136.8983037,35.172151],[136.8983618,35.1721545],[136.8983783,35.1721555]]}},{"type":"Feature","properties":{"kind":"footway"},"geometry":{"type":"LineString","coordinates":[[136.8982514,35.1720021],[136.898319,35.1720063],[136.8983892,35.1720108]]}},{"type":"Feature","properties":{"kind":"footway"},"geometry":{"type":"LineString","coordinates":[[136.8983912,35.1721505],[136.8983938,35.1721273],[136.898398,35.1720888],[136.8984042,35.172033]]}},{"type":"Feature","properties":{"kind":"footway"},"geometry":{"type":"LineString","coordinates":[[136.8993444,35.1722068],[136.8993463,35.1721856],[136.8993489,35.1721575],[136.8993542,35.1720995]]}},{"type":"Feature","properties":{"kind":"footway"},"geometry":{"type":"LineString","coordinates":[[136.8993611,35.1722259],[136.8993936,35.1722279],[136.899449,35.1722313],[136.8995023,35.1722346],[136.899528,35.1722362]]}},{"type":"Feature","properties":{"kind":"footway"},"geometry":{"type":"LineString","coordinates":[[136.8995578,35.172224],[136.8995607,35.1721982],[136.8995636,35.1721722],[136.89957,35.1721153]]}},{"type":"Feature","properties":{"kind":"footway"},"geometry":{"type":"LineString","coordinates":[[136.8993752,35.17208],[136.8994639,35.1720847],[136.8995378,35.1720887]]}},{"type":"Feature","properties":{"kind":"footway"},"geometry":{"type":"LineString","coordinates":[[136.9005347,35.17229],[136.9005361,35.1722724],[136.9005393,35.1722355],[136.9005438,35.1721821]]}},{"type":"Feature","properties":{"kind":"footway"},"geometry":{"type":"LineString","coordinates":[[136.9005951,35.1723024],[136.9006391,35.1723053],[136.9006831,35.1723081]]}},{"type":"Feature","properties":{"kind":"footway"},"geometry":{"type":"LineString","coordinates":[[136.9006831,35.1723081],[136.900701,35.1723093]]}},{"type":"Feature","properties":{"kind":"footway"},"geometry":{"type":"LineString","coordinates":[[136.9005521,35.1722995],[136.9005683,35.1723006],[136.9005951,35.1723024]]}},{"type":"Feature","properties":{"kind":"footway"},"geometry":{"type":"LineString","coordinates":[[136.9005765,35.1721644],[136.9006527,35.1721699],[136.9007049,35.1721737]]}},{"type":"Feature","properties":{"kind":"footway"},"geometry":{"type":"LineString","coordinates":[[136.9007195,35.1723045],[136.9007224,35.1722756],[136.9007252,35.1722472],[136.9007308,35.1721905]]}},{"type":"Feature","properties":{"kind":"footway"},"geometry":{"type":"LineString","coordinates":[[136.9016949,35.172404],[136.9017213,35.1724052],[136.9017915,35.1724085],[136.9018671,35.172412],[136.901882,35.1724127]]}},{"type":"Feature","properties":{"kind":"footway"},"geometry":{"type":"LineString","coordinates":[[136.9016608,35.1723697],[136.9016638,35.1723385],[136.9016672,35.1723045],[136.9016718,35.1722571]]}},{"type":"Feature","properties":{"kind":"footway"},"geometry":{"type":"LineString","coordinates":[[136.9017168,35.1721949],[136.9018116,35.1722],[136.9018984,35.1722046]]}},{"type":"Feature","properties":{"kind":"footway"},"geometry":{"type":"LineString","coordinates":[[136.901946,35.172378],[136.9019482,35.172352],[136.9019507,35.1723223],[136.9019548,35.1722736]]}},{"type":"Feature","properties":{"kind":"footway"},"geometry":{"type":"LineString","coordinates":[[136.9029308,35.1723201],[136.9030016,35.1723244],[136.9030632,35.1723281]]}},{"type":"Feature","properties":{"kind":"footway"},"geometry":{"type":"LineString","coordinates":[[136.9028922,35.1724368],[136.9028937,35.1724171],[136.9028963,35.1723831],[136.9028997,35.1723395]]}},{"type":"Feature","properties":{"kind":"footway"},"geometry":{"type":"LineString","coordinates":[[136.9029203,35.1724685],[136.9029421,35.1724698],[136.9029868,35.1724726],[136.9030281,35.1724752],[136.9030494,35.1724765]]}},{"type":"Feature","properties":{"kind":"footway"},"geometry":{"type":"LineString","coordinates":[[136.9030896,35.17245],[136.9030917,35.1724331],[136.9030963,35.1723971],[136.9031025,35.1723486]]}},{"type":"Feature","properties":{"kind":"footway"},"geometry":{"type":"LineString","coordinates":[[136.9040513,35.1725222],[136.9040535,35.1724943],[136.9040554,35.1724703],[136.9040603,35.1724079]]}},{"type":"Feature","properties":{"kind":"footway"},"geometry":{"type":"LineString","coordinates":[[136.904081,35.1725529],[136.90412,35.1725544],[136.9041707,35.1725563],[136.9042233,35.1725584],[136.9042437,35.1725592]]}},{"type":"Feature","properties":{"kind":"footway"},"geometry":{"type":"LineString","coordinates":[[136.9043051,35.1725447],[136.9043079,35.1725139],[136.9043102,35.1724883],[136.9043155,35.1724312]]}},{"type":"Feature","properties":{"kind":"footway"},"geometry":{"type":"LineString","coordinates":[[136.9040964,35.1723825],[136.9041864,35.1723875],[136.9042702,35.1723921]]}},{"type":"Feature","properties":{"kind":"footway"},"geometry":{"type":"LineString","coordinates":[[136.9052536,35.1725992],[136.9052551,35.1725774],[136.9052571,35.1725503],[136.9052604,35.1725034]]}},{"type":"Feature","properties":{"kind":"footway"},"geometry":{"type":"LineString","coordinates":[[136.9052807,35.1726296],[136.9053049,35.1726304],[136.9053525,35.1726321],[136.9053801,35.1726331],[136.9054099,35.1726341]]}},{"type":"Feature","properties":{"kind":"footway"},"geometry":{"type":"LineString","coordinates":[[136.9052949,35.1724669],[136.9053678,35.1724702],[136.9054229,35.1724726]]}},{"type":"Feature","properties":{"kind":"footway"},"geometry":{"type":"LineString","coordinates":[[136.9054497,35.1726146],[136.9054519,35.1725883],[136.9054541,35.1725633],[136.905459,35.1725053]]}},{"type":"Feature","properties":{"kind":"unclassified"},"geometry":{"type":"LineString","coordinates":[[136.9050235,35.1581764],[136.9051409,35.1587401]]}},{"type":"Feature","properties":{"kind":"trunk"},"geometry":{"type":"LineString","coordinates":[[136.8978477,35.1662256],[136.8979301,35.1655173],[136.8979421,35.1654138],[136.897955,35.1652829],[136.8980117,35.1647486],[136.8980382,35.164495],[136.8980939,35.1639623],[136.8982051,35.1628083],[136.8982205,35.1626477],[136.8982969,35.1620461],[136.8983085,35.1618591]]}},{"type":"Feature","properties":{"kind":"trunk"},"geometry":{"type":"LineString","coordinates":[[136.8980768,35.161859],[136.8980618,35.1620885],[136.8979996,35.1626117],[136.8979819,35.1627999],[136.897954,35.1631017],[136.8979011,35.1636709],[136.8978702,35.1640038],[136.8977613,35.1650429],[136.8977208,35.1654547],[136.8976353,35.1662123]]}},{"type":"Feature","properties":{"kind":"footway"},"geometry":{"type":"LineString","coordinates":[[136.9066923,35.1632011],[136.9067276,35.1631947]]}},{"type":"Feature","properties":{"kind":"footway"},"geometry":{"type":"LineString","coordinates":[[136.9069419,35.1631561],[136.9069744,35.1631503]]}},{"type":"Feature","properties":{"kind":"footway"},"geometry":{"type":"LineString","coordinates":[[136.9069838,35.1633387],[136.9070102,35.1633337]]}},{"type":"Feature","properties":{"kind":"footway"},"geometry":{"type":"LineString","coordinates":[[136.9067372,35.163385],[136.9067716,35.1633786]]}},{"type":"Feature","properties":{"kind":"footway"},"geometry":{"type":"LineString","coordinates":[[136.9069215,35.1641301],[136.9069577,35.1641241]]}},{"type":"Feature","properties":{"kind":"footway"},"geometry":{"type":"LineString","coordinates":[[136.9069834,35.1643649],[136.9070207,35.1643588]]}},{"type":"Feature","properties":{"kind":"footway"},"geometry":{"type":"LineString","coordinates":[[136.9072436,35.1643224],[136.9072669,35.1643186]]}},{"type":"Feature","properties":{"kind":"footway"},"geometry":{"type":"LineString","coordinates":[[136.9071757,35.1640884],[136.907201,35.1640842]]}},{"type":"Feature","properties":{"kind":"footway"},"geometry":{"type":"LineString","coordinates":[[136.907085,35.164768],[136.907123,35.1647627]]}},{"type":"Feature","properties":{"kind":"footway"},"geometry":{"type":"LineString","coordinates":[[136.9071171,35.1649885],[136.9071546,35.1649862]]}},{"type":"Feature","properties":{"kind":"footway"},"geometry":{"type":"LineString","coordinates":[[136.9073747,35.1649725],[136.907414,35.1649701]]}},{"type":"Feature","properties":{"kind":"footway"},"geometry":{"type":"LineString","coordinates":[[136.907333,35.1647334],[136.9073763,35.1647273]]}},{"type":"Feature","properties":{"kind":"footway"},"geometry":{"type":"LineString","coordinates":[[136.9070876,35.1658086],[136.9071233,35.1658103]]}},{"type":"Feature","properties":{"kind":"footway"},"geometry":{"type":"LineString","coordinates":[[136.9073376,35.1658208],[136.9073574,35.1658218]]}},{"type":"Feature","properties":{"kind":"footway"},"geometry":{"type":"LineString","coordinates":[[136.9073504,35.1656749],[136.9073667,35.1656756],[136.9073937,35.1656645]]}},{"type":"Feature","properties":{"kind":"footway"},"geometry":{"type":"LineString","coordinates":[[136.9070984,35.1656631],[136.9071356,35.1656649]]}},{"type":"Feature","properties":{"kind":"footway"},"geometry":{"type":"LineString","coordinates":[[136.907299,35.1661508],[136.9073201,35.1661518]]}},{"type":"Feature","properties":{"kind":"footway"},"geometry":{"type":"LineString","coordinates":[[136.9070545,35.1661385],[136.9070833,35.1661399]]}},{"type":"Feature","properties":{"kind":"footway"},"geometry":{"type":"LineString","coordinates":[[136.9076828,35.1631582],[136.9070343,35.1632704],[136.907018,35.1632852]]}},{"type":"Feature","properties":{"kind":"footway"},"geometry":{"type":"LineString","coordinates":[[136.9082446,35.17184],[136.9082496,35.1717992]]}},{"type":"Feature","properties":{"kind":"footway"},"geometry":{"type":"LineString","coordinates":[[136.9084498,35.1702532],[136.9084098,35.1706481]]}},{"type":"Feature","properties":{"kind":"footway"},"geometry":{"type":"LineString","coordinates":[[136.9085692,35.1710144],[136.9086501,35.1710189],[136.9086566,35.1709437],[136.9086793,35.1706627]]}},{"type":"Feature","properties":{"kind":"footway"},"geometry":{"type":"LineString","coordinates":[[136.9083303,35.1710028],[136.9085692,35.1710144],[136.9084881,35.1718153]]}},{"type":"Feature","properties":{"kind":"footway"},"geometry":{"type":"LineString","coordinates":[[136.9086543,35.1728858],[136.9086309,35.172885],[136.9086398,35.1727757],[136.9084467,35.1727681],[136.9084128,35.1727668],[136.9084101,35.1727975],[136.9084074,35.1728278]]}},{"type":"Feature","properties":{"kind":"footway"},"geometry":{"type":"LineString","coordinates":[[136.9081507,35.1727758],[136.9081458,35.1728332]]}},{"type":"Feature","properties":{"kind":"footway"},"geometry":{"type":"LineString","coordinates":[[136.9084467,35.1727681],[136.9084658,35.172561],[136.9085811,35.1725682],[136.908628,35.1720622],[136.9086379,35.1719555]]}},{"type":"Feature","properties":{"kind":"footway"},"geometry":{"type":"LineString","coordinates":[[136.9084658,35.172561],[136.9083236,35.1725516]]}},{"type":"Feature","properties":{"kind":"footway"},"geometry":{"type":"LineString","coordinates":[[136.908628,35.1720622],[136.9083824,35.1720448]]}},{"type":"Feature","properties":{"kind":"footway"},"geometry":{"type":"LineString","coordinates":[[136.908644,35.1718965],[136.9087417,35.1719025]]}},{"type":"Feature","properties":{"kind":"footway"},"geometry":{"type":"LineString","coordinates":[[136.9082971,35.170642],[136.9082703,35.1709208],[136.9082924,35.170922]]}},{"type":"Feature","properties":{"kind":"footway"},"geometry":{"type":"LineString","coordinates":[[136.9082446,35.17184],[136.9081761,35.1718357],[136.908006,35.1718249]]}},{"type":"Feature","properties":{"kind":"footway"},"geometry":{"type":"LineString","coordinates":[[136.9086793,35.1706627],[136.9085905,35.1706579],[136.9084098,35.1706481],[136.9082971,35.170642]]}},{"type":"Feature","properties":{"kind":"footway"},"geometry":{"type":"LineString","coordinates":[[136.9085905,35.1706579],[136.9086237,35.1702628]]}},{"type":"Feature","properties":{"kind":"pedestrian"},"geometry":{"type":"LineString","coordinates":[[136.9082805,35.1709088],[136.9083027,35.1706478],[136.9086667,35.1706685],[136.9086445,35.1709295],[136.9086213,35.1709281],[136.9085704,35.1709253],[136.9085559,35.1709244],[136.9083002,35.1709099],[136.9082939,35.1709095],[136.9082805,35.1709088]]}},{"type":"Feature","properties":{"kind":"footway"},"geometry":{"type":"LineString","coordinates":[[136.9082703,35.1709208],[136.908264,35.1709866]]}},{"type":"Feature","properties":{"kind":"steps"},"geometry":{"type":"LineString","coordinates":[[136.9086213,35.1709281],[136.9086396,35.17073]]}},{"type":"Feature","properties":{"kind":"footway"},"geometry":{"type":"LineString","coordinates":[[136.9085526,35.1709671],[136.9085674,35.1709676]]}},{"type":"Feature","properties":{"kind":"steps"},"geometry":{"type":"LineString","coordinates":[[136.9085673,35.1707836],[136.9085602,35.1708713],[136.9085559,35.1709244]]}},{"type":"Feature","properties":{"kind":"steps"},"geometry":{"type":"LineString","coordinates":[[136.9085704,35.1709253],[136.9085814,35.170784]]}},{"type":"Feature","properties":{"kind":"footway"},"geometry":{"type":"LineString","coordinates":[[136.9082703,35.1709208],[136.9082988,35.1709223],[136.9084861,35.1709324],[136.9085222,35.1709655],[136.9085526,35.1709671],[136.9085559,35.1709244]]}},{"type":"Feature","properties":{"kind":"footway"},"geometry":{"type":"LineString","coordinates":[[136.9082988,35.1709223],[136.9083002,35.1709099]]}},{"type":"Feature","properties":{"kind":"steps"},"geometry":{"type":"LineString","coordinates":[[136.9083184,35.1707062],[136.9083002,35.1709099]]}},{"type":"Feature","properties":{"kind":"footway"},"geometry":{"type":"LineString","coordinates":[[136.9086196,35.1709419],[136.9086566,35.1709437]]}},{"type":"Feature","properties":{"kind":"footway"},"geometry":{"type":"LineString","coordinates":[[136.9085704,35.1709253],[136.9085674,35.1709676],[136.9085963,35.170969],[136.9085991,35.1709409],[136.9086196,35.1709419],[136.9086213,35.1709281]]}},{"type":"Feature","properties":{"kind":"footway"},"geometry":{"type":"LineString","coordinates":[[136.9083862,35.1718084],[136.9084881,35.1718153],[136.9086498,35.1718263],[136.9087488,35.171833]]}},{"type":"Feature","properties":{"kind":"footway"},"geometry":{"type":"LineString","coordinates":[[136.9083691,35.1719766],[136.9083623,35.1720433]]}},{"type":"Feature","properties":{"kind":"steps"},"geometry":{"type":"LineString","coordinates":[[136.9083725,35.1719436],[136.9083691,35.1719766]]}},{"type":"Feature","properties":{"kind":"footway"},"geometry":{"type":"LineString","coordinates":[[136.9081382,35.172539],[136.9083236,35.1725516]]}},{"type":"Feature","properties":{"kind":"footway"},"geometry":{"type":"LineString","coordinates":[[136.9085679,35.1719517],[136.9086379,35.1719555],[136.908644,35.1718965],[136.9086498,35.1718263]]}},{"type":"Feature","properties":{"kind":"footway"},"geometry":{"type":"LineString","coordinates":[[136.9085236,35.1719222],[136.9085214,35.1719491],[136.9085459,35.1719505]]}},{"type":"Feature","properties":{"kind":"steps"},"geometry":{"type":"LineString","coordinates":[[136.9085459,35.1719505],[136.9085679,35.1719517]]}},{"type":"Feature","properties":{"kind":"footway"},"geometry":{"type":"LineString","coordinates":[[136.908498,35.1718713],[136.9085277,35.1718729],[136.9085265,35.1718872]]}},{"type":"Feature","properties":{"kind":"steps"},"geometry":{"type":"LineString","coordinates":[[136.9085265,35.1718872],[136.9085236,35.1719222]]}},{"type":"Feature","properties":{"kind":"pedestrian"},"geometry":{"type":"LineString","coordinates":[[136.9080868,35.1734039],[136.9081177,35.173105],[136.9081458,35.1728332],[136.9083966,35.1728531],[136.9083769,35.1731201],[136.9083547,35.1734204],[136.9080868,35.1734039]]}},{"type":"Feature","properties":{"kind":"path"},"geometry":{"type":"LineString","coordinates":[[136.90468,35.167242],[136.9047288,35.1672454],[136.9047853,35.1672492],[136.9050937,35.1672701],[136.905799,35.167318],[136.9058432,35.167321],[136.9058738,35.1673231]]}},{"type":"Feature","properties":{"kind":"path"},"geometry":{"type":"LineString","coordinates":[[136.9059464,35.1673046],[136.90624,35.1673235]]}},{"type":"Feature","properties":{"kind":"unclassified"},"geometry":{"type":"LineString","coordinates":[[136.9061978,35.1677257],[136.906203,35.1676758],[136.90624,35.1673235],[136.9062455,35.1672766],[136.906255,35.1671962]]}},{"type":"Feature","properties":{"kind":"path"},"geometry":{"type":"LineString","coordinates":[[136.9045225,35.1681048],[136.9034842,35.1680366]]}},{"type":"Feature","properties":{"kind":"footway"},"geometry":{"type":"LineString","coordinates":[[136.9096647,35.1702502],[136.9103463,35.1702955]]}},{"type":"Feature","properties":{"kind":"footway"},"geometry":{"type":"LineString","coordinates":[[136.9103463,35.1702955],[136.9103481,35.1702846]]}},{"type":"Feature","properties":{"kind":"footway"},"geometry":{"type":"LineString","coordinates":[[136.9103481,35.1702846],[136.9103553,35.1701915],[136.9103664,35.1700485],[136.9103705,35.1699961]]}},{"type":"Feature","properties":{"kind":"footway"},"geometry":{"type":"LineString","coordinates":[[136.9106174,35.1702729],[136.9106238,35.1702076],[136.9106375,35.1700635],[136.9106421,35.1700215]]}},{"type":"Feature","properties":{"kind":"footway"},"geometry":{"type":"LineString","coordinates":[[136.9106174,35.1702729],[136.9106139,35.1702945]]}},{"type":"Feature","properties":{"kind":"footway"},"geometry":{"type":"LineString","coordinates":[[136.9106421,35.1700215],[136.9106449,35.1699888]]}},{"type":"Feature","properties":{"kind":"footway"},"geometry":{"type":"LineString","coordinates":[[136.9106162,35.1699811],[136.9106713,35.1692973],[136.9106868,35.1692753]]}},{"type":"Feature","properties":{"kind":"footway"},"geometry":{"type":"LineString","coordinates":[[136.9103724,35.1699716],[136.9103705,35.1699961]]}},{"type":"Feature","properties":{"kind":"footway"},"geometry":{"type":"LineString","coordinates":[[136.8983425,35.1710869],[136.8984165,35.1710881],[136.8984819,35.1710891]]}},{"type":"Feature","properties":{"kind":"footway"},"geometry":{"type":"LineString","coordinates":[[136.8983322,35.1712195],[136.8984031,35.171223],[136.8984636,35.171226]]}},{"type":"Feature","properties":{"kind":"footway"},"geometry":{"type":"LineString","coordinates":[[136.8983322,35.1712195],[136.8983375,35.1711514],[136.8983425,35.1710869]]}},{"type":"Feature","properties":{"kind":"footway"},"geometry":{"type":"LineString","coordinates":[[136.8984636,35.171226],[136.8984723,35.1711606],[136.8984819,35.1710891]]}},{"type":"Feature","properties":{"kind":"tertiary"},"geometry":{"type":"LineString","coordinates":[[136.9088185,35.1718485],[136.9088246,35.1717948]]}},{"type":"Feature","properties":{"kind":"tertiary"},"geometry":{"type":"LineString","coordinates":[[136.9067036,35.1699565],[136.9068778,35.1699633]]}},{"type":"Feature","properties":{"kind":"tertiary"},"geometry":{"type":"LineString","coordinates":[[136.9081083,35.1618427],[136.9079481,35.1618598],[136.9067794,35.1619822],[136.9066037,35.1620031],[136.9064785,35.162013]]}},{"type":"Feature","properties":{"kind":"primary"},"geometry":{"type":"LineString","coordinates":[[136.9106202,35.1691926],[136.9107842,35.1692032],[136.9128636,35.169337],[136.9129506,35.1693426],[136.913047,35.1693488],[136.9137171,35.1693919],[136.9142014,35.169423],[136.9144403,35.1694383]]}},{"type":"Feature","properties":{"kind":"tertiary"},"geometry":{"type":"LineString","coordinates":[[136.9091149,35.1690995],[136.9091243,35.1689967]]}},{"type":"Feature","properties":{"kind":"tertiary"},"geometry":{"type":"LineString","coordinates":[[136.9067214,35.169825],[136.9067036,35.1699565]]}},{"type":"Feature","properties":{"kind":"tertiary"},"geometry":{"type":"LineString","coordinates":[[136.9081321,35.1699123],[136.9079654,35.1699043],[136.9070174,35.1698462],[136.906885,35.1698383]]}},{"type":"Feature","properties":{"kind":"primary"},"geometry":{"type":"LineString","coordinates":[[136.8976209,35.1683003],[136.897711,35.1683066],[136.8979005,35.1683198],[136.8985479,35.168365],[136.8986791,35.1683741],[136.8987996,35.1683825],[136.8996826,35.1684441],[136.8998453,35.1684554],[136.8999912,35.1684656],[136.9008831,35.1685277],[136.9010105,35.1685366]]}},{"type":"Feature","properties":{"kind":"primary"},"geometry":{"type":"LineString","coordinates":[[136.9010105,35.1685366],[136.9011392,35.1685456],[136.90204,35.1686084],[136.9021915,35.168619]]}},{"type":"Feature","properties":{"kind":"tertiary"},"geometry":{"type":"LineString","coordinates":[[136.9021915,35.168619],[136.9022037,35.1685102]]}},{"type":"Feature","properties":{"kind":"tertiary"},"geometry":{"type":"LineString","coordinates":[[136.9020758,35.1696626],[136.9020925,35.1695102],[136.9021026,35.1694192],[136.9021837,35.1686891],[136.9021915,35.168619]]}},{"type":"Feature","properties":{"kind":"primary"},"geometry":{"type":"LineString","coordinates":[[136.9068445,35.1688318],[136.9065419,35.1688189],[136.9057401,35.1687635],[136.9056208,35.168754],[136.9046992,35.1686804],[136.9045488,35.1686684],[136.9044213,35.1686598],[136.903501,35.1685977],[136.903376,35.1685893],[136.9032616,35.1685816],[136.9023447,35.1685197],[136.9022037,35.1685102]]}},{"type":"Feature","properties":{"kind":"tertiary"},"geometry":{"type":"LineString","coordinates":[[136.9058641,35.1574095],[136.9058712,35.157627],[136.9058838,35.1580154],[136.9059271,35.158486],[136.9059336,35.1585567],[136.9059395,35.1586209],[136.9059436,35.1586825],[136.9059902,35.1593752],[136.9060419,35.160145],[136.9060481,35.1602374],[136.9060494,35.1602572],[136.9060501,35.1602605],[136.9060681,35.160345],[136.9061254,35.160613],[136.9061959,35.16089],[136.9062081,35.1609381],[136.9062247,35.1610034],[136.9062416,35.1610698],[136.9063715,35.1615885],[136.9064389,35.1618557],[136.9064785,35.162013]]}},{"type":"Feature","properties":{"kind":"tertiary"},"geometry":{"type":"LineString","coordinates":[[136.9085261,35.1624034],[136.9087485,35.162381],[136.9094367,35.1623073],[136.9095753,35.1622927]]}},{"type":"Feature","properties":{"kind":"tertiary"},"geometry":{"type":"LineString","coordinates":[[136.9064785,35.162013],[136.9065163,35.162172],[136.9066147,35.162592]]}},{"type":"Feature","properties":{"kind":"tertiary"},"geometry":{"type":"LineString","coordinates":[[136.9067428,35.1625794],[136.9069061,35.1625642],[136.9083477,35.1624181],[136.9085261,35.1624034]]}},{"type":"Feature","properties":{"kind":"tertiary"},"geometry":{"type":"LineString","coordinates":[[136.906885,35.1698383],[136.9067214,35.169825]]}},{"type":"Feature","properties":{"kind":"tertiary"},"geometry":{"type":"LineString","coordinates":[[136.9068778,35.1699633],[136.906885,35.1698383]]}},{"type":"Feature","properties":{"kind":"trunk"},"geometry":{"type":"LineString","coordinates":[[136.8982936,35.1581083],[136.8982866,35.1582471],[136.8982821,35.1584159],[136.8982687,35.1589224],[136.8982287,35.1595639],[136.8982105,35.1599326],[136.898194,35.1602678],[136.8981819,35.1604079],[136.8981428,35.1608627],[136.8981198,35.1612013],[136.8980968,35.1615532],[136.8980768,35.161859]]}},{"type":"Feature","properties":{"kind":"trunk"},"geometry":{"type":"LineString","coordinates":[[136.8983085,35.1618591],[136.8983365,35.1614066],[136.8983811,35.1608386],[136.8984051,35.1604167],[136.8984152,35.1602393],[136.8984233,35.1601185],[136.8984366,35.1599218],[136.8984539,35.1596654],[136.8984768,35.1593251],[136.8984845,35.1592112],[136.8985127,35.1583764],[136.8985205,35.1581796]]}},{"type":"Feature","properties":{"kind":"tertiary"},"geometry":{"type":"LineString","coordinates":[[136.9064785,35.162013],[136.9063089,35.1620165],[136.9055619,35.1620234],[136.9045571,35.1620506],[136.9039516,35.162056],[136.9038222,35.1620569],[136.9036903,35.1620588],[136.9021219,35.1620846]]}},{"type":"Feature","properties":{"kind":"tertiary"},"geometry":{"type":"LineString","coordinates":[[136.9021892,35.1626925],[136.9038192,35.1626622],[136.9039511,35.1626609],[136.9040763,35.1626577],[136.9054624,35.1626296],[136.9057598,35.1626199],[136.9064611,35.1625969],[136.9066147,35.162592]]}},{"type":"Feature","properties":{"kind":"tertiary"},"geometry":{"type":"LineString","coordinates":[[136.9021892,35.1626925],[136.9021758,35.1625717],[136.9021219,35.1620846]]}},{"type":"Feature","properties":{"kind":"tertiary"},"geometry":{"type":"LineString","coordinates":[[136.9066147,35.162592],[136.9067428,35.1625794]]}},{"type":"Feature","properties":{"kind":"tertiary"},"geometry":{"type":"LineString","coordinates":[[136.9067428,35.1625794],[136.9066425,35.1621629],[136.9066037,35.1620031]]}},{"type":"Feature","properties":{"kind":"footway"},"geometry":{"type":"LineString","coordinates":[[136.9080502,35.1658318],[136.9083908,35.1658513]]}},{"type":"Feature","properties":{"kind":"footway"},"geometry":{"type":"LineString","coordinates":[[136.9079815,35.1658279],[136.9080502,35.1658318]]}},{"type":"Feature","properties":{"kind":"footway"},"geometry":{"type":"LineString","coordinates":[[136.90806,35.1657238],[136.9079913,35.1657191]]}},{"type":"Feature","properties":{"kind":"footway"},"geometry":{"type":"LineString","coordinates":[[136.9083951,35.1657267],[136.908108,35.165727],[136.90806,35.1657238]]}},{"type":"Feature","properties":{"kind":"unclassified"},"geometry":{"type":"LineString","coordinates":[[136.9079867,35.1657703],[136.9080554,35.1657741]]}},{"type":"Feature","properties":{"kind":"unclassified"},"geometry":{"type":"LineString","coordinates":[[136.9071763,35.1657271],[136.9072958,35.1657325],[136.9073962,35.165738],[136.9079867,35.1657703]]}},{"type":"Feature","properties":{"kind":"unclassified"},"geometry":{"type":"LineString","coordinates":[[136.9078987,35.1678546],[136.9081969,35.1678795],[136.9083261,35.1678903]]}},{"type":"Feature","properties":{"kind":"unclassified"},"geometry":{"type":"LineString","coordinates":[[136.9078425,35.16785],[136.9078987,35.1678546]]}},{"type":"Feature","properties":{"kind":"tertiary"},"geometry":{"type":"LineString","coordinates":[[136.908239,35.1690389],[136.9082088,35.1692855],[136.9081592,35.169684],[136.9081321,35.1699123]]}},{"type":"Feature","properties":{"kind":"primary"},"geometry":{"type":"LineString","coordinates":[[136.908246,35.1689224],[136.9079648,35.1689024],[136.9073912,35.1688663],[136.9069991,35.1688338]]}},{"type":"Feature","properties":{"kind":"tertiary"},"geometry":{"type":"LineString","coordinates":[[136.908246,35.1689224],[136.908239,35.1690389]]}},{"type":"Feature","properties":{"kind":"footway"},"geometry":{"type":"LineString","coordinates":[[136.9056256,35.1686934],[136.9056274,35.1686702]]}},{"type":"Feature","properties":{"kind":"footway"},"geometry":{"type":"LineString","coordinates":[[136.9056076,35.168921],[136.9056106,35.1688833]]}},{"type":"Feature","properties":{"kind":"footway"},"geometry":{"type":"LineString","coordinates":[[136.904425,35.16862],[136.904428,35.1685875]]}},{"type":"Feature","properties":{"kind":"footway"},"geometry":{"type":"LineString","coordinates":[[136.9044056,35.1688293],[136.9044073,35.1688106]]}},{"type":"Feature","properties":{"kind":"footway"},"geometry":{"type":"LineString","coordinates":[[136.9047025,35.1686352],[136.9047042,35.1686127]]}},{"type":"Feature","properties":{"kind":"footway"},"geometry":{"type":"LineString","coordinates":[[136.9046865,35.168852],[136.9046886,35.1688228]]}},{"type":"Feature","properties":{"kind":"footway"},"geometry":{"type":"LineString","coordinates":[[136.9032663,35.1685267],[136.9032678,35.1685088]]}},{"type":"Feature","properties":{"kind":"footway"},"geometry":{"type":"LineString","coordinates":[[136.9032472,35.1687534],[136.9032491,35.1687315]]}},{"type":"Feature","properties":{"kind":"footway"},"geometry":{"type":"LineString","coordinates":[[136.9035054,35.1685554],[136.903508,35.1685291]]}},{"type":"Feature","properties":{"kind":"footway"},"geometry":{"type":"LineString","coordinates":[[136.903484,35.168765],[136.9034858,35.1687468]]}},{"type":"Feature","properties":{"kind":"footway"},"geometry":{"type":"LineString","coordinates":[[136.9011581,35.1683931],[136.9011612,35.1683687]]}},{"type":"Feature","properties":{"kind":"footway"},"geometry":{"type":"LineString","coordinates":[[136.9011323,35.1686016],[136.901135,35.1685798]]}},{"type":"Feature","properties":{"kind":"footway"},"geometry":{"type":"LineString","coordinates":[[136.9008973,35.1683755],[136.9008992,35.1683546]]}},{"type":"Feature","properties":{"kind":"footway"},"geometry":{"type":"LineString","coordinates":[[136.9008776,35.168586],[136.9008795,35.1685657]]}},{"type":"Feature","properties":{"kind":"footway"},"geometry":{"type":"LineString","coordinates":[[136.8988102,35.1682368],[136.8988117,35.1682169]]}},{"type":"Feature","properties":{"kind":"footway"},"geometry":{"type":"LineString","coordinates":[[136.8987953,35.1684417],[136.8987963,35.1684277]]}},{"type":"Feature","properties":{"kind":"footway"},"geometry":{"type":"LineString","coordinates":[[136.8985606,35.1682203],[136.8985621,35.1682032]]}},{"type":"Feature","properties":{"kind":"footway"},"geometry":{"type":"LineString","coordinates":[[136.8985418,35.1684349],[136.8985439,35.1684103]]}},{"type":"Feature","properties":{"kind":"primary"},"geometry":{"type":"LineString","coordinates":[[136.9069991,35.1688338],[136.9068445,35.1688318]]}},{"type":"Feature","properties":{"kind":"tertiary"},"geometry":{"type":"LineString","coordinates":[[136.9068445,35.1688318],[136.9068315,35.1689425],[136.906793,35.1692456],[136.9067325,35.1697275],[136.9067214,35.169825]]}},{"type":"Feature","properties":{"kind":"tertiary"},"geometry":{"type":"LineString","coordinates":[[136.906885,35.1698383],[136.9068954,35.1697382],[136.9069415,35.169258],[136.9069719,35.1689523]]}},{"type":"Feature","properties":{"kind":"service"},"geometry":{"type":"LineString","coordinates":[[136.8992896,35.1660949],[136.8992777,35.1662333],[136.8992746,35.1662692],[136.8992708,35.1663141]]}},{"type":"Feature","properties":{"kind":"footway"},"geometry":{"type":"LineString","coordinates":[[136.9017885,35.1665907],[136.9017907,35.1665536],[136.9017945,35.1665452],[136.9018062,35.1665342],[136.9022347,35.1665586],[136.9022749,35.1665699],[136.9023034,35.1665899],[136.9023175,35.1666167],[136.9022675,35.1671585],[136.9022486,35.167363],[136.9022461,35.1673902],[136.9022139,35.1674129],[136.9021958,35.1674173],[136.9021742,35.1674156],[136.9017351,35.1673809],[136.9017184,35.1673631],[136.901716,35.1673513],[136.9017177,35.1673306],[136.9017537,35.1673543],[136.9021673,35.1673733],[136.9022049,35.1673454],[136.9022199,35.167156],[136.9022622,35.1666239],[136.9022307,35.1666008],[136.9018133,35.1665762],[136.9017885,35.1665907]]}},{"type":"Feature","properties":{"kind":"footway"},"geometry":{"type":"LineString","coordinates":[[136.9016932,35.1665984],[136.9016978,35.1665479],[136.9016889,35.1665331],[136.9016704,35.1665214],[136.901304,35.1664978],[136.9012812,35.1665052],[136.9012628,35.16652],[136.9012513,35.1665444],[136.9011725,35.1672863],[136.9011729,35.1672999],[136.9011772,35.167323],[136.9012041,35.1673463],[136.9012264,35.1673531],[136.9012517,35.1673559],[136.9015967,35.1673773],[136.9016154,35.167368],[136.9016244,35.1673571],[136.9016302,35.1673262],[136.9015973,35.1673436],[136.901249,35.1673197],[136.9012171,35.1672873],[136.9012865,35.1665712],[136.9013321,35.1665416],[136.9016657,35.1665652],[136.9016932,35.1665984]]}},{"type":"Feature","properties":{"kind":"footway"},"geometry":{"type":"LineString","coordinates":[[136.9018843,35.1654582],[136.9019035,35.1654676],[136.9023655,35.1654565],[136.9023868,35.1654304],[136.9023867,35.165283],[136.9023866,35.1650638],[136.9022974,35.1643595],[136.9022599,35.1640631],[136.9022387,35.1638962],[136.9022189,35.1638792],[136.9018706,35.163903],[136.9018511,35.1639211],[136.9018528,35.1638956],[136.9018652,35.1638827],[136.9018837,35.1638792],[136.9022441,35.1638633],[136.9022598,35.1638726],[136.9022702,35.163894],[136.9022919,35.1640611],[136.9023303,35.164357],[136.9024198,35.1650473],[136.9024175,35.165283],[136.9024158,35.165459],[136.9023963,35.1654793],[136.9023641,35.1654913],[136.9019115,35.1654957],[136.9018944,35.1654864],[136.9018864,35.1654708],[136.9018843,35.1654582]]}},{"type":"Feature","properties":{"kind":"footway"},"geometry":{"type":"LineString","coordinates":[[136.9017962,35.1664068],[136.901982,35.1664163],[136.9022562,35.1664304],[136.9023075,35.1664008],[136.902333,35.1660849],[136.9023379,35.1660241],[136.9023439,35.1659494],[136.9023647,35.1656917],[136.9023686,35.1656425],[136.9023328,35.1656022],[136.9019024,35.1655947],[136.9018687,35.1656221],[136.9018743,35.165581],[136.9018998,35.1655622],[136.9023497,35.1655615],[136.9023772,35.1655725],[136.902396,35.1655892],[136.9024087,35.165615],[136.9024017,35.1656934],[136.9023717,35.1660264],[136.9023373,35.1664084],[136.9023266,35.1664358],[136.9023051,35.166455],[136.9022635,35.1664632],[136.9019792,35.166444],[136.9018176,35.1664331],[136.9018035,35.1664227],[136.9017962,35.1664068]]}},{"type":"Feature","properties":{"kind":"footway"},"geometry":{"type":"LineString","coordinates":[[136.901715,35.1663706],[136.9016627,35.1663942],[136.9013452,35.1663736],[136.901311,35.1663399],[136.9013237,35.1661925],[136.9013297,35.1661221],[136.9013356,35.1660536],[136.9013744,35.1656015],[136.90142,35.1655755],[136.9017646,35.1655939],[136.9017918,35.1656226],[136.9017935,35.1655862],[136.901767,35.1655659],[136.9017449,35.165561],[136.9014005,35.1655464],[136.9013734,35.1655552],[136.9013559,35.1655727],[136.9013395,35.1655974],[136.9012914,35.1661199],[136.9012704,35.1663487],[136.9012805,35.1663723],[136.9012993,35.1663887],[136.9013395,35.1664046],[136.9016604,35.1664271],[136.9016855,35.166418],[136.901711,35.1663975],[136.901715,35.1663706]]}},{"type":"Feature","properties":{"kind":"service"},"geometry":{"type":"LineString","coordinates":[[136.899287,35.16691],[136.8989158,35.1668849],[136.898904,35.1668841],[136.8988859,35.1668828],[136.8988429,35.1668799]]}},{"type":"Feature","properties":{"kind":"service"},"geometry":{"type":"LineString","coordinates":[[136.8992849,35.1669621],[136.89891,35.1669379],[136.8988984,35.1669371],[136.8988804,35.166936],[136.8988372,35.1669332]]}},{"type":"Feature","properties":{"kind":"footway"},"geometry":{"type":"LineString","coordinates":[[136.9001274,35.1652829],[136.9001173,35.165354],[136.9001156,35.1653659]]}},{"type":"Feature","properties":{"kind":"footway"},"geometry":{"type":"LineString","coordinates":[[136.9001617,35.1649368],[136.9001274,35.1652829]]}},{"type":"Feature","properties":{"kind":"footway"},"geometry":{"type":"LineString","coordinates":[[136.9013006,35.1665224],[136.9012628,35.16652],[136.9012046,35.1665163],[136.9011392,35.1665121],[136.9011143,35.1665105]]}},{"type":"Feature","properties":{"kind":"footway"},"geometry":{"type":"LineString","coordinates":[[136.9022879,35.166616],[136.9022274,35.1665791],[136.9017907,35.1665536],[136.9017425,35.1665508],[136.9016978,35.1665479],[136.9013006,35.1665224]]}},{"type":"Feature","properties":{"kind":"service"},"geometry":{"type":"LineString","coordinates":[[136.8995429,35.1663311],[136.899548,35.1662853],[136.8995521,35.1662497],[136.8995526,35.1662455]]}},{"type":"Feature","properties":{"kind":"service"},"geometry":{"type":"LineString","coordinates":[[136.9018297,35.1671007],[136.9021433,35.1671178]]}},{"type":"Feature","properties":{"kind":"service"},"geometry":{"type":"LineString","coordinates":[[136.9021404,35.1671518],[136.9022199,35.167156],[136.9022488,35.1671575],[136.9022675,35.1671585],[136.9023327,35.1671619]]}},{"type":"Feature","properties":{"kind":"service"},"geometry":{"type":"LineString","coordinates":[[136.9018331,35.1670609],[136.9016942,35.1670515]]}},{"type":"Feature","properties":{"kind":"service"},"geometry":{"type":"LineString","coordinates":[[136.9018143,35.1672827],[136.9018297,35.1671007],[136.9018331,35.1670609],[136.9018431,35.1669434],[136.9021566,35.1669612],[136.9021433,35.1671178],[136.9021404,35.1671518],[136.9021278,35.1673006],[136.9018143,35.1672827]]}},{"type":"Feature","properties":{"kind":"service"},"geometry":{"type":"LineString","coordinates":[[136.9004718,35.1659836],[136.900635,35.1659914]]}},{"type":"Feature","properties":{"kind":"service"},"geometry":{"type":"LineString","coordinates":[[136.9004631,35.1661157],[136.9006237,35.1661227]]}},{"type":"Feature","properties":{"kind":"service"},"geometry":{"type":"LineString","coordinates":[[136.9006139,35.1662384],[136.9006237,35.1661227],[136.900635,35.1659914],[136.9006395,35.1659387]]}},{"type":"Feature","properties":{"kind":"service"},"geometry":{"type":"LineString","coordinates":[[136.9005141,35.1662336],[136.9006139,35.1662384],[136.90073,35.166244]]}},{"type":"Feature","properties":{"kind":"service"},"geometry":{"type":"LineString","coordinates":[[136.9007167,35.1664101],[136.9007204,35.1663634],[136.9007227,35.1663346],[136.90073,35.166244],[136.90074,35.166119]]}},{"type":"Feature","properties":{"kind":"service"},"geometry":{"type":"LineString","coordinates":[[136.9018126,35.1640908],[136.9022599,35.1640631],[136.9022919,35.1640611],[136.9023654,35.1640566]]}},{"type":"Feature","properties":{"kind":"service"},"geometry":{"type":"LineString","coordinates":[[136.9018193,35.1643966],[136.9022974,35.1643595],[136.9023303,35.164357],[136.9024065,35.1643511]]}},{"type":"Feature","properties":{"kind":"service"},"geometry":{"type":"LineString","coordinates":[[136.9021321,35.165283],[136.9023867,35.165283],[136.9024175,35.165283],[136.902486,35.165283]]}},{"type":"Feature","properties":{"kind":"service"},"geometry":{"type":"LineString","coordinates":[[136.9020047,35.165675],[136.9023647,35.1656917],[136.9024017,35.1656934],[136.9024766,35.1656969]]}},{"type":"Feature","properties":{"kind":"service"},"geometry":{"type":"LineString","coordinates":[[136.9004578,35.1626719],[136.9004571,35.1627394],[136.9004566,35.1627852],[136.9004562,35.1628298],[136.9004552,35.1629359]]}},{"type":"Feature","properties":{"kind":"service"},"geometry":{"type":"LineString","coordinates":[[136.9004552,35.1629359],[136.9004537,35.1630832],[136.9009285,35.1630863],[136.9009299,35.162939],[136.9004552,35.1629359]]}},{"type":"Feature","properties":{"kind":"service"},"geometry":{"type":"LineString","coordinates":[[136.8986284,35.166274],[136.8986325,35.1662266],[136.8986355,35.1661916],[136.8986375,35.1661686]]}},{"type":"Feature","properties":{"kind":"service"},"geometry":{"type":"LineString","coordinates":[[136.906435,35.1672899],[136.9062455,35.1672766]]}},{"type":"Feature","properties":{"kind":"service"},"geometry":{"type":"LineString","coordinates":[[136.9055557,35.1630101],[136.9055905,35.1630092],[136.9056216,35.1630084],[136.9056403,35.163008],[136.9057638,35.1630048],[136.9057615,35.1627799],[136.9057613,35.1627579],[136.9057606,35.1626918],[136.9057598,35.1626199]]}},{"type":"Feature","properties":{"kind":"service"},"geometry":{"type":"LineString","coordinates":[[136.9060509,35.1656591],[136.9060818,35.1656611],[136.9061057,35.1656626],[136.9061338,35.1656643],[136.9061552,35.1656657]]}},{"type":"Feature","properties":{"kind":"path"},"geometry":{"type":"LineString","coordinates":[[136.9050937,35.1672701],[136.9051067,35.1671298],[136.9047965,35.1671085],[136.9047397,35.1671046],[136.9046927,35.1671014]]}},{"type":"Feature","properties":{"kind":"service"},"geometry":{"type":"LineString","coordinates":[[136.9056854,35.1643013],[136.9058787,35.1642611]]}},{"type":"Feature","properties":{"kind":"unclassified"},"geometry":{"type":"LineString","coordinates":[[136.9050225,35.1645238],[136.9049972,35.1644094],[136.9049524,35.1642064],[136.9049392,35.1641464],[136.9049236,35.1640758],[136.9048981,35.1639603],[136.9048932,35.1639381],[136.9048901,35.1639241],[136.9049243,35.1638874],[136.9052462,35.1638408],[136.9052449,35.163834],[136.905195,35.1635636]]}},{"type":"Feature","properties":{"kind":"service"},"geometry":{"type":"LineString","coordinates":[[136.9038009,35.1667667],[136.9038071,35.1667167],[136.9038136,35.1666634],[136.9038179,35.1666288]]}},{"type":"Feature","properties":{"kind":"service"},"geometry":{"type":"LineString","coordinates":[[136.9038474,35.166944],[136.9038621,35.1667702],[136.9038009,35.1667667],[136.9036301,35.1667571],[136.9035898,35.1667548],[136.9035516,35.1667526]]}},{"type":"Feature","properties":{"kind":"service"},"geometry":{"type":"LineString","coordinates":[[136.9043449,35.166978],[136.9045937,35.1669929],[136.9046553,35.1669966],[136.904702,35.1669994]]}},{"type":"Feature","properties":{"kind":"service"},"geometry":{"type":"LineString","coordinates":[[136.9041943,35.168467],[136.9043676,35.1684768],[136.9043823,35.1683018],[136.9042091,35.168292]]}},{"type":"Feature","properties":{"kind":"service"},"geometry":{"type":"LineString","coordinates":[[136.9041943,35.168467],[136.9042091,35.168292]]}},{"type":"Feature","properties":{"kind":"service"},"geometry":{"type":"LineString","coordinates":[[136.9045872,35.1682526],[136.9045406,35.16825],[136.9045096,35.1682482],[136.9044719,35.1682461],[136.9042142,35.1682316]]}},{"type":"Feature","properties":{"kind":"service"},"geometry":{"type":"LineString","coordinates":[[136.9042091,35.168292],[136.9042142,35.1682316],[136.9042198,35.1681647],[136.9039778,35.168151],[136.9039523,35.1684534],[136.9041943,35.168467]]}},{"type":"Feature","properties":{"kind":"footway"},"geometry":{"type":"LineString","coordinates":[[136.9036724,35.165675],[136.9036747,35.1656953],[136.9036868,35.1657098],[136.9037156,35.1657205],[136.9041523,35.1657628],[136.904638,35.1658098],[136.9046681,35.1658049],[136.904701,35.165789],[136.9047157,35.1657638],[136.9047171,35.1657369],[136.9047137,35.1657095],[136.9045548,35.1651339],[136.9045334,35.1651158],[136.9044596,35.1651142],[136.9044804,35.1651356],[136.9046427,35.1657172],[136.904583,35.1657715],[136.9041553,35.1657291],[136.9037035,35.1656843],[136.9036864,35.1656643],[136.9037276,35.1652366],[136.9037344,35.1651666],[136.9037361,35.1651485],[136.9037401,35.1651073],[136.9037642,35.165095],[136.9037371,35.1650939],[136.9037253,35.1651016],[136.9037192,35.1651665],[136.9037106,35.1652584],[136.9037025,35.165263],[136.9037005,35.1652766],[136.9037098,35.1652829],[136.9036955,35.1654031],[136.9036868,35.1654097],[136.9036844,35.1654206],[136.9036945,35.1654286],[136.9036724,35.165675]]}},{"type":"Feature","properties":{"kind":"footway"},"geometry":{"type":"LineString","coordinates":[[136.9035621,35.1637978],[136.9035872,35.1637799],[136.904072,35.1637265],[136.9041049,35.1637523],[136.9044445,35.1650164],[136.904417,35.1650402],[136.9044784,35.1650369],[136.9044995,35.1650301],[136.9045089,35.1650183],[136.9045089,35.1650087],[136.9041599,35.1637465],[136.9041411,35.1637268],[136.904121,35.1637147],[136.9040948,35.163712],[136.9035805,35.1637629],[136.9035657,35.1637728],[136.903559,35.1637849],[136.9035621,35.1637978]]}},{"type":"Feature","properties":{"kind":"footway"},"geometry":{"type":"LineString","coordinates":[[136.9026283,35.1650638],[136.9025884,35.1650638],[136.9025741,35.1650709],[136.9025599,35.1650876],[136.9025646,35.1655607],[136.902573,35.1655788],[136.9025845,35.1655881],[136.9026357,35.1656122],[136.9033412,35.1656788],[136.9035963,35.1657029],[136.9036147,35.165692],[136.9036278,35.1656722],[136.9036358,35.1656248],[136.9036241,35.1656111],[136.9036479,35.1653732],[136.9036573,35.1653672],[136.903658,35.165351],[136.9036512,35.165339],[136.9036663,35.1651501],[136.9036791,35.1651383],[136.9036841,35.1651117],[136.9036643,35.1650915],[136.9036345,35.165089],[136.9036595,35.1651147],[136.903641,35.1652928],[136.9036351,35.1653495],[136.9036334,35.1653662],[136.903622,35.1654763],[136.9036031,35.165658],[136.9035854,35.165671],[136.9033626,35.1656503],[136.9033461,35.1656488],[136.9033154,35.1656459],[136.9026364,35.1655829],[136.9026055,35.165556],[136.902597,35.165088],[136.9026283,35.1650638]]}},{"type":"Feature","properties":{"kind":"service"},"geometry":{"type":"LineString","coordinates":[[136.9039654,35.1661009],[136.9037018,35.1660823],[136.9036933,35.1660817],[136.9036508,35.1660786],[136.903614,35.166076]]}},{"type":"Feature","properties":{"kind":"footway"},"geometry":{"type":"LineString","coordinates":[[136.9025495,35.1644811],[136.9025159,35.1644849],[136.9025046,35.1644986],[136.9025006,35.1645148],[136.9025515,35.1649794],[136.9025695,35.1649943],[136.9026169,35.164998],[136.9025867,35.1649744],[136.9025365,35.1644948],[136.9025495,35.1644811]]}},{"type":"Feature","properties":{"kind":"service"},"geometry":{"type":"LineString","coordinates":[[136.9038447,35.1649443],[136.9039881,35.164942]]}},{"type":"Feature","properties":{"kind":"service"},"geometry":{"type":"LineString","coordinates":[[136.9039902,35.164799],[136.9039881,35.164942],[136.9039862,35.1650673]]}},{"type":"Feature","properties":{"kind":"footway"},"geometry":{"type":"LineString","coordinates":[[136.9034437,35.1637904],[136.9034776,35.1638123],[136.9034746,35.1637838],[136.9034558,35.1637736],[136.9034407,35.1637687],[136.9028278,35.1638326],[136.902454,35.1638715],[136.9024363,35.1638799],[136.9024265,35.1638877],[136.9024198,35.1639104],[136.9024518,35.1641508],[136.9024848,35.164398],[136.9024959,35.164412],[136.9025073,35.1644141],[136.9025556,35.1644109],[136.9025271,35.1643914],[136.9025172,35.164316],[136.9024951,35.1641465],[136.902466,35.1639233],[136.9024949,35.1638956],[136.9028144,35.1638602],[136.9028317,35.1638583],[136.9028957,35.1638512],[136.9029633,35.1638437],[136.9034437,35.1637904]]}},{"type":"Feature","properties":{"kind":"service"},"geometry":{"type":"LineString","coordinates":[[136.9026307,35.1722673],[136.9026255,35.1723204],[136.902621,35.1723654]]}},{"type":"Feature","properties":{"kind":"service"},"geometry":{"type":"LineString","coordinates":[[136.9032747,35.17168],[136.9032896,35.1715428],[136.9032983,35.1714623]]}},{"type":"Feature","properties":{"kind":"service"},"geometry":{"type":"LineString","coordinates":[[136.9034572,35.1717979],[136.903122,35.1717776],[136.9030582,35.1717738]]}},{"type":"Feature","properties":{"kind":"service"},"geometry":{"type":"LineString","coordinates":[[136.9034511,35.1718477],[136.9034572,35.1717979],[136.9034652,35.1717337]]}},{"type":"Feature","properties":{"kind":"service"},"geometry":{"type":"LineString","coordinates":[[136.9035918,35.1733821],[136.9035983,35.1733158],[136.9035997,35.1733015],[136.9036045,35.1732526],[136.9036065,35.1732323],[136.9036147,35.1731495],[136.9034816,35.1731407],[136.9035048,35.1729059],[136.9036136,35.172913],[136.9036534,35.1725093],[136.9036551,35.1724925],[136.9036574,35.1724688],[136.9036603,35.1724401]]}},{"type":"Feature","properties":{"kind":"service"},"geometry":{"type":"LineString","coordinates":[[136.9038783,35.1727098],[136.9040418,35.1727196],[136.904064,35.1727209],[136.9041019,35.1727231],[136.9041563,35.1727264]]}},{"type":"Feature","properties":{"kind":"service"},"geometry":{"type":"LineString","coordinates":[[136.9038715,35.1727658],[136.9038783,35.1727098],[136.9039006,35.1725264],[136.9039024,35.172511],[136.9039057,35.1724842],[136.9039087,35.1724591],[136.9039146,35.1723989],[136.9039346,35.1721957]]}},{"type":"Feature","properties":{"kind":"service"},"geometry":{"type":"LineString","coordinates":[[136.9062903,35.1710758],[136.9064697,35.171087],[136.9065744,35.1710936]]}},{"type":"Feature","properties":{"kind":"service"},"geometry":{"type":"LineString","coordinates":[[136.9059308,35.1711762],[136.9055606,35.1711539],[136.9055007,35.1711503]]}},{"type":"Feature","properties":{"kind":"service"},"geometry":{"type":"LineString","coordinates":[[136.9062278,35.171464],[136.9064212,35.1714805],[136.9065327,35.1714854]]}},{"type":"Feature","properties":{"kind":"service"},"geometry":{"type":"LineString","coordinates":[[136.9060401,35.1713757],[136.9060253,35.1714848],[136.9060581,35.1714878],[136.906045,35.1715844],[136.906036,35.1716513]]}},{"type":"Feature","properties":{"kind":"service"},"geometry":{"type":"LineString","coordinates":[[136.9080747,35.1704872],[136.9080184,35.1704835],[136.9079456,35.170482],[136.9079039,35.170476],[136.907815,35.1704702],[136.9078252,35.1703659],[136.9075914,35.1703506],[136.9076058,35.1702028]]}},{"type":"Feature","properties":{"kind":"service"},"geometry":{"type":"LineString","coordinates":[[136.9033136,35.1712771],[136.9033266,35.1711662]]}},{"type":"Feature","properties":{"kind":"service"},"geometry":{"type":"LineString","coordinates":[[136.903501,35.1712877],[136.9035134,35.1711806],[136.9033266,35.1711662],[136.9031806,35.1711549],[136.9031205,35.1711502]]}},{"type":"Feature","properties":{"kind":"service"},"geometry":{"type":"LineString","coordinates":[[136.9059141,35.1693773],[136.9057581,35.1693675],[136.9057366,35.1693662],[136.905709,35.1693645],[136.9056776,35.1693625]]}},{"type":"Feature","properties":{"kind":"service"},"geometry":{"type":"LineString","coordinates":[[136.9057947,35.1695077],[136.905743,35.1695042],[136.9057227,35.1695029],[136.9056936,35.1695009],[136.9056625,35.1694988]]}},{"type":"Feature","properties":{"kind":"service"},"geometry":{"type":"LineString","coordinates":[[136.9054668,35.1695373],[136.9054764,35.1693922]]}},{"type":"Feature","properties":{"kind":"service"},"geometry":{"type":"LineString","coordinates":[[136.9056731,35.169403],[136.9056376,35.1694011],[136.9056071,35.1693994],[136.9055869,35.1693983],[136.9054764,35.1693922],[136.905283,35.1693816],[136.905263,35.169626],[136.9052611,35.1696485],[136.9052592,35.1696723],[136.905255,35.1697227]]}},{"type":"Feature","properties":{"kind":"service"},"geometry":{"type":"LineString","coordinates":[[136.9007736,35.172444],[136.9007061,35.1724387],[136.9006869,35.1724371],[136.9006678,35.1724356],[136.9006256,35.1724323]]}},{"type":"Feature","properties":{"kind":"service"},"geometry":{"type":"LineString","coordinates":[[136.9006115,35.1725642],[136.9005479,35.1725605],[136.9005301,35.1725594],[136.9005092,35.1725582],[136.9004188,35.1725528],[136.9002405,35.1725422],[136.900257,35.1723565],[136.9004353,35.1723671],[136.9004188,35.1725528]]}},{"type":"Feature","properties":{"kind":"service"},"geometry":{"type":"LineString","coordinates":[[136.9000112,35.1725685],[136.9000388,35.1722676],[136.9000398,35.1722566],[136.9000419,35.1722338],[136.9000447,35.1722034]]}},{"type":"Feature","properties":{"kind":"service"},"geometry":{"type":"LineString","coordinates":[[136.8996409,35.1721772],[136.8996386,35.1722033],[136.8996363,35.1722293],[136.8996354,35.172239],[136.8996329,35.1722665],[136.8996014,35.1726184],[136.8997192,35.1726254],[136.8997507,35.1722736],[136.8996329,35.1722665]]}},{"type":"Feature","properties":{"kind":"footway"},"geometry":{"type":"LineString","coordinates":[[136.8996229,35.1713131],[136.899536,35.171307],[136.89946,35.1713017]]}},{"type":"Feature","properties":{"kind":"footway"},"geometry":{"type":"LineString","coordinates":[[136.8994886,35.1711437],[136.899552,35.1711482],[136.8996438,35.1711548]]}},{"type":"Feature","properties":{"kind":"footway"},"geometry":{"type":"LineString","coordinates":[[136.8996665,35.1713056],[136.8996728,35.1712406],[136.8996794,35.1711717]]}},{"type":"Feature","properties":{"kind":"footway"},"geometry":{"type":"LineString","coordinates":[[136.9021401,35.1704097],[136.9021363,35.1704445],[136.9021309,35.1704934]]}},{"type":"Feature","properties":{"kind":"footway"},"geometry":{"type":"LineString","coordinates":[[136.9019173,35.1703308],[136.9020094,35.1703356],[136.9020896,35.1703398]]}},{"type":"Feature","properties":{"kind":"footway"},"geometry":{"type":"LineString","coordinates":[[136.9018466,35.1704801],[136.9018509,35.1704266],[136.9018545,35.1703806]]}},{"type":"Feature","properties":{"kind":"footway"},"geometry":{"type":"LineString","coordinates":[[136.9020737,35.1705432],[136.9019878,35.1705381],[136.9018931,35.1705325]]}},{"type":"Feature","properties":{"kind":"footway"},"geometry":{"type":"LineString","coordinates":[[136.9008061,35.171236],[136.900742,35.1712312],[136.9006619,35.1712251]]}},{"type":"Feature","properties":{"kind":"service"},"geometry":{"type":"LineString","coordinates":[[136.9036683,35.1701052],[136.903288,35.1700799],[136.9032302,35.1700761]]}},{"type":"Feature","properties":{"kind":"service"},"geometry":{"type":"LineString","coordinates":[[136.9073054,35.1728931],[136.9073196,35.1727519],[136.9073214,35.172734],[136.9073233,35.1727147],[136.9073264,35.1726848]]}},{"type":"Feature","properties":{"kind":"service"},"geometry":{"type":"LineString","coordinates":[[136.9075616,35.1729187],[136.9075696,35.1728486],[136.9074482,35.1728393],[136.9074572,35.1727614],[136.9074593,35.1727434],[136.9074615,35.172724],[136.9074649,35.1726939]]}},{"type":"Feature","properties":{"kind":"footway"},"geometry":{"type":"LineString","coordinates":[[136.900453,35.1617782],[136.900306,35.161783]]}},{"type":"Feature","properties":{"kind":"footway"},"geometry":{"type":"LineString","coordinates":[[136.905694,35.1608362],[136.9057452,35.1608232],[136.9057763,35.160815],[136.9058039,35.1608129],[136.9058315,35.1608041]]}},{"type":"Feature","properties":{"kind":"footway"},"geometry":{"type":"LineString","coordinates":[[136.9055903,35.1608063],[136.905518,35.1608198],[136.9054728,35.160843]]}},{"type":"Feature","properties":{"kind":"footway"},"geometry":{"type":"LineString","coordinates":[[136.905518,35.1608198],[136.9055191,35.1608533],[136.9055067,35.1608807],[136.9055121,35.1609031]]}},{"type":"Feature","properties":{"kind":"footway"},"geometry":{"type":"LineString","coordinates":[[136.909541,35.1702852],[136.9095856,35.170288],[136.909667,35.1702885]]}},{"type":"Feature","properties":{"kind":"footway"},"geometry":{"type":"LineString","coordinates":[[136.9091094,35.1702973],[136.9091058,35.1703422],[136.9091028,35.1703641]]}},{"type":"Feature","properties":{"kind":"footway"},"geometry":{"type":"LineString","coordinates":[[136.9081584,35.1686148],[136.9081604,35.1685724],[136.908161,35.1685531],[136.9081302,35.1685508]]}},{"type":"Feature","properties":{"kind":"footway"},"geometry":{"type":"LineString","coordinates":[[136.9084604,35.1686915],[136.9084618,35.1687352],[136.9084616,35.1687646]]}},{"type":"Feature","properties":{"kind":"footway"},"geometry":{"type":"LineString","coordinates":[[136.9089503,35.1687233],[136.9089496,35.1687645],[136.908949,35.1687997]]}},{"type":"Feature","properties":{"kind":"footway"},"geometry":{"type":"LineString","coordinates":[[136.9092702,35.1686585],[136.9092718,35.1686176],[136.9092718,35.1686002],[136.9093055,35.1686011]]}},{"type":"Feature","properties":{"kind":"footway"},"geometry":{"type":"LineString","coordinates":[[136.9093777,35.1689436],[136.9094143,35.1689585],[136.9094699,35.1689618]]}},{"type":"Feature","properties":{"kind":"footway"},"geometry":{"type":"LineString","coordinates":[[136.9088665,35.1694085],[136.9088706,35.1693517],[136.9088793,35.1692369]]}},{"type":"Feature","properties":{"kind":"footway"},"geometry":{"type":"LineString","coordinates":[[136.908391,35.1693893],[136.9083985,35.169323],[136.9084004,35.1692928],[136.908356,35.1692494]]}},{"type":"Feature","properties":{"kind":"footway"},"geometry":{"type":"LineString","coordinates":[[136.9083045,35.1696935],[136.9083305,35.1692915]]}},{"type":"Feature","properties":{"kind":"footway"},"geometry":{"type":"LineString","coordinates":[[136.9080846,35.1693767],[136.908086,35.1693356],[136.9080513,35.169275]]}},{"type":"Feature","properties":{"kind":"footway"},"geometry":{"type":"LineString","coordinates":[[136.9069822,35.1696735],[136.9069859,35.1696371],[136.9069876,35.1696168],[136.9070257,35.1696176]]}},{"type":"Feature","properties":{"kind":"footway"},"geometry":{"type":"LineString","coordinates":[[136.9091622,35.1698125],[136.9091644,35.1697736],[136.9091658,35.1697639]]}},{"type":"Feature","properties":{"kind":"footway"},"geometry":{"type":"LineString","coordinates":[[136.9065935,35.1695042],[136.9066054,35.1695047],[136.9066489,35.1695066]]}},{"type":"Feature","properties":{"kind":"footway"},"geometry":{"type":"LineString","coordinates":[[136.9065819,35.1701085],[136.9065809,35.1701462],[136.9065799,35.17016],[136.9065565,35.1701597]]}},{"type":"Feature","properties":{"kind":"footway"},"geometry":{"type":"LineString","coordinates":[[136.906946,35.1701392],[136.9069447,35.1701706],[136.9069612,35.1702007]]}},{"type":"Feature","properties":{"kind":"footway"},"geometry":{"type":"LineString","coordinates":[[136.9079867,35.1702115],[136.9079855,35.1702521],[136.9079848,35.1702783]]}},{"type":"Feature","properties":{"kind":"footway"},"geometry":{"type":"LineString","coordinates":[[136.908039,35.1697286],[136.90804,35.169688],[136.9080403,35.1696768]]}},{"type":"Feature","properties":{"kind":"footway"},"geometry":{"type":"LineString","coordinates":[[136.9068924,35.1584947],[136.9068816,35.1584355],[136.9071539,35.1584026],[136.9072829,35.1587758]]}},{"type":"Feature","properties":{"kind":"footway"},"geometry":{"type":"LineString","coordinates":[[136.9072829,35.1587758],[136.9072878,35.1588184],[136.90729,35.1588385],[136.9072432,35.1588416]]}},{"type":"Feature","properties":{"kind":"footway"},"geometry":{"type":"LineString","coordinates":[[136.9008776,35.168586],[136.9009325,35.1686175],[136.9009501,35.1686251]]}},{"type":"Feature","properties":{"kind":"footway"},"geometry":{"type":"LineString","coordinates":[[136.9010523,35.1686298],[136.9010845,35.1686145],[136.9011149,35.1686001]]}},{"type":"Feature","properties":{"kind":"footway"},"geometry":{"type":"LineString","coordinates":[[136.9020674,35.1686805],[136.9021038,35.1686836]]}},{"type":"Feature","properties":{"kind":"footway"},"geometry":{"type":"LineString","coordinates":[[136.9021966,35.1675875],[136.9021205,35.1683933],[136.9020888,35.1684226]]}},{"type":"Feature","properties":{"kind":"footway"},"geometry":{"type":"LineString","coordinates":[[136.9021754,35.1673949],[136.902234,35.1673624]]}},{"type":"Feature","properties":{"kind":"footway"},"geometry":{"type":"LineString","coordinates":[[136.902234,35.1673624],[136.9022488,35.1671575],[136.9022879,35.166616]]}},{"type":"Feature","properties":{"kind":"footway"},"geometry":{"type":"LineString","coordinates":[[136.902133,35.1628351],[136.9020899,35.1628167]]}},{"type":"Feature","properties":{"kind":"footway"},"geometry":{"type":"LineString","coordinates":[[136.9065186,35.1690127],[136.9058976,35.168967],[136.9058108,35.1689606]]}},{"type":"Feature","properties":{"kind":"footway"},"geometry":{"type":"LineString","coordinates":[[136.9080513,35.169275],[136.9079433,35.1691181]]}},{"type":"Feature","properties":{"kind":"footway"},"geometry":{"type":"LineString","coordinates":[[136.9083816,35.1692071],[136.9088793,35.1692369],[136.9089652,35.169242],[136.9090234,35.169279]]}},{"type":"Feature","properties":{"kind":"footway"},"geometry":{"type":"LineString","coordinates":[[136.9092248,35.1692905],[136.9091682,35.1692875]]}},{"type":"Feature","properties":{"kind":"footway"},"geometry":{"type":"LineString","coordinates":[[136.9093625,35.1678675],[136.9093055,35.1686011],[136.9092894,35.1688076]]}},{"type":"Feature","properties":{"kind":"footway"},"geometry":{"type":"LineString","coordinates":[[136.9097185,35.1623961],[136.9096382,35.1624053]]}},{"type":"Feature","properties":{"kind":"footway"},"geometry":{"type":"LineString","coordinates":[[136.9095415,35.1658971],[136.9095436,35.1658635]]}},{"type":"Feature","properties":{"kind":"service"},"geometry":{"type":"LineString","coordinates":[[136.8976102,35.1615403],[136.897935,35.1615489],[136.8979642,35.1615497],[136.8980077,35.1615508],[136.8980968,35.1615532]]}},{"type":"Feature","properties":{"kind":"service"},"geometry":{"type":"LineString","coordinates":[[136.9009902,35.1598801],[136.9010096,35.1599806]]}},{"type":"Feature","properties":{"kind":"service"},"geometry":{"type":"LineString","coordinates":[[136.8994432,35.1610264],[136.8992685,35.1610552]]}},{"type":"Feature","properties":{"kind":"service"},"geometry":{"type":"LineString","coordinates":[[136.9015843,35.1600297],[136.9016929,35.160015],[136.9017144,35.1600121],[136.9017475,35.1600076],[136.9018159,35.1599984]]}},{"type":"Feature","properties":{"kind":"service"},"geometry":{"type":"LineString","coordinates":[[136.9016688,35.1604543],[136.901771,35.1604428],[136.9017882,35.1604409],[136.9018253,35.1604367],[136.9018821,35.1604303]]}},{"type":"Feature","properties":{"kind":"service"},"geometry":{"type":"LineString","coordinates":[[136.9012513,35.1603652],[136.9012805,35.1605332]]}},{"type":"Feature","properties":{"kind":"service"},"geometry":{"type":"LineString","coordinates":[[136.9011625,35.1600911],[136.9010852,35.1601003]]}},{"type":"Feature","properties":{"kind":"path"},"geometry":{"type":"LineString","coordinates":[[136.9000623,35.160275],[136.9006841,35.1602167]]}},{"type":"Feature","properties":{"kind":"service"},"geometry":{"type":"LineString","coordinates":[[136.9009868,35.1602156],[136.9009449,35.1599886]]}},{"type":"Feature","properties":{"kind":"service"},"geometry":{"type":"LineString","coordinates":[[136.9004329,35.1614271],[136.9004077,35.1612755]]}},{"type":"Feature","properties":{"kind":"service"},"geometry":{"type":"LineString","coordinates":[[136.8993654,35.158822],[136.8993186,35.158691]]}},{"type":"Feature","properties":{"kind":"service"},"geometry":{"type":"LineString","coordinates":[[136.9002767,35.1610412],[136.9002058,35.160613]]}},{"type":"Feature","properties":{"kind":"service"},"geometry":{"type":"LineString","coordinates":[[136.8999957,35.1608213],[136.8999669,35.1606414]]}},{"type":"Feature","properties":{"kind":"service"},"geometry":{"type":"LineString","coordinates":[[136.8996075,35.1608888],[136.8998332,35.1608595]]}},{"type":"Feature","properties":{"kind":"service"},"geometry":{"type":"LineString","coordinates":[[136.9059902,35.1593752],[136.9059308,35.159381],[136.9059,35.159384],[136.9058732,35.1593866],[136.9056633,35.159407]]}},{"type":"Feature","properties":{"kind":"service"},"geometry":{"type":"LineString","coordinates":[[136.9040247,35.1618396],[136.9038431,35.1618466],[136.903822,35.1618474],[136.903793,35.1618485]]}},{"type":"Feature","properties":{"kind":"service"},"geometry":{"type":"LineString","coordinates":[[136.9060696,35.1613679],[136.9058799,35.1614047]]}},{"type":"Feature","properties":{"kind":"service"},"geometry":{"type":"LineString","coordinates":[[136.9047687,35.161028],[136.9052778,35.1609654]]}},{"type":"Feature","properties":{"kind":"service"},"geometry":{"type":"LineString","coordinates":[[136.9050618,35.1610976],[136.9053097,35.1610741]]}},{"type":"Feature","properties":{"kind":"service"},"geometry":{"type":"LineString","coordinates":[[136.9051963,35.1613193],[136.9052321,35.1615088]]}},{"type":"Feature","properties":{"kind":"service"},"geometry":{"type":"LineString","coordinates":[[136.9045441,35.1607704],[136.90439,35.1607815]]}},{"type":"Feature","properties":{"kind":"service"},"geometry":{"type":"LineString","coordinates":[[136.9042477,35.1592392],[136.9043932,35.1592351]]}},{"type":"Feature","properties":{"kind":"service"},"geometry":{"type":"LineString","coordinates":[[136.9038494,35.1593088],[136.9038664,35.1594382]]}},{"type":"Feature","properties":{"kind":"service"},"geometry":{"type":"LineString","coordinates":[[136.90269,35.1602666],[136.9026717,35.1601367]]}},{"type":"Feature","properties":{"kind":"service"},"geometry":{"type":"LineString","coordinates":[[136.9029213,35.1602293],[136.9029058,35.1601167]]}},{"type":"Feature","properties":{"kind":"unclassified"},"geometry":{"type":"LineString","coordinates":[[136.9094937,35.1595836],[136.9095563,35.1595786],[136.9096846,35.1595683],[136.9098212,35.1595574]]}},{"type":"Feature","properties":{"kind":"service"},"geometry":{"type":"LineString","coordinates":[[136.9069239,35.160229],[136.9069121,35.1601887],[136.9068827,35.1601944],[136.9068633,35.1601278],[136.9068615,35.1601216],[136.9068593,35.1601139],[136.9068498,35.1600814]]}},{"type":"Feature","properties":{"kind":"service"},"geometry":{"type":"LineString","coordinates":[[136.9070432,35.1604464],[136.907167,35.1604239],[136.9071937,35.160419],[136.9072187,35.1604145],[136.9072905,35.1604014]]}},{"type":"Feature","properties":{"kind":"service"},"geometry":{"type":"LineString","coordinates":[[136.9071454,35.1606829],[136.9071654,35.1607752]]}},{"type":"Feature","properties":{"kind":"service"},"geometry":{"type":"LineString","coordinates":[[136.9072317,35.16067],[136.9071454,35.1606829],[136.9070701,35.1606942]]}},{"type":"Feature","properties":{"kind":"service"},"geometry":{"type":"LineString","coordinates":[[136.9077544,35.1599115],[136.9077475,35.1598875],[136.907744,35.1598753],[136.9077401,35.1598618],[136.9077064,35.1597447]]}},{"type":"Feature","properties":{"kind":"service"},"geometry":{"type":"LineString","coordinates":[[136.9076326,35.1595879],[136.9073952,35.1596179],[136.9073777,35.1596201],[136.9073488,35.1596237],[136.9072844,35.1596318]]}},{"type":"Feature","properties":{"kind":"service"},"geometry":{"type":"LineString","coordinates":[[136.9076306,35.159396],[136.9073628,35.1594292],[136.9073451,35.1594314],[136.907316,35.159435],[136.9072522,35.1594429]]}},{"type":"Feature","properties":{"kind":"service"},"geometry":{"type":"LineString","coordinates":[[136.9071562,35.1588784],[136.9072177,35.1588712],[136.9072477,35.1588677],[136.9072729,35.1588647],[136.9073705,35.1588533],[136.9074387,35.1588094],[136.9078511,35.1587558],[136.9078606,35.1587546],[136.907878,35.1587523],[136.9079115,35.1587479]]}},{"type":"Feature","properties":{"kind":"service"},"geometry":{"type":"LineString","coordinates":[[136.9064974,35.1587677],[136.9061788,35.1587832],[136.9061499,35.1587846],[136.9061231,35.1587859],[136.9060677,35.1587886]]}},{"type":"Feature","properties":{"kind":"service"},"geometry":{"type":"LineString","coordinates":[[136.9074678,35.1611874],[136.907513,35.1611701],[136.907534,35.161162],[136.9075594,35.1611523],[136.9076134,35.1611315]]}},{"type":"Feature","properties":{"kind":"service"},"geometry":{"type":"LineString","coordinates":[[136.9096979,35.1596904],[136.9096876,35.1595961],[136.9096846,35.1595683]]}},{"type":"Feature","properties":{"kind":"service"},"geometry":{"type":"LineString","coordinates":[[136.9077359,35.1602589],[136.9075486,35.1603095],[136.9075321,35.160314],[136.9075028,35.1603218],[136.9074379,35.1603394]]}},{"type":"Feature","properties":{"kind":"service"},"geometry":{"type":"LineString","coordinates":[[136.9078499,35.1600961],[136.9078023,35.1599471],[136.9077985,35.1599353],[136.9077955,35.159926],[136.9077886,35.1599042]]}},{"type":"Feature","properties":{"kind":"service"},"geometry":{"type":"LineString","coordinates":[[136.9085466,35.1607309],[136.9085521,35.1608353]]}},{"type":"Feature","properties":{"kind":"service"},"geometry":{"type":"LineString","coordinates":[[136.9082342,35.1607108],[136.9082693,35.1607094],[136.9082793,35.1607089],[136.9082928,35.1607084],[136.9084306,35.1607027],[136.908436,35.1608383],[136.9085521,35.1608353],[136.908628,35.1608333]]}},{"type":"Feature","properties":{"kind":"service"},"geometry":{"type":"LineString","coordinates":[[136.9098515,35.160493],[136.9098575,35.1605571],[136.9096577,35.1605734],[136.9096467,35.1605743],[136.9096319,35.1605755],[136.9095748,35.1605802]]}},{"type":"Feature","properties":{"kind":"service"},"geometry":{"type":"LineString","coordinates":[[136.9015481,35.1677131],[136.9015708,35.1674797],[136.901573,35.1674576],[136.9015745,35.1674417],[136.9015777,35.1674088]]}},{"type":"Feature","properties":{"kind":"service"},"geometry":{"type":"LineString","coordinates":[[136.8982449,35.16806],[136.898235,35.1681593],[136.8982332,35.1681768],[136.8982311,35.1681981],[136.8982267,35.1682418]]}},{"type":"Feature","properties":{"kind":"service"},"geometry":{"type":"LineString","coordinates":[[136.8987685,35.1675456],[136.8987204,35.1675421],[136.8986972,35.1675404],[136.8986778,35.1675389],[136.8984354,35.1675212],[136.8984199,35.1676623],[136.898359,35.1676579],[136.8983538,35.167705]]}},{"type":"Feature","properties":{"kind":"service"},"geometry":{"type":"LineString","coordinates":[[136.8983328,35.1675716],[136.8983576,35.167263],[136.8983589,35.1672469],[136.8983606,35.1672262],[136.8983627,35.1672]]}},{"type":"Feature","properties":{"kind":"service"},"geometry":{"type":"LineString","coordinates":[[136.9004041,35.1667719],[136.9001085,35.1667512],[136.9000903,35.16675],[136.9000682,35.1667484],[136.9000028,35.1667438]]}},{"type":"Feature","properties":{"kind":"service"},"geometry":{"type":"LineString","coordinates":[[136.9009132,35.1673618],[136.9009161,35.1673323],[136.9009184,35.1673079],[136.9009206,35.1672857],[136.9009265,35.1672252],[136.9009672,35.1672278],[136.9009796,35.1670999],[136.9010556,35.1671048],[136.901076,35.1671061],[136.9011004,35.1671077],[136.9011473,35.1671108]]}},{"type":"Feature","properties":{"kind":"service"},"geometry":{"type":"LineString","coordinates":[[136.9008334,35.166641],[136.90084,35.166579]]}},{"type":"Feature","properties":{"kind":"service"},"geometry":{"type":"LineString","coordinates":[[136.9008265,35.1667061],[136.9008334,35.166641]]}},{"type":"Feature","properties":{"kind":"service"},"geometry":{"type":"LineString","coordinates":[[136.90084,35.166579],[136.900847,35.1665129],[136.900849,35.1664936],[136.9008513,35.1664714],[136.9008568,35.16642]]}},{"type":"Feature","properties":{"kind":"service"},"geometry":{"type":"LineString","coordinates":[[136.902,35.1662385],[136.901982,35.1664163],[136.9019792,35.166444],[136.9019741,35.1664945]]}},{"type":"Feature","properties":{"kind":"service"},"geometry":{"type":"LineString","coordinates":[[136.902004,35.165789],[136.9018193,35.1657784]]}},{"type":"Feature","properties":{"kind":"service"},"geometry":{"type":"LineString","coordinates":[[136.9017985,35.1659874],[136.9023379,35.1660241],[136.9023717,35.1660264],[136.9024438,35.1660313]]}},{"type":"Feature","properties":{"kind":"service"},"geometry":{"type":"LineString","coordinates":[[136.901534,35.1661338],[136.9013297,35.1661221],[136.9012914,35.1661199],[136.9012446,35.1661172]]}},{"type":"Feature","properties":{"kind":"service"},"geometry":{"type":"LineString","coordinates":[[136.9016299,35.1658252],[136.9018136,35.165836]]}},{"type":"Feature","properties":{"kind":"service"},"geometry":{"type":"LineString","coordinates":[[136.9007221,35.1656782],[136.9007152,35.1658082]]}},{"type":"Feature","properties":{"kind":"service"},"geometry":{"type":"LineString","coordinates":[[136.9007293,35.1655442],[136.9007221,35.1656782]]}},{"type":"Feature","properties":{"kind":"service"},"geometry":{"type":"LineString","coordinates":[[136.9007339,35.1654566],[136.9007316,35.1655005],[136.90073,35.1655296],[136.9007293,35.1655442]]}},{"type":"Feature","properties":{"kind":"service"},"geometry":{"type":"LineString","coordinates":[[136.9009969,35.1657868],[136.9012016,35.165799],[136.9012311,35.1658008],[136.9012764,35.1658035]]}},{"type":"Feature","properties":{"kind":"service"},"geometry":{"type":"LineString","coordinates":[[136.9007939,35.1659465],[136.9011837,35.1659717],[136.9012129,35.1659736],[136.9012589,35.1659766]]}},{"type":"Feature","properties":{"kind":"service"},"geometry":{"type":"LineString","coordinates":[[136.8999193,35.1656602],[136.9000417,35.1656676],[136.9001137,35.1656719]]}},{"type":"Feature","properties":{"kind":"service"},"geometry":{"type":"LineString","coordinates":[[136.8997443,35.1657917],[136.8999871,35.1658064],[136.9000282,35.1658088],[136.9000985,35.1658131]]}},{"type":"Feature","properties":{"kind":"service"},"geometry":{"type":"LineString","coordinates":[[136.8979301,35.1655173],[136.8980087,35.1655224],[136.898028,35.1655236],[136.8980678,35.1655262],[136.8980844,35.1655273],[136.8980911,35.1655277]]}},{"type":"Feature","properties":{"kind":"service"},"geometry":{"type":"LineString","coordinates":[[136.8983435,35.1654382],[136.8980958,35.1654231],[136.8980801,35.1654222],[136.898037,35.1654196],[136.8980198,35.1654185],[136.8979421,35.1654138]]}},{"type":"Feature","properties":{"kind":"service"},"geometry":{"type":"LineString","coordinates":[[136.9019504,35.1649075],[136.9018305,35.164907]]}},{"type":"Feature","properties":{"kind":"service"},"geometry":{"type":"LineString","coordinates":[[136.9019705,35.1632438],[136.9017732,35.1632636]]}},{"type":"Feature","properties":{"kind":"service"},"geometry":{"type":"LineString","coordinates":[[136.9027631,35.1641204],[136.9024951,35.1641465],[136.902472,35.1641488],[136.9024518,35.1641508],[136.9023795,35.1641578]]}},{"type":"Feature","properties":{"kind":"service"},"geometry":{"type":"LineString","coordinates":[[136.901933,35.1634998],[136.9021808,35.1634785],[136.9022161,35.1634755],[136.902289,35.1634692]]}},{"type":"Feature","properties":{"kind":"service"},"geometry":{"type":"LineString","coordinates":[[136.8986808,35.1709937],[136.8986697,35.1711028],[136.8986625,35.1711735]]}},{"type":"Feature","properties":{"kind":"service"},"geometry":{"type":"LineString","coordinates":[[136.8986848,35.1707322],[136.8985166,35.1707187],[136.898451,35.1707134]]}},{"type":"Feature","properties":{"kind":"service"},"geometry":{"type":"LineString","coordinates":[[136.9010042,35.1716487],[136.9007661,35.1716333],[136.9007041,35.1716293]]}},{"type":"Feature","properties":{"kind":"service"},"geometry":{"type":"LineString","coordinates":[[136.9010237,35.1718811],[136.9009891,35.1722088],[136.9009834,35.1722629]]}},{"type":"Feature","properties":{"kind":"service"},"geometry":{"type":"LineString","coordinates":[[136.8978989,35.1727461],[136.898161,35.1727627],[136.8981752,35.1727636],[136.8981936,35.1727648],[136.8982399,35.1727677]]}},{"type":"Feature","properties":{"kind":"footway"},"geometry":{"type":"LineString","coordinates":[[136.9012617,35.172814],[136.9012276,35.1730995]]}},{"type":"Feature","properties":{"kind":"service"},"geometry":{"type":"LineString","coordinates":[[136.9005907,35.1727591],[136.9005325,35.1727561],[136.9005135,35.1727551],[136.9004946,35.1727541],[136.900268,35.1727422],[136.9002741,35.1726645]]}},{"type":"Feature","properties":{"kind":"service"},"geometry":{"type":"LineString","coordinates":[[136.9003692,35.1718066],[136.9006141,35.1718202],[136.9006856,35.1718242]]}},{"type":"Feature","properties":{"kind":"service"},"geometry":{"type":"LineString","coordinates":[[136.9003035,35.1719047],[136.9002766,35.1721638],[136.900271,35.1722181]]}},{"type":"Feature","properties":{"kind":"service"},"geometry":{"type":"LineString","coordinates":[[136.8999568,35.171686],[136.899585,35.1716585],[136.899504,35.1716525]]}},{"type":"Feature","properties":{"kind":"service"},"geometry":{"type":"LineString","coordinates":[[136.8981738,35.1717364],[136.8981433,35.1720191],[136.8981377,35.1720715]]}},{"type":"Feature","properties":{"kind":"service"},"geometry":{"type":"LineString","coordinates":[[136.8980183,35.1717671],[136.8979982,35.1720108],[136.897994,35.1720624]]}},{"type":"Feature","properties":{"kind":"service"},"geometry":{"type":"LineString","coordinates":[[136.8999951,35.17057],[136.8997039,35.170551],[136.899617,35.1705453]]}},{"type":"Feature","properties":{"kind":"service"},"geometry":{"type":"LineString","coordinates":[[136.9003833,35.1705387],[136.9003985,35.1703899],[136.9004041,35.1703356]]}},{"type":"Feature","properties":{"kind":"service"},"geometry":{"type":"LineString","coordinates":[[136.9002365,35.1707575],[136.9002733,35.1703828],[136.9002788,35.170327]]}},{"type":"Feature","properties":{"kind":"service"},"geometry":{"type":"LineString","coordinates":[[136.9003531,35.1706873],[136.9007182,35.1707084],[136.900791,35.1707126]]}},{"type":"Feature","properties":{"kind":"service"},"geometry":{"type":"LineString","coordinates":[[136.9014978,35.1711384],[136.9018193,35.1711581],[136.9019165,35.1711641]]}},{"type":"Feature","properties":{"kind":"service"},"geometry":{"type":"LineString","coordinates":[[136.9011645,35.1706489],[136.9012266,35.1706525],[136.9013261,35.1706582]]}},{"type":"Feature","properties":{"kind":"service"},"geometry":{"type":"LineString","coordinates":[[136.9012266,35.1706525],[136.9012471,35.1704382],[136.9012518,35.1703903]]}},{"type":"Feature","properties":{"kind":"service"},"geometry":{"type":"LineString","coordinates":[[136.8982302,35.1705486],[136.8983978,35.1705589],[136.8984649,35.170563]]}},{"type":"Feature","properties":{"kind":"service"},"geometry":{"type":"LineString","coordinates":[[136.8990147,35.1706314],[136.8989691,35.1711246],[136.8989627,35.1711939]]}},{"type":"Feature","properties":{"kind":"service"},"geometry":{"type":"LineString","coordinates":[[136.8991817,35.1705497],[136.8992034,35.1703087],[136.8992083,35.170255]]}},{"type":"Feature","properties":{"kind":"service"},"geometry":{"type":"LineString","coordinates":[[136.899297,35.170507],[136.8993154,35.1703161],[136.8993206,35.1702623]]}},{"type":"Feature","properties":{"kind":"service"},"geometry":{"type":"LineString","coordinates":[[136.8986125,35.1690144],[136.8985593,35.1690111],[136.8985434,35.1690102],[136.8985268,35.1690092],[136.8984152,35.1690023],[136.8984027,35.1691382]]}},{"type":"Feature","properties":{"kind":"service"},"geometry":{"type":"LineString","coordinates":[[136.8990275,35.168999],[136.8990037,35.1692198],[136.8990017,35.1692387],[136.8989989,35.1692645],[136.8989934,35.1693151]]}},{"type":"Feature","properties":{"kind":"service"},"geometry":{"type":"LineString","coordinates":[[136.8989812,35.1689047],[136.8987052,35.1688824],[136.8986894,35.1688812],[136.8986738,35.1688799],[136.8986269,35.1688761]]}},{"type":"Feature","properties":{"kind":"service"},"geometry":{"type":"LineString","coordinates":[[136.9061692,35.1660612],[136.9061504,35.1662174]]}},{"type":"Feature","properties":{"kind":"service"},"geometry":{"type":"LineString","coordinates":[[136.9063316,35.1659972],[136.9063286,35.1660221],[136.9063257,35.1660461],[136.9063241,35.1660592],[136.9063036,35.1662297],[136.9061504,35.1662174],[136.9060761,35.1662114],[136.906055,35.1662097],[136.9060279,35.1662076],[136.9059984,35.1662052]]}},{"type":"Feature","properties":{"kind":"service"},"geometry":{"type":"LineString","coordinates":[[136.9067339,35.1653504],[136.9067508,35.1651632]]}},{"type":"Feature","properties":{"kind":"service"},"geometry":{"type":"LineString","coordinates":[[136.9067253,35.1654458],[136.9067339,35.1653504]]}},{"type":"Feature","properties":{"kind":"service"},"geometry":{"type":"LineString","coordinates":[[136.9065705,35.1654053],[136.9065899,35.1651535]]}},{"type":"Feature","properties":{"kind":"service"},"geometry":{"type":"LineString","coordinates":[[136.9067127,35.1655851],[136.9067253,35.1654458]]}},{"type":"Feature","properties":{"kind":"service"},"geometry":{"type":"LineString","coordinates":[[136.9030977,35.1679181],[136.9031044,35.167855],[136.9033664,35.1678736],[136.9033843,35.1678749],[136.9034068,35.1678765],[136.9034455,35.1678793]]}},{"type":"Feature","properties":{"kind":"service"},"geometry":{"type":"LineString","coordinates":[[136.9040596,35.1672523],[136.9040495,35.1674174],[136.903917,35.1674119]]}},{"type":"Feature","properties":{"kind":"service"},"geometry":{"type":"LineString","coordinates":[[136.9039989,35.1672499],[136.9040596,35.1672523],[136.9041196,35.1672548]]}},{"type":"Feature","properties":{"kind":"service"},"geometry":{"type":"LineString","coordinates":[[136.9039574,35.1671386],[136.9035933,35.1671163],[136.9035538,35.1671139],[136.9035184,35.1671117]]}},{"type":"Feature","properties":{"kind":"service"},"geometry":{"type":"LineString","coordinates":[[136.9028804,35.1672548],[136.9028885,35.1671528],[136.9028097,35.1671487],[136.9028131,35.1671061],[136.9024511,35.167087],[136.902438,35.1670863],[136.9024161,35.1670852],[136.9023407,35.1670812]]}},{"type":"Feature","properties":{"kind":"service"},"geometry":{"type":"LineString","coordinates":[[136.9028825,35.1672871],[136.9028689,35.1674315],[136.9028652,35.16747],[136.9028627,35.1674972]]}},{"type":"Feature","properties":{"kind":"service"},"geometry":{"type":"LineString","coordinates":[[136.9026612,35.1667593],[136.9026498,35.1668749],[136.902471,35.1668631],[136.9024589,35.1668623],[136.9024364,35.1668609],[136.9023628,35.166856]]}},{"type":"Feature","properties":{"kind":"service"},"geometry":{"type":"LineString","coordinates":[[136.9037709,35.165886],[136.9037795,35.1658192],[136.9037838,35.1657854],[136.9037871,35.1657593]]}},{"type":"Feature","properties":{"kind":"service"},"geometry":{"type":"LineString","coordinates":[[136.9041746,35.1655127],[136.9041553,35.1657291],[136.9041523,35.1657628],[136.9041497,35.1657916]]}},{"type":"Feature","properties":{"kind":"service"},"geometry":{"type":"LineString","coordinates":[[136.903374,35.1653324],[136.9036351,35.1653495],[136.903658,35.165351],[136.9036788,35.1653521]]}},{"type":"Feature","properties":{"kind":"service"},"geometry":{"type":"LineString","coordinates":[[136.9035651,35.1654173],[136.9033847,35.1654124],[136.9033461,35.1656488],[136.9033412,35.1656788],[136.9033357,35.1657123]]}},{"type":"Feature","properties":{"kind":"service"},"geometry":{"type":"LineString","coordinates":[[136.9038903,35.1651679],[136.9037344,35.1651666],[136.9037192,35.1651665],[136.903695,35.1651663]]}},{"type":"Feature","properties":{"kind":"service"},"geometry":{"type":"LineString","coordinates":[[136.9034496,35.1649076],[136.9034471,35.1650542]]}},{"type":"Feature","properties":{"kind":"service"},"geometry":{"type":"LineString","coordinates":[[136.9032995,35.1649059],[136.9032971,35.1650501]]}},{"type":"Feature","properties":{"kind":"service"},"geometry":{"type":"LineString","coordinates":[[136.9031091,35.1646598],[136.9030688,35.1643955]]}},{"type":"Feature","properties":{"kind":"service"},"geometry":{"type":"LineString","coordinates":[[136.903433,35.1645041],[136.9034102,35.1643585]]}},{"type":"Feature","properties":{"kind":"service"},"geometry":{"type":"LineString","coordinates":[[136.9039111,35.1645808],[136.9036411,35.1646096]]}},{"type":"Feature","properties":{"kind":"service"},"geometry":{"type":"LineString","coordinates":[[136.9038755,35.1644213],[136.9036186,35.1644481]]}},{"type":"Feature","properties":{"kind":"service"},"geometry":{"type":"LineString","coordinates":[[136.9026002,35.1643155],[136.9026224,35.1644439]]}},{"type":"Feature","properties":{"kind":"service"},"geometry":{"type":"LineString","coordinates":[[136.9027685,35.1642338],[136.9028001,35.1644247]]}},{"type":"Feature","properties":{"kind":"service"},"geometry":{"type":"LineString","coordinates":[[136.9045897,35.1639241],[136.9042758,35.1639932]]}},{"type":"Feature","properties":{"kind":"service"},"geometry":{"type":"LineString","coordinates":[[136.9045823,35.1638238],[136.9042489,35.1638975]]}},{"type":"Feature","properties":{"kind":"service"},"geometry":{"type":"LineString","coordinates":[[136.9048478,35.1637344],[136.9048277,35.1636021]]}},{"type":"Feature","properties":{"kind":"service"},"geometry":{"type":"LineString","coordinates":[[136.9051449,35.1643851],[136.9049972,35.1644094]]}},{"type":"Feature","properties":{"kind":"service"},"geometry":{"type":"LineString","coordinates":[[136.9047935,35.1642333],[136.9049524,35.1642064]]}},{"type":"Feature","properties":{"kind":"service"},"geometry":{"type":"LineString","coordinates":[[136.9047151,35.163968],[136.9048932,35.1639381]]}},{"type":"Feature","properties":{"kind":"service"},"geometry":{"type":"LineString","coordinates":[[136.904754,35.1641034],[136.9049236,35.1640758]]}},{"type":"Feature","properties":{"kind":"service"},"geometry":{"type":"LineString","coordinates":[[136.9051261,35.1639274],[136.9048981,35.1639603]]}},{"type":"Feature","properties":{"kind":"service"},"geometry":{"type":"LineString","coordinates":[[136.9059657,35.1639488],[136.9058802,35.1639636],[136.905857,35.1639676],[136.9058327,35.1639718],[136.9058036,35.1639769]]}},{"type":"Feature","properties":{"kind":"service"},"geometry":{"type":"LineString","coordinates":[[136.9052374,35.1634242],[136.9052581,35.163557]]}},{"type":"Feature","properties":{"kind":"service"},"geometry":{"type":"LineString","coordinates":[[136.9054178,35.1634472],[136.9055696,35.1634214],[136.9056212,35.1634127],[136.9056531,35.1634073]]}},{"type":"Feature","properties":{"kind":"service"},"geometry":{"type":"LineString","coordinates":[[136.9055849,35.1631292],[136.9056182,35.1631235],[136.9056501,35.163118],[136.9056671,35.1631151],[136.9059093,35.1630733]]}},{"type":"Feature","properties":{"kind":"service"},"geometry":{"type":"LineString","coordinates":[[136.9049424,35.1633644],[136.9049782,35.1635863]]}},{"type":"Feature","properties":{"kind":"service"},"geometry":{"type":"LineString","coordinates":[[136.9046272,35.1633929],[136.9046615,35.1636195]]}},{"type":"Feature","properties":{"kind":"service"},"geometry":{"type":"LineString","coordinates":[[136.9044871,35.1635009],[136.9045099,35.1636354]]}},{"type":"Feature","properties":{"kind":"service"},"geometry":{"type":"LineString","coordinates":[[136.9028246,35.1638113],[136.9028278,35.1638326],[136.9028317,35.1638583],[136.902863,35.1640672]]}},{"type":"Feature","properties":{"kind":"footway"},"geometry":{"type":"LineString","coordinates":[[136.9065437,35.1695022],[136.9065935,35.1695042]]}},{"type":"Feature","properties":{"kind":"service"},"geometry":{"type":"LineString","coordinates":[[136.9027939,35.1731544],[136.9028094,35.1729823],[136.9028421,35.1729843],[136.9028616,35.1729854],[136.9028902,35.1729872],[136.9029366,35.1729899]]}},{"type":"Feature","properties":{"kind":"service"},"geometry":{"type":"LineString","coordinates":[[136.9021254,35.172597],[136.9018835,35.1725836],[136.9018667,35.1725827],[136.9018497,35.1725817],[136.9017755,35.1725776]]}},{"type":"Feature","properties":{"kind":"service"},"geometry":{"type":"LineString","coordinates":[[136.9026684,35.1725065],[136.9026735,35.1724407],[136.9026748,35.1724233],[136.9026765,35.1724016],[136.902679,35.1723691]]}},{"type":"Feature","properties":{"kind":"service"},"geometry":{"type":"LineString","coordinates":[[136.9026344,35.1725915],[136.902641,35.1725051]]}},{"type":"Feature","properties":{"kind":"service"},"geometry":{"type":"LineString","coordinates":[[136.9024734,35.1725833],[136.9026344,35.1725915],[136.9027993,35.1726],[136.9028059,35.1725136],[136.9026684,35.1725065],[136.902641,35.1725051],[136.9024801,35.1724969]]}},{"type":"Feature","properties":{"kind":"service"},"geometry":{"type":"LineString","coordinates":[[136.9034974,35.1720889],[136.9034718,35.1723715],[136.9034669,35.1724254]]}},{"type":"Feature","properties":{"kind":"service"},"geometry":{"type":"LineString","coordinates":[[136.9037258,35.1724451],[136.9037323,35.1723876],[136.9037495,35.1722341],[136.9037863,35.1722369],[136.9038065,35.1720563]]}},{"type":"Feature","properties":{"kind":"service"},"geometry":{"type":"LineString","coordinates":[[136.9046165,35.1719091],[136.9043218,35.1718903],[136.9042368,35.1718849]]}},{"type":"Feature","properties":{"kind":"service"},"geometry":{"type":"LineString","coordinates":[[136.9045696,35.1718395],[136.9043286,35.171824],[136.9042435,35.1718185]]}},{"type":"Feature","properties":{"kind":"service"},"geometry":{"type":"LineString","coordinates":[[136.9047721,35.1715647],[136.9047653,35.1716454],[136.9047406,35.1719409],[136.9048606,35.1719476],[136.9048852,35.1716531],[136.904892,35.171573]]}},{"type":"Feature","properties":{"kind":"service"},"geometry":{"type":"LineString","coordinates":[[136.9073041,35.1722462],[136.9072655,35.1726141],[136.9072633,35.1726355],[136.9072614,35.1726536],[136.9072586,35.1726804]]}},{"type":"Feature","properties":{"kind":"service"},"geometry":{"type":"LineString","coordinates":[[136.9057886,35.1722862],[136.9058416,35.1722895],[136.9058191,35.1725318],[136.9058139,35.1725872]]}},{"type":"Feature","properties":{"kind":"service"},"geometry":{"type":"LineString","coordinates":[[136.9057665,35.17209],[136.9054656,35.1720678],[136.9054088,35.1720636]]}},{"type":"Feature","properties":{"kind":"service"},"geometry":{"type":"LineString","coordinates":[[136.9059301,35.1718071],[136.9059393,35.1717046],[136.9059447,35.1716451]]}},{"type":"Feature","properties":{"kind":"service"},"geometry":{"type":"LineString","coordinates":[[136.9051369,35.1711927],[136.905106,35.1715171],[136.9050993,35.1715874]]}},{"type":"Feature","properties":{"kind":"service"},"geometry":{"type":"LineString","coordinates":[[136.9051201,35.1708545],[136.9051326,35.1707092],[136.9051377,35.1706498]]}},{"type":"Feature","properties":{"kind":"service"},"geometry":{"type":"LineString","coordinates":[[136.9038071,35.1711855],[136.9037798,35.1714292],[136.9037724,35.1714953]]}},{"type":"Feature","properties":{"kind":"service"},"geometry":{"type":"LineString","coordinates":[[136.9025499,35.1701846],[136.9027188,35.170194],[136.9026985,35.1704405],[136.9026951,35.1704808]]}},{"type":"Feature","properties":{"kind":"service"},"geometry":{"type":"LineString","coordinates":[[136.9040211,35.170257],[136.9043195,35.170274],[136.9044127,35.1702793]]}},{"type":"Feature","properties":{"kind":"footway"},"geometry":{"type":"LineString","coordinates":[[136.9038876,35.16909],[136.9039037,35.1689141],[136.90398,35.1689187],[136.9039886,35.1688255],[136.9039909,35.1688004]]}},{"type":"Feature","properties":{"kind":"service"},"geometry":{"type":"LineString","coordinates":[[136.9107605,35.1612315],[136.9107907,35.1612288],[136.9108102,35.161227],[136.9108306,35.1612252],[136.9109485,35.1612139],[136.9110179,35.1612706],[136.9110679,35.1613114],[136.9111343,35.161307]]}},{"type":"Feature","properties":{"kind":"service"},"geometry":{"type":"LineString","coordinates":[[136.9108442,35.160889],[136.9107674,35.1608962],[136.9107141,35.1609012]]}},{"type":"Feature","properties":{"kind":"service"},"geometry":{"type":"LineString","coordinates":[[136.910856,35.160982],[136.9108442,35.160889],[136.9108372,35.1608339]]}},{"type":"Feature","properties":{"kind":"service"},"geometry":{"type":"LineString","coordinates":[[136.9108781,35.1602539],[136.9108927,35.1603689]]}},{"type":"Feature","properties":{"kind":"service"},"geometry":{"type":"LineString","coordinates":[[136.9106333,35.1603268],[136.9106931,35.1603217],[136.9107521,35.1603167],[136.9107602,35.1603802],[136.9108927,35.1603689],[136.9110638,35.1603544],[136.9112068,35.1603422]]}},{"type":"Feature","properties":{"kind":"service"},"geometry":{"type":"LineString","coordinates":[[136.9100855,35.1587634],[136.910355,35.1587429],[136.9103664,35.1587421],[136.9103786,35.1587411],[136.9104201,35.158738]]}},{"type":"Feature","properties":{"kind":"service"},"geometry":{"type":"LineString","coordinates":[[136.9102766,35.1591932],[136.9104045,35.1591825],[136.9104149,35.1591816],[136.9104295,35.1591804],[136.9104759,35.1591765]]}},{"type":"Feature","properties":{"kind":"service"},"geometry":{"type":"LineString","coordinates":[[136.9113374,35.1653324],[136.9109439,35.1653128]]}},{"type":"Feature","properties":{"kind":"service"},"geometry":{"type":"LineString","coordinates":[[136.910658,35.1658871],[136.9106603,35.1658549],[136.9106635,35.1658119],[136.910664,35.1658056]]}},{"type":"Feature","properties":{"kind":"service"},"geometry":{"type":"LineString","coordinates":[[136.9104582,35.1646722],[136.9101351,35.1646598],[136.9101101,35.1650932],[136.9101089,35.1651145],[136.9101076,35.1651376]]}},{"type":"Feature","properties":{"kind":"service"},"geometry":{"type":"LineString","coordinates":[[136.9102129,35.1645742],[136.9102311,35.1643356],[136.9102326,35.1643161],[136.9102344,35.164292]]}},{"type":"Feature","properties":{"kind":"service"},"geometry":{"type":"LineString","coordinates":[[136.9102344,35.1640184],[136.9102364,35.1639227]]}},{"type":"Feature","properties":{"kind":"service"},"geometry":{"type":"LineString","coordinates":[[136.9104758,35.1641697],[136.910471,35.1643053]]}},{"type":"Feature","properties":{"kind":"service"},"geometry":{"type":"LineString","coordinates":[[136.9107518,35.1640077],[136.9110393,35.1640113]]}},{"type":"Feature","properties":{"kind":"service"},"geometry":{"type":"LineString","coordinates":[[136.9105247,35.1636846],[136.9105267,35.1635712]]}},{"type":"Feature","properties":{"kind":"service"},"geometry":{"type":"LineString","coordinates":[[136.9105234,35.1638145],[136.910522,35.1639262]]}},{"type":"Feature","properties":{"kind":"service"},"geometry":{"type":"LineString","coordinates":[[136.9103035,35.1633995],[136.9102944,35.1635634]]}},{"type":"Feature","properties":{"kind":"service"},"geometry":{"type":"LineString","coordinates":[[136.9103584,35.1634],[136.9103489,35.1635652]]}},{"type":"Feature","properties":{"kind":"service"},"geometry":{"type":"LineString","coordinates":[[136.9099648,35.1634146],[136.9099622,35.1635018],[136.9099615,35.1635219],[136.9099607,35.1635485]]}},{"type":"Feature","properties":{"kind":"service"},"geometry":{"type":"LineString","coordinates":[[136.9099615,35.1626523],[136.9099641,35.1628326]]}},{"type":"Feature","properties":{"kind":"service"},"geometry":{"type":"LineString","coordinates":[[136.9101336,35.1659741],[136.9101376,35.1659302],[136.9101409,35.1658939],[136.9101438,35.1658612]]}},{"type":"Feature","properties":{"kind":"service"},"geometry":{"type":"LineString","coordinates":[[136.9110176,35.1675661],[136.9107623,35.1675531]]}},{"type":"Feature","properties":{"kind":"service"},"geometry":{"type":"LineString","coordinates":[[136.911142,35.1670839],[136.9108005,35.1670708]]}},{"type":"Feature","properties":{"kind":"service"},"geometry":{"type":"LineString","coordinates":[[136.9106732,35.1676485],[136.910675,35.1676486],[136.9107131,35.1676501],[136.9107545,35.1676518]]}},{"type":"Feature","properties":{"kind":"footway"},"geometry":{"type":"LineString","coordinates":[[136.9104503,35.1715908],[136.9104706,35.1715917],[136.9105341,35.1715945],[136.9105389,35.1717365]]}},{"type":"Feature","properties":{"kind":"service"},"geometry":{"type":"LineString","coordinates":[[136.9105167,35.1730009],[136.9104735,35.1728545]]}},{"type":"Feature","properties":{"kind":"service"},"geometry":{"type":"LineString","coordinates":[[136.9107193,35.172808],[136.9108417,35.1732012]]}},{"type":"Feature","properties":{"kind":"service"},"geometry":{"type":"LineString","coordinates":[[136.9097898,35.1722319],[136.9102424,35.1722569],[136.9102925,35.1722597],[136.9103319,35.1722619]]}},{"type":"Feature","properties":{"kind":"service"},"geometry":{"type":"LineString","coordinates":[[136.9093848,35.1722034],[136.9094082,35.1719729],[136.9094131,35.1719256],[136.9094171,35.1718854]]}},{"type":"Feature","properties":{"kind":"service"},"geometry":{"type":"LineString","coordinates":[[136.9007052,35.167832],[136.9009906,35.1678517],[136.9010143,35.1678533],[136.901028,35.1678543],[136.9010703,35.1678572]]}},{"type":"Feature","properties":{"kind":"steps"},"geometry":{"type":"LineString","coordinates":[[136.8981106,35.1596694],[136.8981052,35.159778]]}},{"type":"Feature","properties":{"kind":"steps"},"geometry":{"type":"LineString","coordinates":[[136.8985384,35.1596859],[136.8985304,35.1597966]]}},{"type":"Feature","properties":{"kind":"footway"},"geometry":{"type":"LineString","coordinates":[[136.8981052,35.159778],[136.8985304,35.1597966]]}},{"type":"Feature","properties":{"kind":"footway"},"geometry":{"type":"LineString","coordinates":[[136.8980868,35.1596694],[136.8981106,35.1596694]]}},{"type":"Feature","properties":{"kind":"footway"},"geometry":{"type":"LineString","coordinates":[[136.8985384,35.1596859],[136.8985566,35.1596859]]}},{"type":"Feature","properties":{"kind":"service"},"geometry":{"type":"LineString","coordinates":[[136.9100593,35.1673144],[136.9100622,35.1672745]]}},{"type":"Feature","properties":{"kind":"service"},"geometry":{"type":"LineString","coordinates":[[136.9004068,35.171515],[136.900646,35.1715291],[136.9007133,35.1715331]]}},{"type":"Feature","properties":{"kind":"tertiary"},"geometry":{"type":"LineString","coordinates":[[136.9084165,35.166974],[136.9086401,35.1669832],[136.9088075,35.1669901],[136.9089905,35.1669976],[136.9091738,35.1670051],[136.9093062,35.1670106]]}},{"type":"Feature","properties":{"kind":"tertiary"},"geometry":{"type":"LineString","coordinates":[[136.8978477,35.1662256],[136.8979475,35.1662319],[136.8979728,35.1662331],[136.8979884,35.1662341],[136.8980185,35.1662359],[136.8986284,35.166274],[136.8989057,35.1662913],[136.8992708,35.1663141],[136.8995429,35.1663311],[136.9000393,35.1663621],[136.9005255,35.1663966]]}},{"type":"Feature","properties":{"kind":"footway"},"geometry":{"type":"LineString","coordinates":[[136.8980772,35.1681692],[136.8980788,35.1681644]]}},{"type":"Feature","properties":{"kind":"footway"},"geometry":{"type":"LineString","coordinates":[[136.898017,35.160547],[136.8980505,35.1605503]]}},{"type":"Feature","properties":{"kind":"footway"},"geometry":{"type":"LineString","coordinates":[[136.898038,35.160038],[136.8980755,35.1600383]]}},{"type":"Feature","properties":{"kind":"footway"},"geometry":{"type":"LineString","coordinates":[[136.8985099,35.160279],[136.8985149,35.1602793]]}},{"type":"Feature","properties":{"kind":"footway"},"geometry":{"type":"LineString","coordinates":[[136.8984787,35.1605944],[136.8984809,35.1605879],[136.898494,35.1605887]]}},{"type":"Feature","properties":{"kind":"footway"},"geometry":{"type":"LineString","coordinates":[[136.9090793,35.1705031],[136.909112,35.1705095]]}},{"type":"Feature","properties":{"kind":"footway"},"geometry":{"type":"LineString","coordinates":[[136.9090535,35.1707942],[136.909081,35.1707945]]}},{"type":"Feature","properties":{"kind":"footway"},"geometry":{"type":"LineString","coordinates":[[136.909002,35.171188],[136.9090379,35.1711905]]}},{"type":"Feature","properties":{"kind":"footway"},"geometry":{"type":"LineString","coordinates":[[136.9089484,35.1716835],[136.9089839,35.1716878]]}},{"type":"Feature","properties":{"kind":"footway"},"geometry":{"type":"LineString","coordinates":[[136.9078912,35.1714267],[136.9078599,35.1714228]]}},{"type":"Feature","properties":{"kind":"footway"},"geometry":{"type":"LineString","coordinates":[[136.9079295,35.1710292],[136.9078976,35.1710276]]}},{"type":"Feature","properties":{"kind":"footway"},"geometry":{"type":"LineString","coordinates":[[136.9047547,35.1685921],[136.9047525,35.1686157]]}},{"type":"Feature","properties":{"kind":"footway"},"geometry":{"type":"LineString","coordinates":[[136.9091554,35.1711258],[136.9090455,35.1711204]]}},{"type":"Feature","properties":{"kind":"footway"},"geometry":{"type":"LineString","coordinates":[[136.9059008,35.1689338],[136.9058976,35.168967]]}},{"type":"Feature","properties":{"kind":"footway"},"geometry":{"type":"LineString","coordinates":[[136.9078363,35.1719425],[136.907804,35.1719412]]}},{"type":"Feature","properties":{"kind":"footway"},"geometry":{"type":"LineString","coordinates":[[136.9059346,35.1687],[136.905936,35.1686695]]}},{"type":"Feature","properties":{"kind":"footway"},"geometry":{"type":"LineString","coordinates":[[136.9088096,35.1726744],[136.9088587,35.1726779]]}},{"type":"Feature","properties":{"kind":"footway"},"geometry":{"type":"LineString","coordinates":[[136.9087994,35.172932],[136.9088421,35.1729323]]}},{"type":"Feature","properties":{"kind":"footway"},"geometry":{"type":"LineString","coordinates":[[136.909688,35.1640333],[136.9096393,35.1640322]]}},{"type":"Feature","properties":{"kind":"footway"},"geometry":{"type":"LineString","coordinates":[[136.9096461,35.1631667],[136.9096637,35.1631664]]}},{"type":"Feature","properties":{"kind":"tertiary"},"geometry":{"type":"LineString","coordinates":[[136.9020758,35.1696626],[136.903268,35.1697317],[136.9044622,35.1698115],[136.905549,35.169882],[136.9056183,35.1698865],[136.9057066,35.1698928],[136.9065823,35.1699504],[136.9067036,35.1699565]]}},{"type":"Feature","properties":{"kind":"tertiary"},"geometry":{"type":"LineString","coordinates":[[136.9067214,35.169825],[136.9065974,35.1698166],[136.9057203,35.1697545],[136.9056348,35.1697485],[136.905563,35.1697436],[136.905255,35.1697227],[136.9044749,35.1696699],[136.9032843,35.1695965],[136.9020925,35.1695102]]}},{"type":"Feature","properties":{"kind":"footway"},"geometry":{"type":"LineString","coordinates":[[136.8986442,35.1672829],[136.8986457,35.1672642]]}},{"type":"Feature","properties":{"kind":"tertiary"},"geometry":{"type":"LineString","coordinates":[[136.9069719,35.1689523],[136.9069991,35.1688338]]}},{"type":"Feature","properties":{"kind":"unclassified"},"geometry":{"type":"LineString","coordinates":[[136.9106202,35.1691926],[136.9106125,35.169278],[136.9105504,35.1699676],[136.9105422,35.1700588]]}},{"type":"Feature","properties":{"kind":"primary"},"geometry":{"type":"LineString","coordinates":[[136.9091149,35.1690995],[136.9094567,35.1691206],[136.9105038,35.1691854],[136.9106202,35.1691926]]}},{"type":"Feature","properties":{"kind":"residential"},"geometry":{"type":"LineString","coordinates":[[136.9764568,35.1452468],[136.9757098,35.1456612],[136.9754095,35.1459548],[136.9750581,35.1463211],[136.9745995,35.1471523],[136.974519,35.1473145],[136.9744736,35.1474246],[136.9741411,35.1484686],[136.9741218,35.1485895],[136.9741071,35.1486701],[136.9741483,35.1492667],[136.9741918,35.1498348],[136.9742109,35.1500515],[136.974244,35.1506247],[136.9743066,35.1513595],[136.9743082,35.1513945],[136.974337,35.1519985],[136.9743499,35.1521045],[136.974362,35.1521994],[136.9743728,35.1522847],[136.9742864,35.1525824],[136.9742053,35.1528027],[136.9735798,35.1537395],[136.9730517,35.1545305],[136.9729946,35.1546215],[136.9729966,35.1547043],[136.9730258,35.1547673],[136.9730474,35.1548137]]}},{"type":"Feature","properties":{"kind":"residential"},"geometry":{"type":"LineString","coordinates":[[136.962424,35.1586437],[136.9624007,35.1585867],[136.962278,35.1582863],[136.9621187,35.1579267],[136.961967,35.1575695],[136.9617702,35.1571548],[136.9616043,35.1567819],[136.9613927,35.1562802],[136.9612817,35.1558672],[136.961221,35.1556542],[136.9612142,35.1556232],[136.9611504,35.1553532],[136.9610133,35.1548705],[136.9609587,35.1546351],[136.9608323,35.1542354],[136.9606387,35.153585]]}},{"type":"Feature","properties":{"kind":"tertiary"},"geometry":{"type":"LineString","coordinates":[[136.9685943,35.1463808],[136.9686801,35.1464005],[136.9687679,35.1464334],[136.9688477,35.1464729],[136.9689752,35.1465759],[136.9690443,35.1466426],[136.9693565,35.1470322],[136.9694506,35.1471416],[136.9695394,35.1472204],[136.9696848,35.1473275],[136.9698921,35.1474422],[136.9701209,35.1475285],[136.9710947,35.1478068],[136.9713651,35.1478547],[136.9716784,35.1478762],[136.9720512,35.1479179],[136.9724479,35.1479578],[136.97314,35.1482847],[136.9735432,35.1484567],[136.9739572,35.1485805],[136.9741218,35.1485895],[136.9744869,35.1485685],[136.9746821,35.1485224],[136.9748772,35.1484543],[136.9750411,35.1483671],[136.9752049,35.1482667],[136.9755385,35.1479633],[136.9756008,35.1479067],[136.9766299,35.146994],[136.9771167,35.1467531],[136.9782758,35.1464005],[136.9795056,35.1460532],[136.9797592,35.1460467],[136.9798526,35.1460402],[136.9800365,35.1460486],[136.9807882,35.1461126],[136.9813141,35.1461555],[136.9817948,35.1462075],[136.9818914,35.1462023]]}},{"type":"Feature","properties":{"kind":"motorway"},"geometry":{"type":"LineString","coordinates":[[136.9915353,35.1498672],[136.983641,35.1511042],[136.9829475,35.1512212],[136.9823415,35.1513424],[136.9817575,35.1514713],[136.9809695,35.1516709],[136.9792544,35.1521724],[136.9784362,35.1524387],[136.977769,35.1526883],[136.977075,35.1529857],[136.976479,35.1532733],[136.973611,35.1546869],[136.9730027,35.1549719],[136.9722879,35.1552852],[136.9714967,35.1556046],[136.9679423,35.1570018],[136.9668998,35.1573958],[136.9663746,35.1575763],[136.9658855,35.1577194],[136.9653604,35.1578557],[136.9641311,35.1581857],[136.9634966,35.1583629],[136.9620537,35.1587885],[136.9619425,35.158821],[136.9594584,35.1595467],[136.9589878,35.1596699],[136.9585386,35.159771],[136.9580479,35.1598621],[136.9563291,35.1601415],[136.9550613,35.1603451],[136.9525743,35.1607063],[136.9517592,35.1608218],[136.9514084,35.1608621],[136.9510182,35.1608795],[136.9505442,35.1608712],[136.9502005,35.1608402],[136.9498599,35.1607938],[136.9494571,35.1607234],[136.9491542,35.1606502],[136.948821,35.1605491],[136.9484028,35.1603946],[136.9481198,35.160275],[136.9478259,35.1601437],[136.9475346,35.1599917],[136.9458354,35.159033],[136.9456551,35.1589383],[136.9454315,35.1588347],[136.9451848,35.1587335],[136.9449384,35.1586539],[136.9447049,35.1585906],[136.9444484,35.1585396],[136.9442115,35.1585145],[136.9439707,35.1585054],[136.9437467,35.1585065],[136.9435286,35.1585193],[136.9433124,35.158545],[136.9430637,35.1585857],[136.9427065,35.1586499],[136.941294,35.1589729],[136.9406917,35.1590884],[136.9403146,35.1591479],[136.939852,35.1591974],[136.939374,35.159233],[136.9385538,35.1592449]]}},{"type":"Feature","properties":{"kind":"tertiary"},"geometry":{"type":"LineString","coordinates":[[136.9730474,35.1548137],[136.9732094,35.1547633],[136.973799,35.1544709],[136.9746358,35.1540446],[136.9749766,35.1538709],[136.9755232,35.1536251],[136.9760221,35.1534935],[136.9764847,35.1533509]]}},{"type":"Feature","properties":{"kind":"tertiary"},"geometry":{"type":"LineString","coordinates":[[136.9657784,35.1427959],[136.9656505,35.1427929],[136.9651184,35.142774],[136.9648894,35.142854],[136.964626,35.14311],[136.9643345,35.143423],[136.9641445,35.1435808],[136.9639581,35.1436557],[136.9637824,35.1436867],[136.9634956,35.1437208],[136.9629649,35.1437663],[136.9621984,35.1438436],[136.9620066,35.1438697],[136.9618786,35.143909],[136.9617505,35.1439703],[136.9615764,35.1440899],[136.9614615,35.1441833],[136.9611839,35.1445255],[136.9610746,35.1446624],[136.9610029,35.1448168],[136.9609805,35.1449678],[136.9610091,35.1451188],[136.9610585,35.1452526],[136.9612023,35.145672],[136.9612093,35.1458106],[136.9611886,35.1459641],[136.9611319,35.1465921],[136.9610968,35.1468762],[136.9610272,35.1472846],[136.9609497,35.1477087],[136.9608035,35.1483482],[136.960726,35.1486428],[136.9606352,35.1490631],[136.9606237,35.1491835],[136.9605924,35.1493975],[136.9605498,35.1498268],[136.9605045,35.1502129],[136.9601981,35.1510796],[136.9600667,35.1514808],[136.9599261,35.1519103],[136.9599176,35.1519364],[136.9596615,35.152474],[136.9592738,35.1532553],[136.9592397,35.1533483],[136.9591969,35.1535294],[136.9591823,35.153591],[136.9591587,35.1537989],[136.9591669,35.1539168],[136.9591724,35.1539794]]}},{"type":"Feature","properties":{"kind":"tertiary"},"geometry":{"type":"LineString","coordinates":[[136.9730474,35.1548137],[136.9728955,35.1548594],[136.9723389,35.1550269],[136.9719241,35.155168],[136.971861,35.1551895],[136.9716917,35.1552512],[136.9715974,35.1552887],[136.9713656,35.1554357],[136.9712841,35.1554874],[136.9704548,35.1560419],[136.9702312,35.156215],[136.9701611,35.1562451],[136.9696379,35.1564697],[136.9690339,35.1566936],[136.9686808,35.1568238],[136.9683174,35.156964],[136.9678015,35.157163],[136.9670726,35.1574293],[136.9664279,35.1576753],[136.9661318,35.1577529],[136.9659375,35.1578039]]}},{"type":"Feature","properties":{"kind":"tertiary"},"geometry":{"type":"LineString","coordinates":[[136.958545,35.1519426],[136.9588568,35.1519219],[136.9593968,35.1519093],[136.9596097,35.1518992],[136.9597393,35.1518942],[136.9598628,35.1518967],[136.9599261,35.1519103],[136.9601374,35.1519522],[136.9605756,35.1520784],[136.9607661,35.1521285],[136.961197,35.1522442],[136.961449,35.1523168],[136.9617466,35.1523893],[136.9625731,35.1526272],[136.9629762,35.1527435],[136.9630158,35.1528118]]}},{"type":"Feature","properties":{"kind":"tertiary"},"geometry":{"type":"LineString","coordinates":[[136.9702312,35.156215],[136.9703677,35.1562636],[136.9705021,35.1563115],[136.9707005,35.1563751],[136.9709285,35.1564869],[136.9710647,35.1566373],[136.9711887,35.1570834],[136.9712269,35.1572666],[136.9713065,35.157637],[136.9713395,35.1577495],[136.971352,35.1578739],[136.971374,35.1581987],[136.9713881,35.1584059],[136.9713905,35.1585154],[136.9714336,35.1585966],[136.971492,35.1586684],[136.9715406,35.1587121],[136.9716271,35.1587696],[136.9717191,35.1587984],[136.9718305,35.1588194],[136.971989,35.1588186],[136.9726109,35.1588431],[136.9731523,35.1588778],[136.9734376,35.1588959],[136.9735044,35.15888],[136.9738311,35.1590624],[136.9739888,35.1591505]]}},{"type":"Feature","properties":{"kind":"residential"},"geometry":{"type":"LineString","coordinates":[[136.9723389,35.1550269],[136.9723691,35.1550661],[136.9723745,35.1550771],[136.9723825,35.1550902],[136.9726448,35.1554367],[136.972726,35.1555826],[136.9727449,35.1556557],[136.9727596,35.1557427],[136.972767,35.1558342],[136.9727646,35.155935],[136.9727463,35.1560396],[136.9727104,35.1561354],[136.9726724,35.1562228],[136.9721375,35.1575971],[136.9721195,35.1577295],[136.9721206,35.157853],[136.9721573,35.1581057],[136.9721573,35.1581638],[136.9721573,35.1582432],[136.971989,35.1588186]]}},{"type":"Feature","properties":{"kind":"service"},"geometry":{"type":"LineString","coordinates":[[136.9702679,35.1549626],[136.9703369,35.1551004],[136.9703659,35.155405],[136.9703807,35.1555661],[136.9704007,35.1557847],[136.9704093,35.1559614],[136.9704251,35.1559894],[136.97043,35.1559981],[136.9704369,35.1560103],[136.9704548,35.1560419]]}},{"type":"Feature","properties":{"kind":"residential"},"geometry":{"type":"LineString","coordinates":[[136.9689883,35.1618202],[136.9687747,35.1614247],[136.9687211,35.1610169],[136.9686245,35.1605651],[136.9683621,35.159772],[136.9681888,35.1591234],[136.9681808,35.1590098],[136.9682043,35.15875],[136.9682921,35.1584052],[136.9683803,35.1581003],[136.9683923,35.158059],[136.9686894,35.157803],[136.9689211,35.1576034],[136.9690912,35.1574891],[136.9693836,35.1573093],[136.9697792,35.1571503],[136.9701695,35.1570308],[136.9704498,35.1568948],[136.970543,35.1568315],[136.9707274,35.1566909],[136.9709285,35.1564869]]}},{"type":"Feature","properties":{"kind":"residential"},"geometry":{"type":"LineString","coordinates":[[136.9711418,35.1591552],[136.970333,35.1592845],[136.9700631,35.1593121],[136.9699919,35.1593335],[136.9699208,35.1593468],[136.9697687,35.1593628],[136.9696927,35.159365],[136.9696139,35.1593487],[136.9695386,35.1593205],[136.969473,35.159295],[136.9693889,35.1591797],[136.9693714,35.1591239],[136.9692777,35.1588411],[136.9692611,35.1587584],[136.9691958,35.1586098],[136.9691351,35.1583965],[136.9690679,35.158228],[136.9690119,35.1580532],[136.9689634,35.1578422],[136.9689211,35.1576034],[136.9689159,35.1574661],[136.968874,35.1572786],[136.9688169,35.157062],[136.9687119,35.1568782],[136.9686808,35.1568238]]}},{"type":"Feature","properties":{"kind":"residential"},"geometry":{"type":"LineString","coordinates":[[136.9696791,35.1602529],[136.9696992,35.1599918],[136.9697352,35.1598314],[136.969768,35.1597245],[136.9698382,35.1596118],[136.9699214,35.1594992],[136.9700631,35.1593121],[136.9702355,35.1591009],[136.9703829,35.1588494],[136.9704598,35.1586136],[136.970485,35.1584689],[136.9704877,35.158041],[136.9704551,35.157181],[136.9704498,35.1568948]]}},{"type":"Feature","properties":{"kind":"service"},"geometry":{"type":"LineString","coordinates":[[136.9684222,35.1525731],[136.9677673,35.1528441],[136.9672327,35.1531851],[136.9670515,35.1532643],[136.9668686,35.1533501],[136.9664228,35.1535391],[136.9662627,35.1536073],[136.9661749,35.1536447]]}},{"type":"Feature","properties":{"kind":"service"},"geometry":{"type":"LineString","coordinates":[[136.9634567,35.1532705],[136.9633964,35.1532041],[136.9633167,35.1531875],[136.9632173,35.153184]]}},{"type":"Feature","properties":{"kind":"service"},"geometry":{"type":"LineString","coordinates":[[136.9627651,35.1558981],[136.96287,35.1561227],[136.9629601,35.1565883],[136.9631263,35.1566808],[136.9639271,35.1563598]]}},{"type":"Feature","properties":{"kind":"service"},"geometry":{"type":"LineString","coordinates":[[136.9631507,35.1533979],[136.9634567,35.1532705]]}},{"type":"Feature","properties":{"kind":"service"},"geometry":{"type":"LineString","coordinates":[[136.9627651,35.1558981],[136.9635765,35.1555641],[136.9639127,35.1554257],[136.9643694,35.1552376],[136.9650524,35.1549563],[136.9661513,35.1545108],[136.9662349,35.1544725],[136.9663013,35.154442]]}},{"type":"Feature","properties":{"kind":"steps"},"geometry":{"type":"LineString","coordinates":[[136.9740299,35.1517976],[136.9741233,35.1518625],[136.9741379,35.1519309],[136.9741693,35.1519565],[136.9741948,35.1519815],[136.9742424,35.1520557],[136.9743499,35.1521045]]}},{"type":"Feature","properties":{"kind":"residential"},"geometry":{"type":"LineString","coordinates":[[136.9730474,35.1548137],[136.9730824,35.1548674],[136.9734034,35.1553601],[136.9734485,35.1554546],[136.9734774,35.155583],[136.9734929,35.155689],[136.9734979,35.1558021],[136.9734995,35.1559096],[136.9734844,35.1560121],[136.9734645,35.1561155],[136.9734321,35.1561998],[136.9728599,35.1576459],[136.9728283,35.1577673],[136.9728143,35.157897],[136.9728316,35.1580226],[136.9728725,35.1582127],[136.9729933,35.1584304],[136.9731523,35.1588778]]}},{"type":"Feature","properties":{"kind":"service"},"geometry":{"type":"LineString","coordinates":[[136.9730244,35.1523183],[136.9732591,35.152044],[136.9733548,35.1519136],[136.9735781,35.1519084],[136.9738342,35.1519211],[136.9740299,35.1517976],[136.9741271,35.1516324],[136.974254,35.1514006],[136.9743082,35.1513945]]}},{"type":"Feature","properties":{"kind":"residential"},"geometry":{"type":"LineString","coordinates":[[136.9683923,35.158059],[136.9669937,35.1592418],[136.9666291,35.1596085],[136.9658965,35.1607113],[136.9657376,35.1609331],[136.9655877,35.1612852],[136.9654965,35.1616105],[136.9654919,35.1617113],[136.9657267,35.1621056],[136.965914,35.1624845],[136.9661316,35.1628754],[136.966192,35.1630035]]}},{"type":"Feature","properties":{"kind":"residential"},"geometry":{"type":"LineString","coordinates":[[136.9641678,35.1616145],[136.9647571,35.1617631],[136.9652535,35.161734],[136.9652747,35.161733],[136.9654919,35.1617113],[136.966331,35.1613608],[136.967329,35.1607691],[136.9683621,35.159772],[136.9686367,35.1594486],[136.9690027,35.1590088],[136.9692611,35.1587584],[136.9697062,35.1584446],[136.9702219,35.1581851],[136.9704877,35.158041],[136.970958,35.1578021]]}},{"type":"Feature","properties":{"kind":"steps"},"geometry":{"type":"LineString","coordinates":[[136.970958,35.1578021],[136.9713065,35.157637]]}},{"type":"Feature","properties":{"kind":"steps"},"geometry":{"type":"LineString","coordinates":[[136.9726185,35.1518644],[136.9725172,35.1518294],[136.9722313,35.1516926]]}},{"type":"Feature","properties":{"kind":"steps"},"geometry":{"type":"LineString","coordinates":[[136.9690258,35.1566486],[136.9690239,35.1566331],[136.9690019,35.1564526],[136.9689179,35.1563652],[136.9688683,35.156284],[136.9688492,35.156206],[136.9687843,35.1560967],[136.9687537,35.1560031],[136.9687661,35.1558578]]}},{"type":"Feature","properties":{"kind":"service"},"geometry":{"type":"LineString","coordinates":[[136.9723296,35.1515811],[136.9724383,35.1514489],[136.9724832,35.1513369],[136.9724903,35.1512403],[136.9725068,35.1511417],[136.9725494,35.1510393],[136.9726132,35.1509852],[136.9727502,35.1509446],[136.9728046,35.1508751],[136.9728755,35.1507978],[136.972919,35.1506801],[136.9735003,35.1507779],[136.9735724,35.1505303],[136.9736198,35.1504713],[136.9737403,35.1503611],[136.9738089,35.15028],[136.9738467,35.1502182],[136.9738939,35.1501699],[136.9739837,35.1501158],[136.9741137,35.1501003],[136.9742109,35.1500515]]}},{"type":"Feature","properties":{"kind":"residential"},"geometry":{"type":"LineString","coordinates":[[136.9729933,35.1584304],[136.9732873,35.1583204],[136.9744033,35.1573712],[136.9747864,35.1570741],[136.9749812,35.1569306],[136.9751647,35.1567933],[136.9752986,35.1566075],[136.9753461,35.1564702],[136.9753501,35.1563205],[136.975338,35.1560924],[136.9753142,35.1558536],[136.9752872,35.155669]]}},{"type":"Feature","properties":{"kind":"residential"},"geometry":{"type":"LineString","coordinates":[[136.9713656,35.1554357],[136.9713691,35.15554],[136.9713716,35.1556167],[136.9709285,35.1564869]]}},{"type":"Feature","properties":{"kind":"service"},"geometry":{"type":"LineString","coordinates":[[136.9693006,35.1543052],[136.9692703,35.1543124],[136.9687305,35.1545375],[136.9686985,35.1545485],[136.9684653,35.154629],[136.967857,35.1548725],[136.9677902,35.1548992],[136.9671313,35.1551494],[136.9669339,35.1552243],[136.9668208,35.155245],[136.966785,35.1552517],[136.9667215,35.1552623]]}},{"type":"Feature","properties":{"kind":"residential"},"geometry":{"type":"LineString","coordinates":[[136.9717293,35.1434885],[136.9721259,35.143619],[136.9720998,35.1437539],[136.9715647,35.143857],[136.9714394,35.1447858],[136.9714363,35.1453805],[136.9714711,35.1461218],[136.9714863,35.1461719],[136.9715959,35.146533],[136.9717316,35.1470134],[136.9717473,35.1472632],[136.9716951,35.147765],[136.9716784,35.1478762],[136.9716581,35.1479538],[136.9715237,35.1482232],[136.9715472,35.1482623],[136.971731,35.1482939],[136.9720143,35.1483698],[136.9722023,35.1484674],[136.972398,35.1486381],[136.9725536,35.1488089],[136.9726814,35.1489442]]}},{"type":"Feature","properties":{"kind":"residential"},"geometry":{"type":"LineString","coordinates":[[136.9660769,35.1592197],[136.9663178,35.1589561],[136.9670529,35.1583342],[136.9673424,35.1580768],[136.967565,35.1577851],[136.9676831,35.1575395],[136.9678279,35.1572545],[136.9678158,35.1572125],[136.9678015,35.157163]]}},{"type":"Feature","properties":{"kind":"tertiary"},"geometry":{"type":"LineString","coordinates":[[136.9606387,35.153585],[136.9613961,35.1533982],[136.9615815,35.1533317],[136.9616281,35.1533149],[136.9622608,35.1531136],[136.9630158,35.1528118]]}},{"type":"Feature","properties":{"kind":"residential"},"geometry":{"type":"LineString","coordinates":[[136.965815,35.1499998],[136.9659596,35.1498187],[136.9661196,35.1495218],[136.9662759,35.1491651],[136.9664033,35.148993],[136.9664212,35.1489688],[136.9666424,35.1487828],[136.9667094,35.1487452],[136.9668636,35.1486587],[136.9676792,35.1483346]]}},{"type":"Feature","properties":{"kind":"residential"},"geometry":{"type":"LineString","coordinates":[[136.9693714,35.1591239],[136.970485,35.1584689]]}},{"type":"Feature","properties":{"kind":"residential"},"geometry":{"type":"LineString","coordinates":[[136.9720936,35.1505211],[136.9723544,35.1504824],[136.9726213,35.1503654],[136.9727527,35.1502654],[136.9728371,35.150149],[136.9729524,35.1498668],[136.9729958,35.1496327],[136.97295,35.1494628],[136.9728375,35.1491898],[136.9726814,35.1489442],[136.972798,35.1489023],[136.9737784,35.1492336],[136.9739743,35.1492688],[136.9741483,35.1492667]]}},{"type":"Feature","properties":{"kind":"residential"},"geometry":{"type":"LineString","coordinates":[[136.961967,35.1575695],[136.961327,35.157757],[136.9601323,35.1581031],[136.9590074,35.1584306],[136.9584876,35.1586012],[136.9579478,35.1586872],[136.9572942,35.1587951],[136.9566686,35.1588958],[136.9555074,35.1591049],[136.9543559,35.1592982],[136.953726,35.1594029]]}},{"type":"Feature","properties":{"kind":"residential"},"geometry":{"type":"LineString","coordinates":[[136.962278,35.1582863],[136.961653,35.1584852],[136.9604475,35.1588315],[136.9591793,35.159205],[136.9586696,35.1593684],[136.9581394,35.1594488],[136.9571195,35.1596151],[136.9559342,35.1598271],[136.9547482,35.1600283],[136.9541339,35.1601269]]}},{"type":"Feature","properties":{"kind":"residential"},"geometry":{"type":"LineString","coordinates":[[136.9603259,35.1524849],[136.9607661,35.1521285]]}},{"type":"Feature","properties":{"kind":"residential"},"geometry":{"type":"LineString","coordinates":[[136.9612628,35.152751],[136.9615815,35.1533317]]}},{"type":"Feature","properties":{"kind":"residential"},"geometry":{"type":"LineString","coordinates":[[136.9621462,35.1529574],[136.9616281,35.1533149]]}},{"type":"Feature","properties":{"kind":"service"},"geometry":{"type":"LineString","coordinates":[[136.9632173,35.153184],[136.9630589,35.1529017],[136.9630158,35.1528118]]}},{"type":"Feature","properties":{"kind":"residential"},"geometry":{"type":"LineString","coordinates":[[136.9700222,35.1507438],[136.9690185,35.1504167]]}},{"type":"Feature","properties":{"kind":"residential"},"geometry":{"type":"LineString","coordinates":[[136.9700222,35.1507438],[136.9712519,35.150568],[136.9714847,35.1505566],[136.9715279,35.1505545],[136.9720936,35.1505211]]}},{"type":"Feature","properties":{"kind":"residential"},"geometry":{"type":"LineString","coordinates":[[136.9608323,35.1542354],[136.959761,35.1543741],[136.9591291,35.1542688]]}},{"type":"Feature","properties":{"kind":"residential"},"geometry":{"type":"LineString","coordinates":[[136.9610133,35.1548705],[136.9598024,35.1549453],[136.9590213,35.1548772]]}},{"type":"Feature","properties":{"kind":"residential"},"geometry":{"type":"LineString","coordinates":[[136.9625731,35.1526272],[136.9621462,35.1529574],[136.9622608,35.1531136]]}},{"type":"Feature","properties":{"kind":"residential"},"geometry":{"type":"LineString","coordinates":[[136.9618909,35.1608464],[136.9622623,35.1604062],[136.9627882,35.1597355],[136.9629796,35.1592595],[136.9631933,35.1590482],[136.9630548,35.1586852],[136.9630336,35.1586297]]}},{"type":"Feature","properties":{"kind":"service"},"geometry":{"type":"LineString","coordinates":[[136.9632173,35.153184],[136.9631568,35.1532843],[136.9631507,35.1533979]]}},{"type":"Feature","properties":{"kind":"residential"},"geometry":{"type":"LineString","coordinates":[[136.9652969,35.1588972],[136.9647872,35.1587337],[136.9646675,35.1586953],[136.9645059,35.1590841],[136.9642896,35.1595557],[136.9640862,35.1599992],[136.9636454,35.1609312],[136.9634469,35.1614037],[136.9640322,35.1615412],[136.9640966,35.1615563]]}},{"type":"Feature","properties":{"kind":"residential"},"geometry":{"type":"LineString","coordinates":[[136.9611504,35.1553532],[136.9598913,35.1554327],[136.9594364,35.15546],[136.9589953,35.1554836]]}},{"type":"Feature","properties":{"kind":"residential"},"geometry":{"type":"LineString","coordinates":[[136.9621187,35.1579267],[136.9614832,35.1581183],[136.9602949,35.1584681],[136.959096,35.1588102]]}},{"type":"Feature","properties":{"kind":"residential"},"geometry":{"type":"LineString","coordinates":[[136.9617466,35.1523893],[136.9612628,35.152751],[136.9604535,35.1529515],[136.9597958,35.1531228],[136.9592738,35.1532553]]}},{"type":"Feature","properties":{"kind":"residential"},"geometry":{"type":"LineString","coordinates":[[136.9612817,35.1558672],[136.9605868,35.1560671],[136.9600237,35.1562278],[136.9594948,35.1562744],[136.9586924,35.15631],[136.9578819,35.1562647],[136.9577464,35.1560842]]}},{"type":"Feature","properties":{"kind":"residential"},"geometry":{"type":"LineString","coordinates":[[136.9616043,35.1567819],[136.9609811,35.1569544],[136.9597775,35.1573077],[136.9585882,35.1575377],[136.9579003,35.1575129],[136.9570275,35.157789],[136.956101,35.1580779]]}},{"type":"Feature","properties":{"kind":"service"},"geometry":{"type":"LineString","coordinates":[[136.969014,35.1532394],[136.9693546,35.152041],[136.9700165,35.1514712]]}},{"type":"Feature","properties":{"kind":"service"},"geometry":{"type":"LineString","coordinates":[[136.969014,35.1532394],[136.9688932,35.1535114],[136.9685581,35.1536521],[136.9678902,35.1538953],[136.967676,35.1539382],[136.9675668,35.1539694],[136.9674729,35.1539963],[136.9669971,35.1541904],[136.9668263,35.15426],[136.9667627,35.1542852],[136.966748,35.1542913],[136.9666265,35.1543417],[136.9666069,35.1543498],[136.9665746,35.1543633]]}},{"type":"Feature","properties":{"kind":"residential"},"geometry":{"type":"LineString","coordinates":[[136.9605868,35.1560671],[136.9607624,35.1564617],[136.9609811,35.1569544],[136.9611489,35.1573463],[136.961327,35.157757],[136.9614832,35.1581183],[136.961653,35.1584852],[136.9617695,35.1587761],[136.9617955,35.1588411]]}},{"type":"Feature","properties":{"kind":"residential"},"geometry":{"type":"LineString","coordinates":[[136.9617702,35.1571548],[136.9611489,35.1573463],[136.9599637,35.1577029],[136.9585195,35.1581184],[136.9579355,35.1582251],[136.9571858,35.1583493],[136.9563917,35.1584784],[136.9552441,35.1586733],[136.9541207,35.1588757]]}},{"type":"Feature","properties":{"kind":"residential"},"geometry":{"type":"LineString","coordinates":[[136.9613927,35.1562802],[136.9607624,35.1564617],[136.9595713,35.1568084],[136.958641,35.1569044],[136.9578946,35.1568729],[136.9573706,35.1570772],[136.9567699,35.1573113],[136.9558224,35.1576976],[136.9548848,35.1580391],[136.953873,35.1584554]]}},{"type":"Feature","properties":{"kind":"service"},"geometry":{"type":"LineString","coordinates":[[136.9674729,35.1539963],[136.9670515,35.1532643]]}},{"type":"Feature","properties":{"kind":"service"},"geometry":{"type":"LineString","coordinates":[[136.9634986,35.1547547],[136.9633847,35.1545651],[136.9631986,35.1542552],[136.9631634,35.1541966],[136.9630834,35.1540633],[136.9627686,35.1535391]]}},{"type":"Feature","properties":{"kind":"service"},"geometry":{"type":"LineString","coordinates":[[136.9623672,35.1552247],[136.9623248,35.1551725],[136.962188,35.1549454],[136.96197,35.1545771],[136.9619442,35.1545262],[136.9616338,35.1540089],[136.9627686,35.1535391]]}},{"type":"Feature","properties":{"kind":"residential"},"geometry":{"type":"LineString","coordinates":[[136.9640498,35.1589328],[136.9639632,35.1585673],[136.9640972,35.1584887],[136.9643096,35.158364],[136.9644952,35.1583249],[136.9647872,35.1587337]]}},{"type":"Feature","properties":{"kind":"residential"},"geometry":{"type":"LineString","coordinates":[[136.9744467,35.1567375],[136.9740729,35.1568539],[136.9739719,35.1569068],[136.9739009,35.1569576],[136.9732231,35.1578598],[136.9731447,35.1579414],[136.9728316,35.1580226]]}},{"type":"Feature","properties":{"kind":"service"},"geometry":{"type":"LineString","coordinates":[[136.9702679,35.1549626],[136.9699544,35.1551651]]}},{"type":"Feature","properties":{"kind":"service"},"geometry":{"type":"LineString","coordinates":[[136.9702679,35.1549626],[136.9701009,35.1546407],[136.9697291,35.1541212],[136.9696717,35.1540372],[136.969454,35.1537184],[136.969014,35.1532394],[136.9684222,35.1525731]]}},{"type":"Feature","properties":{"kind":"residential"},"geometry":{"type":"LineString","coordinates":[[136.9712269,35.1572666],[136.9715107,35.1572093],[136.971591,35.1571207],[136.9720443,35.155987],[136.9720577,35.1558203],[136.971988,35.1557041],[136.9717384,35.1553226],[136.9716917,35.1552512]]}},{"type":"Feature","properties":{"kind":"residential"},"geometry":{"type":"LineString","coordinates":[[136.9747864,35.1570741],[136.9744467,35.1567375],[136.9743909,35.1564634],[136.9743797,35.1557643],[136.9742911,35.1553448],[136.9741478,35.1549441],[136.9738339,35.1545182],[136.973799,35.1544709]]}},{"type":"Feature","properties":{"kind":"service"},"geometry":{"type":"LineString","coordinates":[[136.9645276,35.1566249],[136.9648095,35.157114]]}},{"type":"Feature","properties":{"kind":"service"},"geometry":{"type":"LineString","coordinates":[[136.964458,35.1577716],[136.9644296,35.1577216],[136.964418,35.1577107],[136.9644065,35.1577003],[136.9642715,35.1575693],[136.9642235,35.1574182],[136.9639425,35.1568567],[136.9639558,35.1568086],[136.9641441,35.156735]]}},{"type":"Feature","properties":{"kind":"service"},"geometry":{"type":"LineString","coordinates":[[136.9639271,35.1563598],[136.9641441,35.156735],[136.9641572,35.1567577],[136.9645276,35.1566249],[136.9649378,35.1564779],[136.9650235,35.1565755],[136.9651408,35.1567211],[136.9654713,35.1566006]]}},{"type":"Feature","properties":{"kind":"residential"},"geometry":{"type":"LineString","coordinates":[[136.9659228,35.1575916],[136.9658631,35.1575745],[136.9654256,35.1574494],[136.9651438,35.1574399],[136.9650039,35.1574852],[136.9648433,35.1575372],[136.964458,35.1577716],[136.9640587,35.1580519],[136.9640579,35.1580983],[136.964057,35.1581533],[136.9640697,35.1583025]]}},{"type":"Feature","properties":{"kind":"residential"},"geometry":{"type":"LineString","coordinates":[[136.960726,35.1486428],[136.9603721,35.1485457],[136.960219,35.1488126]]}},{"type":"Feature","properties":{"kind":"residential"},"geometry":{"type":"LineString","coordinates":[[136.9608035,35.1483482],[136.9604167,35.1479465],[136.9603249,35.1478362],[136.9600362,35.1474887],[136.9595992,35.147056],[136.958893,35.146495]]}},{"type":"Feature","properties":{"kind":"residential"},"geometry":{"type":"LineString","coordinates":[[136.9612909,35.1512836],[136.9601981,35.1510796],[136.9591049,35.150945],[136.9587908,35.1508719],[136.9585894,35.1507597],[136.9583745,35.150579],[136.9580738,35.1503261]]}},{"type":"Feature","properties":{"kind":"residential"},"geometry":{"type":"LineString","coordinates":[[136.9625731,35.1526272],[136.9630068,35.1521962],[136.9633331,35.1518255],[136.9639552,35.150969],[136.9643131,35.1504678],[136.9644098,35.1503169],[136.9644693,35.150219],[136.9645112,35.1500987],[136.9645387,35.1499842],[136.9645469,35.149825],[136.9644293,35.1492778],[136.9641099,35.1478025]]}},{"type":"Feature","properties":{"kind":"residential"},"geometry":{"type":"LineString","coordinates":[[136.9644293,35.1492778],[136.9632254,35.1492438],[136.9632025,35.1492635],[136.9632098,35.1498125],[136.9632294,35.1506213],[136.9630254,35.1510019],[136.9626728,35.1516406],[136.9619957,35.1521741],[136.9617466,35.1523893]]}},{"type":"Feature","properties":{"kind":"service"},"geometry":{"type":"LineString","coordinates":[[136.9696717,35.1540372],[136.9699339,35.1537299],[136.9701132,35.1535488],[136.9702609,35.1533849],[136.9703417,35.1531751],[136.9703945,35.1530081],[136.9703804,35.1527409],[136.9703734,35.1524448],[136.9703242,35.1520251],[136.9702292,35.1518353],[136.9700165,35.1514712]]}},{"type":"Feature","properties":{"kind":"residential"},"geometry":{"type":"LineString","coordinates":[[136.9690185,35.1504167],[136.9689566,35.1503821],[136.9686428,35.1500487],[136.96857,35.1499768],[136.9683631,35.1498259],[136.9682431,35.1497921],[136.9681117,35.1497899],[136.9679286,35.1498303],[136.9676353,35.1491439],[136.9676792,35.1483346],[136.9681106,35.1471985],[136.9681317,35.1471438],[136.968229,35.1470077],[136.9683772,35.1468599],[136.9685031,35.1467712],[136.9686559,35.1466922],[136.9689752,35.1465759]]}},{"type":"Feature","properties":{"kind":"residential"},"geometry":{"type":"LineString","coordinates":[[136.9679286,35.1498303],[136.9678108,35.1498778],[136.9675031,35.1502669],[136.9672602,35.1506619],[136.9671876,35.151046],[136.9671881,35.1512338],[136.9672111,35.1515078],[136.9672371,35.1517339],[136.9672495,35.1522044],[136.9673128,35.1524506]]}},{"type":"Feature","properties":{"kind":"residential"},"geometry":{"type":"LineString","coordinates":[[136.968503,35.1480525],[136.9684202,35.1483204]]}},{"type":"Feature","properties":{"kind":"residential"},"geometry":{"type":"LineString","coordinates":[[136.968183,35.1483227],[136.9683036,35.1479923],[136.9685382,35.1473225]]}},{"type":"Feature","properties":{"kind":"residential"},"geometry":{"type":"LineString","coordinates":[[136.9695043,35.1483315],[136.9689127,35.1483226],[136.9684202,35.1483204],[136.968183,35.1483227],[136.9676792,35.1483346]]}},{"type":"Feature","properties":{"kind":"residential"},"geometry":{"type":"LineString","coordinates":[[136.96664,35.1511838],[136.9667143,35.1502518],[136.9667867,35.1497396],[136.9668837,35.1494643]]}},{"type":"Feature","properties":{"kind":"residential"},"geometry":{"type":"LineString","coordinates":[[136.9672111,35.1515078],[136.9676364,35.1517705],[136.9677633,35.1517741],[136.9678289,35.1516167],[136.9678639,35.1511982],[136.9679864,35.1507583],[136.96857,35.1499768]]}},{"type":"Feature","properties":{"kind":"residential"},"geometry":{"type":"LineString","coordinates":[[136.9689127,35.1483226],[136.9689139,35.1482145],[136.9689018,35.148166],[136.9688578,35.1481441],[136.968503,35.1480525],[136.9683036,35.1479923]]}},{"type":"Feature","properties":{"kind":"residential"},"geometry":{"type":"LineString","coordinates":[[136.9672111,35.1515078],[136.9667546,35.1512652],[136.96664,35.1511838],[136.9662804,35.1514995],[136.966133,35.1516073],[136.9660615,35.1516532]]}},{"type":"Feature","properties":{"kind":"residential"},"geometry":{"type":"LineString","coordinates":[[136.9612909,35.1512836],[136.9607661,35.1521285]]}},{"type":"Feature","properties":{"kind":"residential"},"geometry":{"type":"LineString","coordinates":[[136.9649881,35.1525373],[136.9653703,35.1519609],[136.9659555,35.1517452]]}},{"type":"Feature","properties":{"kind":"residential"},"geometry":{"type":"LineString","coordinates":[[136.9631116,35.1517686],[136.9634019,35.1511616],[136.9630254,35.1510019]]}},{"type":"Feature","properties":{"kind":"residential"},"geometry":{"type":"LineString","coordinates":[[136.9653703,35.1519609],[136.9647456,35.151388],[136.9639552,35.150969],[136.9633649,35.1506631],[136.9632294,35.1506213]]}},{"type":"Feature","properties":{"kind":"residential"},"geometry":{"type":"LineString","coordinates":[[136.961197,35.1522442],[136.9612444,35.1521004],[136.9613492,35.1520418],[136.961441,35.1520267],[136.9615409,35.1520264],[136.9616528,35.1520526],[136.9618257,35.1521082],[136.9619163,35.1521429],[136.9619957,35.1521741]]}},{"type":"Feature","properties":{"kind":"residential"},"geometry":{"type":"LineString","coordinates":[[136.9626728,35.1516406],[136.9631116,35.1517686],[136.9633331,35.1518255],[136.9635844,35.1519376],[136.9640615,35.1521127],[136.9645371,35.1523427]]}},{"type":"Feature","properties":{"kind":"residential"},"geometry":{"type":"LineString","coordinates":[[136.9635996,35.1526083],[136.9640615,35.1521127],[136.9647456,35.151388],[136.9653887,35.150668],[136.9656529,35.1504152],[136.9657171,35.1503538],[136.9657731,35.150327]]}},{"type":"Feature","properties":{"kind":"service"},"geometry":{"type":"LineString","coordinates":[[136.9722248,35.1514905],[136.9721916,35.1515282],[136.9721831,35.1515982],[136.9721959,35.151649],[136.9722313,35.1516926]]}},{"type":"Feature","properties":{"kind":"path"},"geometry":{"type":"LineString","coordinates":[[136.9623248,35.1551725],[136.9621253,35.1552527],[136.9617414,35.1554076],[136.9614096,35.1555495],[136.9612834,35.1555971],[136.9612142,35.1556232]]}},{"type":"Feature","properties":{"kind":"service"},"geometry":{"type":"LineString","coordinates":[[136.964422,35.1561568],[136.9639127,35.1554257]]}},{"type":"Feature","properties":{"kind":"service"},"geometry":{"type":"LineString","coordinates":[[136.9655019,35.1557198],[136.9650524,35.1549563]]}},{"type":"Feature","properties":{"kind":"service"},"geometry":{"type":"LineString","coordinates":[[136.9684222,35.1525731],[136.9682826,35.1523403],[136.9681252,35.1521405],[136.9682685,35.1519709],[136.9682518,35.1518679],[136.9682447,35.1518066]]}},{"type":"Feature","properties":{"kind":"service"},"geometry":{"type":"LineString","coordinates":[[136.9683721,35.1559823],[136.9680511,35.1561077],[136.9674875,35.1563184],[136.9670879,35.1564678],[136.9667882,35.1565798],[136.9665481,35.1566439],[136.9665156,35.1566465],[136.9664337,35.1567124]]}},{"type":"Feature","properties":{"kind":"service"},"geometry":{"type":"LineString","coordinates":[[136.9720936,35.1505211],[136.9720717,35.1506238],[136.9720206,35.1510736],[136.9720816,35.1512548],[136.9721793,35.1514149],[136.9722248,35.1514905],[136.9722899,35.1515343],[136.9723296,35.1515811],[136.9724103,35.1516761],[136.9726185,35.1518644],[136.972824,35.1520838],[136.9730244,35.1523183]]}},{"type":"Feature","properties":{"kind":"service"},"geometry":{"type":"LineString","coordinates":[[136.9623672,35.1552247],[136.9627651,35.1558981]]}},{"type":"Feature","properties":{"kind":"service"},"geometry":{"type":"LineString","coordinates":[[136.9655019,35.1557198],[136.9665043,35.1552782],[136.9666124,35.1552441]]}},{"type":"Feature","properties":{"kind":"service"},"geometry":{"type":"LineString","coordinates":[[136.9683721,35.1559823],[136.9682841,35.1558369],[136.96816,35.1556134],[136.9677902,35.1548992]]}},{"type":"Feature","properties":{"kind":"service"},"geometry":{"type":"LineString","coordinates":[[136.964422,35.1561568],[136.9650456,35.1559044],[136.9655019,35.1557198]]}},{"type":"Feature","properties":{"kind":"service"},"geometry":{"type":"LineString","coordinates":[[136.9627686,35.1535391],[136.9631507,35.1533979]]}},{"type":"Feature","properties":{"kind":"service"},"geometry":{"type":"LineString","coordinates":[[136.9639271,35.1563598],[136.9643604,35.1561818],[136.964422,35.1561568]]}},{"type":"Feature","properties":{"kind":"service"},"geometry":{"type":"LineString","coordinates":[[136.9634567,35.1532705],[136.9637697,35.1531462],[136.9649766,35.1526719],[136.9656317,35.1529919]]}},{"type":"Feature","properties":{"kind":"service"},"geometry":{"type":"LineString","coordinates":[[136.9700165,35.1514712],[136.970015,35.1514341],[136.9699657,35.151051],[136.9699905,35.1508918],[136.9700222,35.1507438]]}},{"type":"Feature","properties":{"kind":"service"},"geometry":{"type":"LineString","coordinates":[[136.9623672,35.1552247],[136.9631724,35.1548841],[136.9634986,35.1547547],[136.9639624,35.154562],[136.9646355,35.1542823],[136.9658989,35.1537573],[136.9659927,35.1537183],[136.9660799,35.1536851]]}},{"type":"Feature","properties":{"kind":"service"},"geometry":{"type":"LineString","coordinates":[[136.9730244,35.1523183],[136.9723776,35.1529668],[136.9713526,35.1538965],[136.9707011,35.1546421],[136.9702679,35.1549626]]}},{"type":"Feature","properties":{"kind":"residential"},"geometry":{"type":"LineString","coordinates":[[136.970877,35.160035],[136.9710943,35.1594066],[136.9711418,35.1591552],[136.9712925,35.1585783],[136.9713905,35.1585154]]}},{"type":"Feature","properties":{"kind":"tertiary"},"geometry":{"type":"LineString","coordinates":[[136.9658378,35.1577696],[136.9655972,35.1578214],[136.9641888,35.1581249],[136.964057,35.1581533],[136.9639352,35.1581913],[136.9636891,35.1582682],[136.9636766,35.1582721],[136.9636176,35.1582905],[136.9632751,35.1583975],[136.962424,35.1586437],[136.9617955,35.1588411],[136.9607378,35.1591487],[136.9606045,35.1591874],[136.9605062,35.1592164],[136.9592798,35.1595782],[136.9587749,35.1597232],[136.9586561,35.1597422],[136.9582185,35.1598122],[136.9573399,35.1599541],[136.9562662,35.1601106],[136.9561272,35.1601309],[136.9560436,35.1601444],[136.9549235,35.160326],[136.9544676,35.160399],[136.9542959,35.1604265],[136.9541921,35.1604397],[136.9540701,35.160458],[136.9535873,35.1605304],[136.952,35.1607673],[136.9519164,35.1607798],[136.9517958,35.1607936],[136.9515115,35.1608261],[136.9509734,35.1608461],[136.9504161,35.1608375],[136.9502392,35.1608169],[136.9501612,35.1608078],[136.9500796,35.1607983],[136.9499407,35.1607822],[136.9494514,35.1606917],[136.9490255,35.1605745],[136.94888,35.1605345]]}},{"type":"Feature","properties":{"kind":"tertiary"},"geometry":{"type":"LineString","coordinates":[[136.9487311,35.1606365],[136.94887,35.160675],[136.9494414,35.1608331],[136.9500582,35.160932],[136.9501455,35.160946],[136.9502227,35.1609537],[136.9504766,35.1609788],[136.951027,35.1609902],[136.951481,35.1609632],[136.9518407,35.1609271],[136.951973,35.1609138],[136.9520409,35.1609037],[136.9528,35.1607912],[136.95368,35.1606723],[136.9541507,35.1606087],[136.9542812,35.1605911],[136.9543716,35.1605789],[136.954544,35.1605495],[136.9550382,35.1604653],[136.956124,35.1602883],[136.9562289,35.1602712],[136.9563253,35.1602575],[136.9574352,35.1600996],[136.9582786,35.1599495],[136.9586735,35.1598796],[136.9586914,35.1598764],[136.9587935,35.1598583],[136.9593651,35.1597158],[136.96057,35.1593681],[136.9606736,35.1593382],[136.9608047,35.1593006],[136.9618858,35.1589905],[136.9630336,35.1586297],[136.963204,35.15857],[136.9636432,35.1584251],[136.9639967,35.1583223],[136.9640697,35.1583025],[136.9642439,35.158263],[136.9655385,35.1579698],[136.9657755,35.1579161]]}},{"type":"Feature","properties":{"kind":"service"},"geometry":{"type":"LineString","coordinates":[[136.9650456,35.1559044],[136.9654713,35.1566006],[136.9657313,35.1570257]]}},{"type":"Feature","properties":{"kind":"service"},"geometry":{"type":"LineString","coordinates":[[136.9662807,35.1568291],[136.9662163,35.1568205],[136.9657313,35.1570257]]}},{"type":"Feature","properties":{"kind":"tertiary"},"geometry":{"type":"LineString","coordinates":[[136.9658788,35.1529631],[136.9660679,35.152967],[136.9662571,35.1529594],[136.9664641,35.1529266],[136.9667905,35.1527891],[136.9673128,35.1524506],[136.9682447,35.1518066],[136.9683664,35.1517225],[136.9685276,35.1514909],[136.9690185,35.1504167],[136.9691017,35.1502167],[136.9693424,35.1496675],[136.96956,35.1488446],[136.9696428,35.1486182],[136.96986,35.1483455],[136.9700189,35.1481124],[136.9701236,35.1478919],[136.9701437,35.1477354],[136.9701209,35.1475285]]}},{"type":"Feature","properties":{"kind":"service"},"geometry":{"type":"LineString","coordinates":[[136.9660929,35.1538882],[136.9660835,35.1540582],[136.966156,35.1541892],[136.9663013,35.154442]]}},{"type":"Feature","properties":{"kind":"tertiary"},"geometry":{"type":"LineString","coordinates":[[136.9630158,35.1528118],[136.9635996,35.1526083],[136.9641959,35.1524171],[136.9644343,35.1523436],[136.9645371,35.1523427],[136.9649881,35.1525373],[136.9652358,35.1526674],[136.9657959,35.1529252]]}},{"type":"Feature","properties":{"kind":"residential"},"geometry":{"type":"LineString","coordinates":[[136.9735798,35.1537395],[136.9737073,35.1537457],[136.9739112,35.1535988],[136.9743644,35.1532786],[136.9746273,35.153112],[136.9748311,35.1530352],[136.975153,35.1529563],[136.975503,35.152886],[136.976121,35.152762],[136.9766953,35.1526558]]}},{"type":"Feature","properties":{"kind":"residential"},"geometry":{"type":"LineString","coordinates":[[136.9765263,35.1508992],[136.9755875,35.1505702],[136.9754454,35.1505351],[136.9752576,35.1505132],[136.9750216,35.1505285],[136.974244,35.1506247]]}},{"type":"Feature","properties":{"kind":"residential"},"geometry":{"type":"LineString","coordinates":[[136.9765344,35.1533356],[136.976555,35.1532459],[136.9766416,35.1528685],[136.9766953,35.1526558],[136.9768321,35.1520725],[136.9771638,35.1505827],[136.9771686,35.1505101],[136.9771374,35.150435],[136.9769477,35.1502414],[136.9762913,35.1499701],[136.9764585,35.1494464],[136.9762311,35.1489148],[136.9753701,35.1490656],[136.9746732,35.1491738],[136.9741483,35.1492667]]}},{"type":"Feature","properties":{"kind":"residential"},"geometry":{"type":"LineString","coordinates":[[136.9735044,35.15888],[136.9735547,35.1587531],[136.9735614,35.1586626],[136.9735252,35.1586032],[136.9734192,35.1584771],[136.9732873,35.1583204]]}},{"type":"Feature","properties":{"kind":"unclassified"},"geometry":{"type":"LineString","coordinates":[[136.9612909,35.1512836],[136.9614094,35.1513203],[136.9626728,35.1516406]]}},{"type":"Feature","properties":{"kind":"service"},"geometry":{"type":"LineString","coordinates":[[136.963079,35.1473328],[136.9624561,35.1487739],[136.9621554,35.1495393],[136.9620928,35.1496847],[136.9618308,35.1502936],[136.9614094,35.1513203]]}},{"type":"Feature","properties":{"kind":"residential"},"geometry":{"type":"LineString","coordinates":[[136.9660646,35.1481899],[136.9661512,35.1484337],[136.9662848,35.1486915],[136.9664033,35.148993]]}},{"type":"Feature","properties":{"kind":"residential"},"geometry":{"type":"LineString","coordinates":[[136.9668837,35.1494643],[136.9670171,35.1493121],[136.9671251,35.1492321],[136.9673333,35.1491786],[136.9676353,35.1491439],[136.9682798,35.1490245],[136.96956,35.1488446]]}},{"type":"Feature","properties":{"kind":"service"},"geometry":{"type":"LineString","coordinates":[[136.9668263,35.15426],[136.9670161,35.1545444]]}},{"type":"Feature","properties":{"kind":"service"},"geometry":{"type":"LineString","coordinates":[[136.9684653,35.154629],[136.9684018,35.1545205],[136.9680581,35.1544872],[136.9678097,35.1544631],[136.9676982,35.1544523],[136.967473,35.154527],[136.9673816,35.1543985],[136.9670581,35.1545264],[136.9670161,35.1545444]]}},{"type":"Feature","properties":{"kind":"service"},"geometry":{"type":"LineString","coordinates":[[136.9675668,35.1539694],[136.9679916,35.1540714],[136.9681021,35.1540866]]}},{"type":"Feature","properties":{"kind":"service"},"geometry":{"type":"LineString","coordinates":[[136.9684018,35.1545205],[136.968448,35.154313],[136.9684521,35.1543003]]}},{"type":"Feature","properties":{"kind":"footway"},"geometry":{"type":"LineString","coordinates":[[136.9684905,35.15418],[136.9682465,35.1541778],[136.9681021,35.1540866]]}},{"type":"Feature","properties":{"kind":"cycleway"},"geometry":{"type":"LineString","coordinates":[[136.9679916,35.1540714],[136.9679243,35.1540939],[136.9675634,35.1540551],[136.9670923,35.1542249],[136.9670134,35.1542139],[136.9669971,35.1541904]]}},{"type":"Feature","properties":{"kind":"service"},"geometry":{"type":"LineString","coordinates":[[136.9686985,35.1545485],[136.9690251,35.1550397],[136.9693304,35.1555389]]}},{"type":"Feature","properties":{"kind":"service"},"geometry":{"type":"LineString","coordinates":[[136.9691038,35.1549945],[136.9694798,35.1547784],[136.9695942,35.1547127],[136.9697974,35.154596],[136.9695429,35.1541988]]}},{"type":"Feature","properties":{"kind":"service"},"geometry":{"type":"LineString","coordinates":[[136.9714847,35.1505566],[136.9714143,35.1504867],[136.9713047,35.1503367],[136.971267,35.1500926],[136.9713511,35.1493555]]}},{"type":"Feature","properties":{"kind":"service"},"geometry":{"type":"LineString","coordinates":[[136.9664433,35.1481525],[136.9661127,35.1469683],[136.9661054,35.146942]]}},{"type":"Feature","properties":{"kind":"service"},"geometry":{"type":"LineString","coordinates":[[136.9670557,35.1491556],[136.9667094,35.1487452]]}},{"type":"Feature","properties":{"kind":"footway"},"geometry":{"type":"LineString","coordinates":[[136.9671251,35.1492321],[136.9670557,35.1491556]]}},{"type":"Feature","properties":{"kind":"cycleway"},"geometry":{"type":"LineString","coordinates":[[136.9656317,35.1529919],[136.9657959,35.1529252]]}},{"type":"Feature","properties":{"kind":"footway"},"geometry":{"type":"LineString","coordinates":[[136.9670161,35.1545444],[136.967148,35.1547437],[136.9668234,35.1548645],[136.966809,35.1548699]]}},{"type":"Feature","properties":{"kind":"footway"},"geometry":{"type":"LineString","coordinates":[[136.9654462,35.1542876],[136.9654099,35.1542953],[136.965379,35.1543125],[136.9653571,35.1543374],[136.9653468,35.1543668],[136.9653495,35.1543974],[136.9653628,35.154423],[136.9653852,35.154444],[136.9654144,35.1544582],[136.9654476,35.1544643],[136.9654815,35.1544617],[136.9655127,35.1544507],[136.9655382,35.1544322],[136.9655555,35.1544082],[136.9655627,35.1543811],[136.9655593,35.1543534],[136.9655505,35.1543376],[136.9655437,35.1543256],[136.9655173,35.1543038],[136.9654835,35.1542906],[136.9654462,35.1542876]]}},{"type":"Feature","properties":{"kind":"footway"},"geometry":{"type":"LineString","coordinates":[[136.966809,35.1548699],[136.9668128,35.1550419],[136.9667954,35.155198]]}},{"type":"Feature","properties":{"kind":"footway"},"geometry":{"type":"LineString","coordinates":[[136.966809,35.1548699],[136.9667635,35.1546154],[136.9666922,35.1544655],[136.9666659,35.1544101],[136.9666265,35.1543417],[136.9665607,35.1542165],[136.9665421,35.1541564],[136.9665386,35.1541449],[136.9664883,35.1539974],[136.9662855,35.1536305]]}},{"type":"Feature","properties":{"kind":"motorway"},"geometry":{"type":"LineString","coordinates":[[136.9563494,35.1602138],[136.958061,35.1599374],[136.9585659,35.1598488],[136.9590233,35.1597485],[136.959487,35.1596264],[136.9618437,35.1589612],[136.9628866,35.1586326],[136.9636563,35.1584086],[136.9642621,35.1582415],[136.9655934,35.1578998],[136.9660689,35.1577733],[136.9665587,35.1576287],[136.9669554,35.1574931],[136.9673297,35.1573589],[136.9715849,35.1557663],[136.9723825,35.155449],[136.973102,35.1551358],[136.973712,35.1548526],[136.9765449,35.1534393],[136.9771582,35.1531465],[136.9778559,35.1528585],[136.9785356,35.1526053],[136.9793326,35.152343],[136.9810315,35.1518456],[136.9817914,35.1516432],[136.9823649,35.1515128],[136.9829943,35.1513916],[136.9836908,35.151281],[136.9916052,35.1500563]]}},{"type":"Feature","properties":{"kind":"residential"},"geometry":{"type":"LineString","coordinates":[[136.9741918,35.1498348],[136.9751657,35.1496938],[136.9754202,35.1497014],[136.9756934,35.1497492],[136.9762913,35.1499701]]}},{"type":"Feature","properties":{"kind":"service"},"geometry":{"type":"LineString","coordinates":[[136.9636766,35.1582721],[136.963667,35.1582366],[136.9636599,35.1582105],[136.9636512,35.1581782],[136.9634746,35.1580671],[136.9630288,35.1569247],[136.9629601,35.1565883]]}},{"type":"Feature","properties":{"kind":"residential"},"geometry":{"type":"LineString","coordinates":[[136.9599931,35.1560507],[136.9601871,35.1560383],[136.9607959,35.1558223],[136.9609139,35.1557927],[136.961221,35.1556542]]}},{"type":"Feature","properties":{"kind":"footway"},"geometry":{"type":"LineString","coordinates":[[136.9657313,35.1570257],[136.9651144,35.1572735],[136.9650178,35.1573327],[136.9644009,35.1576091]]}},{"type":"Feature","properties":{"kind":"service"},"geometry":{"type":"LineString","coordinates":[[136.9664623,35.1542298],[136.9664553,35.1540898],[136.9661749,35.1536447]]}},{"type":"Feature","properties":{"kind":"service"},"geometry":{"type":"LineString","coordinates":[[136.9713526,35.1538965],[136.971104,35.1536852],[136.9710766,35.1535959]]}},{"type":"Feature","properties":{"kind":"footway"},"geometry":{"type":"LineString","coordinates":[[136.9667215,35.1552623],[136.9666124,35.1552441]]}},{"type":"Feature","properties":{"kind":"path"},"geometry":{"type":"LineString","coordinates":[[136.9635765,35.1555641],[136.9631724,35.1548841]]}},{"type":"Feature","properties":{"kind":"path"},"geometry":{"type":"LineString","coordinates":[[136.9650524,35.1549563],[136.9648476,35.1546267],[136.9646355,35.1542823]]}},{"type":"Feature","properties":{"kind":"service"},"geometry":{"type":"LineString","coordinates":[[136.96197,35.1545771],[136.9613517,35.1548411]]}},{"type":"Feature","properties":{"kind":"service"},"geometry":{"type":"LineString","coordinates":[[136.9614925,35.1554355],[136.9613517,35.1548411],[136.961279,35.1545778],[136.9612614,35.1545078]]}},{"type":"Feature","properties":{"kind":"path"},"geometry":{"type":"LineString","coordinates":[[136.9609587,35.1546351],[136.961279,35.1545778]]}},{"type":"Feature","properties":{"kind":"path"},"geometry":{"type":"LineString","coordinates":[[136.9690353,35.1557064],[136.9688476,35.1553476]]}},{"type":"Feature","properties":{"kind":"service"},"geometry":{"type":"LineString","coordinates":[[136.96816,35.1556134],[136.9688476,35.1553476]]}},{"type":"Feature","properties":{"kind":"service"},"geometry":{"type":"LineString","coordinates":[[136.9733548,35.1519136],[136.9736238,35.1515953],[136.973777,35.151261]]}},{"type":"Feature","properties":{"kind":"footway"},"geometry":{"type":"LineString","coordinates":[[136.9618007,35.1587356],[136.9618124,35.1587534],[136.9618193,35.1587618],[136.9618296,35.1587683],[136.961847,35.1587762],[136.961862,35.1587788],[136.9618817,35.1587776],[136.9619278,35.1587646],[136.9623459,35.1586464],[136.9623548,35.1586381],[136.9623634,35.158628],[136.9623683,35.1586166],[136.9623748,35.1585923],[136.9623673,35.1585754],[136.9618007,35.1587356]]}},{"type":"Feature","properties":{"kind":"footway"},"geometry":{"type":"LineString","coordinates":[[136.9623748,35.1585923],[136.9618193,35.1587618]]}},{"type":"Feature","properties":{"kind":"footway"},"geometry":{"type":"LineString","coordinates":[[136.9623748,35.1585923],[136.9624007,35.1585867],[136.9624573,35.1585746]]}},{"type":"Feature","properties":{"kind":"footway"},"geometry":{"type":"LineString","coordinates":[[136.9624373,35.1585461],[136.9624514,35.1585681],[136.9624573,35.1585746],[136.9624661,35.1585799],[136.9624693,35.1585817],[136.9624805,35.158586],[136.9624934,35.1585896],[136.9625074,35.1585909],[136.9632303,35.1583681],[136.9634369,35.1583056],[136.963667,35.1582366],[136.9637408,35.1582144],[136.9638416,35.1581879],[136.9639236,35.1581666],[136.96396,35.1581571],[136.9639734,35.1581532],[136.9639974,35.1581385],[136.9640045,35.1581206],[136.9640073,35.1581049],[136.9639994,35.1580642],[136.9640044,35.1580347],[136.9640224,35.1580075],[136.9640768,35.1579647],[136.9642351,35.1578459],[136.964298,35.1578045],[136.9643536,35.1577683],[136.9644296,35.1577216],[136.9644718,35.1576898],[136.9645638,35.15763],[136.9646255,35.157592],[136.9646492,35.1575768],[136.9647075,35.1575464],[136.9648156,35.1574887],[136.9648726,35.1574597],[136.9648937,35.1574486],[136.9649952,35.1574179],[136.9650587,35.1574063],[136.9650887,35.1574003],[136.9651904,35.1573959],[136.9653121,35.1573946],[136.9653905,35.1574042],[136.9654777,35.1574198],[136.9655299,35.1574367],[136.9656381,35.1574721],[136.9657057,35.1574938],[136.9657812,35.1575179],[136.965857,35.1575439],[136.9658667,35.157545],[136.9658763,35.1575467],[136.9658859,35.1575458],[136.9659,35.1575409],[136.9659154,35.1575166],[136.966054,35.1572456],[136.9660776,35.1571974],[136.9660979,35.1571574],[136.9661366,35.1570817],[136.9661584,35.1570362],[136.9661915,35.156971],[136.966194,35.1569657],[136.966194,35.1569512],[136.9661907,35.156944],[136.9661862,35.1569385],[136.9661489,35.1569158],[136.9661693,35.1569373],[136.9658995,35.1574636],[136.9658381,35.1574944],[136.9658121,35.1575076],[136.9657249,35.1574781],[136.9656243,35.1574436],[136.9655619,35.1574243],[136.9654358,35.1573846],[136.9653729,35.1573768],[136.9653403,35.1573727],[136.9652836,35.1573698],[136.9652703,35.1573697],[136.9652408,35.1573709],[136.9652063,35.1573727],[136.9651725,35.1573741],[136.9651514,35.1573753],[136.9650333,35.1573921],[136.9649738,35.1574074],[136.9649286,35.1574186],[136.9648988,35.1574263],[136.9647683,35.157485],[136.9645427,35.1576156],[136.9645183,35.1576303],[136.9644473,35.1576731],[136.9644065,35.1577003],[136.964368,35.1577232],[136.9643024,35.157763],[136.9641478,35.1578628],[136.9640842,35.157905],[136.9639828,35.1579705],[136.9637756,35.158105],[136.9637599,35.1581484],[136.9637178,35.1581574],[136.9636512,35.1581782],[136.963604,35.158193],[136.9634829,35.1582294],[136.9624373,35.1585461]]}},{"type":"Feature","properties":{"kind":"footway"},"geometry":{"type":"LineString","coordinates":[[136.9638509,35.1581242],[136.9639906,35.1580012],[136.9642581,35.1578131],[136.964418,35.1577107],[136.9644566,35.1576887],[136.9646001,35.1575999],[136.9648891,35.1574403],[136.965036,35.1573987],[136.9652492,35.1573855],[136.9654383,35.1573937],[136.9657012,35.1574842],[136.9658272,35.1575215],[136.9658654,35.1574991],[136.9659124,35.1574716],[136.9660063,35.1573049],[136.9661862,35.1569385]]}},{"type":"Feature","properties":{"kind":"footway"},"geometry":{"type":"LineString","coordinates":[[136.9619553,35.1590635],[136.9619506,35.1590428],[136.9619506,35.1590294],[136.9619564,35.1590068],[136.9619661,35.1589947],[136.9620243,35.1589789],[136.9622814,35.1589021],[136.9624563,35.1588498],[136.9627602,35.1587599],[136.9629543,35.1586877],[136.9629805,35.1586881],[136.9629945,35.1586927],[136.9630077,35.1587006],[136.963022,35.1587151],[136.9630406,35.1587424],[136.9619553,35.1590635]]}},{"type":"Feature","properties":{"kind":"footway"},"geometry":{"type":"LineString","coordinates":[[136.9630077,35.1587006],[136.9630548,35.1586852],[136.9630707,35.15868]]}},{"type":"Feature","properties":{"kind":"footway"},"geometry":{"type":"LineString","coordinates":[[136.9631842,35.1586377],[136.9632285,35.1586249],[136.9632872,35.1586079]]}},{"type":"Feature","properties":{"kind":"pedestrian"},"geometry":{"type":"LineString","coordinates":[[136.9630901,35.1587252],[136.9630707,35.15868],[136.963071,35.1586702],[136.9630743,35.1586572],[136.9630809,35.1586483],[136.9630856,35.1586433],[136.9631004,35.1586338],[136.9631544,35.1586179],[136.9631619,35.1586173],[136.9631684,35.1586186],[136.9631785,35.1586246],[136.9631842,35.1586377],[136.9632074,35.1586908],[136.9630901,35.1587252]]}},{"type":"Feature","properties":{"kind":"footway"},"geometry":{"type":"LineString","coordinates":[[136.9630707,35.15868],[136.9631842,35.1586377]]}},{"type":"Feature","properties":{"kind":"residential"},"geometry":{"type":"LineString","coordinates":[[136.9640972,35.1584887],[136.9640196,35.1584319],[136.9632431,35.1586578],[136.9632285,35.1586249],[136.963204,35.15857]]}},{"type":"Feature","properties":{"kind":"footway"},"geometry":{"type":"LineString","coordinates":[[136.963291,35.1586144],[136.9632872,35.1586079],[136.9632795,35.1585897],[136.9632794,35.158578],[136.9632829,35.1585725],[136.9632868,35.1585678],[136.9633316,35.1585523],[136.9637298,35.1584136],[136.9637971,35.158396],[136.964005,35.15834],[136.9642336,35.1582784],[136.9642486,35.1582749],[136.9644001,35.158241],[136.964806,35.1581507],[136.9651378,35.1580802],[136.965286,35.1580476],[136.9654741,35.1580078],[136.9654998,35.1580076],[136.9655219,35.1580116],[136.9655423,35.1580186],[136.9655653,35.1580318],[136.9655887,35.1580519],[136.9656055,35.1580774],[136.9656164,35.1581038],[136.9656184,35.1581223],[136.9656166,35.1581431],[136.9655903,35.1581955],[136.9652795,35.1588275],[136.9652696,35.1588366],[136.9652554,35.1588409],[136.9652415,35.1588429],[136.9652242,35.1588398],[136.9651935,35.1588342],[136.9652297,35.1588266],[136.9655152,35.1582503],[136.965397,35.1581467],[136.9647308,35.1582897],[136.9646495,35.1582693],[136.9642704,35.1583412],[136.9639771,35.1584209],[136.9636128,35.1585207],[136.963291,35.1586144]]}},{"type":"Feature","properties":{"kind":"footway"},"geometry":{"type":"LineString","coordinates":[[136.9632872,35.1586079],[136.963593,35.1584953],[136.9638059,35.1584363],[136.9640165,35.1583767],[136.9642607,35.1583075],[136.9646637,35.1582215],[136.9650657,35.1581393],[136.9653833,35.1580769],[136.9654894,35.1580892],[136.9656164,35.1581038]]}},{"type":"Feature","properties":{"kind":"footway"},"geometry":{"type":"LineString","coordinates":[[136.9638509,35.1581242],[136.9640073,35.1581049]]}},{"type":"Feature","properties":{"kind":"footway"},"geometry":{"type":"LineString","coordinates":[[136.964005,35.15834],[136.9639967,35.1583223],[136.9639352,35.1581913],[136.9639236,35.1581666]]}},{"type":"Feature","properties":{"kind":"footway"},"geometry":{"type":"LineString","coordinates":[[136.9639236,35.1581666],[136.9638509,35.1581242]]}},{"type":"Feature","properties":{"kind":"footway"},"geometry":{"type":"LineString","coordinates":[[136.964005,35.15834],[136.9640165,35.1583767]]}},{"type":"Feature","properties":{"kind":"footway"},"geometry":{"type":"LineString","coordinates":[[136.9642607,35.1583075],[136.9642486,35.1582749]]}},{"type":"Feature","properties":{"kind":"footway"},"geometry":{"type":"LineString","coordinates":[[136.9642486,35.1582749],[136.9642439,35.158263],[136.9641888,35.1581249],[136.9641806,35.1581044]]}},{"type":"Feature","properties":{"kind":"footway"},"geometry":{"type":"LineString","coordinates":[[136.9640073,35.1581049],[136.9640579,35.1580983],[136.9641115,35.1580912]]}},{"type":"Feature","properties":{"kind":"footway"},"geometry":{"type":"LineString","coordinates":[[136.9641115,35.1580912],[136.9641732,35.1580809],[136.9656262,35.1577541],[136.9657517,35.1577259],[136.9658341,35.157661],[136.9658469,35.1576183],[136.9658545,35.1575928]]}},{"type":"Feature","properties":{"kind":"footway"},"geometry":{"type":"LineString","coordinates":[[136.9654894,35.1580892],[136.9655219,35.1580116]]}},{"type":"Feature","properties":{"kind":"footway"},"geometry":{"type":"LineString","coordinates":[[136.9655219,35.1580116],[136.9655385,35.1579698],[136.9655972,35.1578214],[136.9656095,35.1577906]]}},{"type":"Feature","properties":{"kind":"footway"},"geometry":{"type":"LineString","coordinates":[[136.9656095,35.1577906],[136.9656262,35.1577541]]}},{"type":"Feature","properties":{"kind":"footway"},"geometry":{"type":"LineString","coordinates":[[136.9658545,35.1575928],[136.9658631,35.1575745],[136.9658763,35.1575467]]}},{"type":"Feature","properties":{"kind":"footway"},"geometry":{"type":"LineString","coordinates":[[136.9658763,35.1575467],[136.9658654,35.1574991]]}},{"type":"Feature","properties":{"kind":"footway"},"geometry":{"type":"LineString","coordinates":[[136.9658469,35.1576183],[136.9658727,35.1576193]]}},{"type":"Feature","properties":{"kind":"footway"},"geometry":{"type":"LineString","coordinates":[[136.9658727,35.1576193],[136.9659123,35.1576137],[136.9660307,35.1575969],[136.9661185,35.1575844]]}},{"type":"Feature","properties":{"kind":"footway"},"geometry":{"type":"LineString","coordinates":[[136.9656164,35.1581038],[136.9656811,35.1581096],[136.9657886,35.1581191],[136.965828,35.1581226]]}},{"type":"Feature","properties":{"kind":"footway"},"geometry":{"type":"LineString","coordinates":[[136.9654733,35.1589287],[136.9654853,35.1589503],[136.9654551,35.1589325],[136.9654463,35.1589227],[136.9654432,35.158898],[136.9654556,35.1588723],[136.9654654,35.1588516],[136.965522,35.1587383],[136.9655475,35.158687],[136.9656221,35.1585373],[136.9656525,35.1584755],[136.9657047,35.158371],[136.965726,35.1583285],[136.965828,35.1581226],[136.9659367,35.1579012],[136.9659712,35.157875],[136.9660144,35.1578538],[136.9660703,35.1578347],[136.9660871,35.1578297],[136.9661197,35.1578208],[136.9661724,35.1578109],[136.9663221,35.1577678],[136.9664467,35.157729],[136.9664862,35.1577145],[136.9665362,35.1576958],[136.9665785,35.1576795],[136.9666275,35.157661],[136.966668,35.1576426],[136.9667173,35.1576203],[136.9667633,35.1575992],[136.9668072,35.1575791],[136.9668497,35.1575599],[136.9668998,35.1575398],[136.9670089,35.1574955],[136.967147,35.1574404],[136.9672657,35.1573946],[136.9673988,35.1573439],[136.9675208,35.1572973],[136.96761,35.1572636],[136.9677381,35.1572151],[136.967772,35.157228],[136.9677706,35.1572532],[136.9677693,35.1572581],[136.9677502,35.157248],[136.9676799,35.157276],[136.9675245,35.1573379],[136.9673391,35.1574116],[136.9670012,35.15753],[136.9668164,35.1576112],[136.9667644,35.1576326],[136.9665132,35.1577362],[136.9664998,35.1577417],[136.9664469,35.1577626],[136.9662115,35.157828],[136.9660584,35.1578702],[136.9659652,35.1579548],[136.9659248,35.1580446],[136.9658638,35.1581628],[136.9658168,35.1582551],[136.965806,35.158279],[136.965738,35.1584081],[136.9654733,35.1589287]]}},{"type":"Feature","properties":{"kind":"footway"},"geometry":{"type":"LineString","coordinates":[[136.965828,35.1581226],[136.9658601,35.1581186],[136.9659587,35.1579159],[136.966085,35.1578441],[136.9661138,35.1578361],[136.9664425,35.1577446],[136.9668337,35.1575834],[136.9672358,35.1574209],[136.967772,35.157228]]}},{"type":"Feature","properties":{"kind":"footway"},"geometry":{"type":"LineString","coordinates":[[136.9665006,35.1566897],[136.9663466,35.1571213],[136.9662629,35.1573135],[136.9661894,35.157445],[136.9661326,35.1575838],[136.9661185,35.1575844]]}},{"type":"Feature","properties":{"kind":"footway"},"geometry":{"type":"LineString","coordinates":[[136.9667954,35.155198],[136.966785,35.1552517],[136.9667715,35.1553219]]}},{"type":"Feature","properties":{"kind":"footway"},"geometry":{"type":"LineString","coordinates":[[136.9667715,35.1553219],[136.9666343,35.156032],[136.9665156,35.1566465],[136.9665006,35.1566897]]}},{"type":"Feature","properties":{"kind":"footway"},"geometry":{"type":"LineString","coordinates":[[136.9668113,35.1552021],[136.9667954,35.155198],[136.9667869,35.1551956],[136.9667777,35.1551885],[136.9667742,35.1551799],[136.9667762,35.1551699],[136.9667816,35.155148],[136.9667929,35.1550862],[136.9667973,35.1550468],[136.9667958,35.1549785],[136.9667914,35.1549224],[136.966792,35.1548642],[136.966786,35.1548142],[136.9667708,35.154719],[136.9667451,35.1546231],[136.9666718,35.1544438],[136.966656,35.1544194],[136.9666157,35.1543594],[136.9666069,35.1543498],[136.9665995,35.1543417],[136.9665813,35.1543151],[136.9665661,35.154294],[136.9665324,35.1542581],[136.9665214,35.154245],[136.96651,35.1542244],[136.9665063,35.154205],[136.966501,35.1541635],[136.9664931,35.1541062],[136.9664752,35.1540685],[136.9664425,35.1539857],[136.9664069,35.1539263],[136.9663739,35.153872],[136.966337,35.1538106],[136.9662699,35.153698],[136.9662618,35.153678],[136.9662582,35.1536634],[136.9662623,35.1536483],[136.9662681,35.1536405],[136.9662855,35.1536305],[136.9663116,35.1536202],[136.9665055,35.1535403],[136.9665839,35.1535047],[136.9669159,35.1533666],[136.966971,35.1533444],[136.966988,35.153337],[136.9669976,35.1533382],[136.967002,35.1533423],[136.9670204,35.1533778],[136.9663595,35.1536575],[136.9665628,35.1539949],[136.966697,35.1542171],[136.966748,35.1542913],[136.9667681,35.1543206],[136.9666736,35.1543642],[136.9666751,35.1543966],[136.9667018,35.1544338],[136.9667376,35.1545221],[136.9667767,35.1546179],[136.9668024,35.1547124],[136.9668091,35.1547546],[136.9668168,35.1548033],[136.9668234,35.1548645],[136.9668239,35.1548736],[136.9668248,35.1549264],[136.9668297,35.1550457],[136.9668213,35.1551378],[136.9668113,35.1552021]]}},{"type":"Feature","properties":{"kind":"footway"},"geometry":{"type":"LineString","coordinates":[[136.9665185,35.1566852],[136.9665006,35.1566897],[136.9664894,35.1566924],[136.9664793,35.1567024],[136.9664681,35.1567387],[136.9664547,35.1567764],[136.966421,35.1568799],[136.9663823,35.1569963],[136.9663434,35.157097],[136.9663178,35.1571545],[136.9662972,35.1571995],[136.966276,35.1572526],[136.9662456,35.1573134],[136.9662121,35.1573776],[136.9661903,35.1574158],[136.9661763,35.1574404],[136.9661628,35.1574736],[136.9661434,35.1575194],[136.9661366,35.1575349],[136.9661222,35.1575624],[136.9661179,35.1575767],[136.9661185,35.1575844],[136.9661204,35.1575922],[136.966157,35.1576119],[136.9661742,35.1576164],[136.9661892,35.1576207],[136.9662204,35.1576241],[136.9662911,35.1576257],[136.9663488,35.1576238],[136.9663879,35.1576172],[136.9664172,35.1576123],[136.9665264,35.1575871],[136.9665535,35.157578],[136.9665988,35.157564],[136.9666854,35.1575312],[136.9667598,35.1575029],[136.967532,35.1572142],[136.9675874,35.1571938],[136.9682657,35.1569395],[136.9682673,35.1569346],[136.9682673,35.1569285],[136.9682589,35.1569177],[136.9666099,35.1575345],[136.9665858,35.1575432],[136.9665153,35.1575663],[136.9664144,35.1575903],[136.9663451,35.1576002],[136.966291,35.157603],[136.9662361,35.1576021],[136.9662063,35.1576002],[136.9661945,35.1575988],[136.9661691,35.1575917],[136.9661477,35.15758],[136.966151,35.1575703],[136.9661639,35.1575445],[136.9661826,35.1575018],[136.9662084,35.1574437],[136.9662298,35.1574061],[136.9662583,35.1573541],[136.966281,35.1573092],[136.9663053,35.1572625],[136.9663295,35.1572011],[136.9663517,35.1571513],[136.9663736,35.1571021],[136.9663898,35.1570596],[136.9664069,35.1570161],[136.9664268,35.1569594],[136.9664585,35.1568615],[136.9664761,35.1568105],[136.966492,35.1567593],[136.9665185,35.1566852]]}},{"type":"Feature","properties":{"kind":"footway"},"geometry":{"type":"LineString","coordinates":[[136.9661326,35.1575838],[136.9661453,35.1575983],[136.966157,35.1576119]]}},{"type":"Feature","properties":{"kind":"footway"},"geometry":{"type":"LineString","coordinates":[[136.9661197,35.1578208],[136.9661318,35.1577529],[136.966157,35.1576119]]}},{"type":"Feature","properties":{"kind":"footway"},"geometry":{"type":"LineString","coordinates":[[136.9661197,35.1578208],[136.9661138,35.1578361]]}},{"type":"Feature","properties":{"kind":"footway"},"geometry":{"type":"LineString","coordinates":[[136.9661453,35.1575983],[136.9662196,35.1576126],[136.9663523,35.1576093],[136.9664935,35.1575843],[136.9666765,35.1575245],[136.9669738,35.1574094],[136.9672192,35.1573218],[136.9675729,35.1571896],[136.9678859,35.157073],[136.9682673,35.1569285]]}},{"type":"Feature","properties":{"kind":"footway"},"geometry":{"type":"LineString","coordinates":[[136.9682673,35.1569285],[136.968294,35.1569189],[136.9683177,35.1569103]]}},{"type":"Feature","properties":{"kind":"footway"},"geometry":{"type":"LineString","coordinates":[[136.9683083,35.1568988],[136.9683177,35.1569103],[136.9683216,35.1569135],[136.9683365,35.1569136],[136.9683645,35.1569029],[136.9685808,35.1568227],[136.9687819,35.1567473],[136.9688251,35.156732],[136.9689084,35.1567006],[136.9689713,35.1566778],[136.9690507,35.1566476],[136.9691917,35.1565966],[136.9692025,35.1565916],[136.969213,35.156588],[136.969233,35.1565813],[136.9692768,35.1565648],[136.9693119,35.1565515],[136.9693635,35.1565314],[136.9694239,35.1565085],[136.9695616,35.1564565],[136.9696689,35.1564093],[136.9697652,35.1563672],[136.9699016,35.1563082],[136.9699896,35.1562625],[136.9700116,35.156251],[136.9700485,35.1562329],[136.9701293,35.1561894],[136.9701487,35.1561789],[136.9702205,35.1561403],[136.9702627,35.1561175],[136.970283,35.1561046],[136.9703239,35.1560798],[136.9703526,35.1560619],[136.9703788,35.1560456],[136.9704074,35.1560283],[136.9704369,35.1560103],[136.9704583,35.1559967],[136.9704662,35.1559915],[136.9705532,35.1559323],[136.9706813,35.1558429],[136.9707648,35.1557886],[136.9708403,35.1557399],[136.9710584,35.1555963],[136.9710974,35.1555728],[136.9711365,35.1555483],[136.9711794,35.155523],[136.9712259,35.155495],[136.9713191,35.1554361],[136.9713905,35.1553898],[136.9716,35.1552573],[136.9716747,35.1552208],[136.9717656,35.155172],[136.9718861,35.1551282],[136.9719024,35.1551222],[136.9721451,35.1550475],[136.9723906,35.1549729],[136.9725797,35.1549148],[136.9727406,35.1548655],[136.9728251,35.1548468],[136.9728801,35.1548271],[136.9729044,35.1548079],[136.972933,35.1547717],[136.9729471,35.1547295],[136.9729592,35.1546286],[136.972923,35.1546133],[136.9728626,35.1546758],[136.9727031,35.1548018],[136.9726869,35.1548088],[136.9726662,35.1548201],[136.9726416,35.1548363],[136.9726211,35.15485],[136.9725806,35.1548671],[136.9725303,35.1548869],[136.9724765,35.1549043],[136.9724152,35.1549237],[136.9721579,35.1550045],[136.9721203,35.1550157],[136.9720102,35.1550575],[136.9718931,35.155101],[136.9718545,35.1551153],[136.9717694,35.1551479],[136.9717539,35.155152],[136.9715798,35.1552428],[136.9715178,35.1552812],[136.9713898,35.155361],[136.9712472,35.1554533],[136.9711194,35.155532],[136.9710173,35.1555945],[136.9709471,35.1556409],[136.9708948,35.1556749],[136.9708353,35.1557146],[136.9704379,35.1559817],[136.9704251,35.1559894],[136.9703802,35.1560165],[136.9702871,35.156074],[136.9702504,35.1560969],[136.9701827,35.1561337],[136.9701103,35.1561716],[136.9700882,35.1561834],[136.9700199,35.1562206],[136.9699285,35.1562671],[136.969848,35.1563058],[136.9698146,35.1563201],[136.9696983,35.1563711],[136.969612,35.1564094],[136.9695105,35.1564507],[136.9692327,35.1565556],[136.9690239,35.1566331],[136.9683083,35.1568988]]}},{"type":"Feature","properties":{"kind":"footway"},"geometry":{"type":"LineString","coordinates":[[136.9683177,35.1569103],[136.968675,35.1567785],[136.9690258,35.1566486],[136.9692226,35.1565757],[136.9695764,35.156433],[136.9697748,35.1563513],[136.9699663,35.1562645],[136.9701238,35.1561822],[136.9702792,35.1560912],[136.97043,35.1559981],[136.9706627,35.155844],[136.9709149,35.1556784],[136.9711215,35.1555472],[136.9713183,35.1554245],[136.9714654,35.1553281],[136.9715944,35.1552479],[136.9717609,35.1551664],[136.9718977,35.1551127],[136.9721264,35.1550365],[136.9724429,35.1549433],[136.9726561,35.1548709],[136.9728648,35.1547886],[136.9729172,35.1547721],[136.972933,35.1547717]]}},{"type":"Feature","properties":{"kind":"footway"},"geometry":{"type":"LineString","coordinates":[[136.9678968,35.157192],[136.9678581,35.1572159],[136.9678647,35.1571952],[136.9678673,35.1571868],[136.967884,35.1571718],[136.9679197,35.157159],[136.9680641,35.1571046],[136.9681976,35.1570544],[136.968216,35.1570477],[136.9682437,35.1570373],[136.9682666,35.1570284],[136.9683089,35.1570122],[136.9683564,35.1569948],[136.968407,35.1569763],[136.9684396,35.1569643],[136.9686399,35.1568902],[136.9686524,35.1568855],[136.9686729,35.1568809],[136.9686895,35.15688],[136.9686949,35.156885],[136.9687017,35.1568913],[136.9678968,35.157192]]}},{"type":"Feature","properties":{"kind":"footway"},"geometry":{"type":"LineString","coordinates":[[136.9686949,35.156885],[136.9682343,35.1570548],[136.9678647,35.1571952]]}},{"type":"Feature","properties":{"kind":"footway"},"geometry":{"type":"LineString","coordinates":[[136.967772,35.157228],[136.9678158,35.1572125],[136.9678647,35.1571952]]}},{"type":"Feature","properties":{"kind":"footway"},"geometry":{"type":"LineString","coordinates":[[136.9686949,35.156885],[136.9687119,35.1568782],[136.9687307,35.1568705]]}},{"type":"Feature","properties":{"kind":"footway"},"geometry":{"type":"LineString","coordinates":[[136.9687557,35.1568587],[136.9687471,35.1568815],[136.9687307,35.1568705],[136.9687298,35.1568608],[136.9687333,35.1568522],[136.9687427,35.1568466],[136.9688074,35.1568231],[136.9689142,35.1567838],[136.9690027,35.1567509],[136.9691003,35.156715],[136.9691861,35.1566835],[136.9692162,35.1566721],[136.9692913,35.1566447],[136.9693046,35.1566398],[136.969352,35.1566213],[136.9693811,35.156611],[136.9694078,35.1566011],[136.9694584,35.1565823],[136.9695018,35.1565667],[136.9695408,35.1565512],[136.9696247,35.1565208],[136.9697169,35.1564865],[136.9698038,35.1564545],[136.9698987,35.1564194],[136.9699992,35.1563825],[136.9700666,35.1563434],[136.9701009,35.1563226],[136.9701876,35.1562915],[136.9702007,35.1562868],[136.9702367,35.1562787],[136.9702562,35.1562785],[136.9702825,35.1562805],[136.970319,35.1562919],[136.9703644,35.1563062],[136.9705857,35.156376],[136.9706928,35.1564132],[136.9708111,35.1564537],[136.9708326,35.1564612],[136.9708704,35.1564868],[136.9708719,35.1564939],[136.9708719,35.1565033],[136.9708726,35.1565067],[136.9708691,35.1565147],[136.9708629,35.1565219],[136.9708473,35.1565315],[136.9708428,35.1565287],[136.9708471,35.1565237],[136.970845,35.1565058],[136.9708345,35.156498],[136.9707975,35.1564736],[136.9707839,35.1564643],[136.9707261,35.1564446],[136.9705204,35.1563959],[136.9704264,35.1563757],[136.9703158,35.1563548],[136.9702113,35.1563541],[136.9701282,35.1563671],[136.9700633,35.1563821],[136.9699775,35.156414],[136.9687557,35.1568587]]}},{"type":"Feature","properties":{"kind":"footway"},"geometry":{"type":"LineString","coordinates":[[136.9687307,35.1568705],[136.9687485,35.156851],[136.9693942,35.1566158],[136.9697677,35.1564771],[136.9702101,35.1563243],[136.9702183,35.1563214],[136.970319,35.1562919]]}},{"type":"Feature","properties":{"kind":"footway"},"geometry":{"type":"LineString","coordinates":[[136.9702101,35.1563243],[136.9701876,35.1562915]]}},{"type":"Feature","properties":{"kind":"footway"},"geometry":{"type":"LineString","coordinates":[[136.9701876,35.1562915],[136.9701611,35.1562451],[136.9701293,35.1561894]]}},{"type":"Feature","properties":{"kind":"footway"},"geometry":{"type":"LineString","coordinates":[[136.9701293,35.1561894],[136.9701238,35.1561822]]}},{"type":"Feature","properties":{"kind":"footway"},"geometry":{"type":"LineString","coordinates":[[136.970319,35.1562919],[136.9703677,35.1562636],[136.9704306,35.156227]]}},{"type":"Feature","properties":{"kind":"footway"},"geometry":{"type":"LineString","coordinates":[[136.9708482,35.1563367],[136.9709057,35.1563136],[136.9709877,35.1562805],[136.9709556,35.1563418],[136.970933,35.1563852],[136.9709242,35.1563913],[136.9709016,35.156403],[136.9708919,35.1564038],[136.9708769,35.1564042],[136.9708525,35.156399],[136.9708324,35.1563867],[136.97047,35.1562633],[136.9704586,35.1562604],[136.9704413,35.1562417],[136.9704306,35.156227],[136.9704271,35.156212],[136.9704225,35.1561975],[136.9704271,35.1561617],[136.9704343,35.1561124],[136.9704669,35.1560926],[136.9705283,35.1560546],[136.9705664,35.1560285],[136.9705786,35.1560199],[136.9705923,35.1560105],[136.9706275,35.1559869],[136.9706412,35.1559765],[136.9706733,35.1559551],[136.9706972,35.1559381],[136.9707357,35.155912],[136.9707662,35.1558908],[136.9709517,35.1557704],[136.971093,35.1556783],[136.9711314,35.1556531],[136.9712243,35.1555972],[136.9712916,35.1555556],[136.9713058,35.1555553],[136.9713141,35.1555572],[136.971329,35.1555644],[136.9713387,35.1555727],[136.9713508,35.1555934],[136.971339,35.1556269],[136.9712827,35.1555901],[136.9711381,35.1556775],[136.9709768,35.1557814],[136.9707072,35.1559612],[136.970598,35.1560354],[136.9705412,35.1560746],[136.9704783,35.1561142],[136.9705393,35.1562584],[136.9706822,35.1562924],[136.9707656,35.1563117],[136.9708162,35.156326],[136.9708482,35.1563367]]}},{"type":"Feature","properties":{"kind":"footway"},"geometry":{"type":"LineString","coordinates":[[136.9704306,35.156227],[136.9704645,35.1561098],[136.9707618,35.1559073],[136.9712024,35.1556194],[136.971329,35.1555644]]}},{"type":"Feature","properties":{"kind":"pedestrian"},"geometry":{"type":"LineString","coordinates":[[136.9717167,35.1553546],[136.9717472,35.1553633],[136.9717177,35.1553315],[136.9717076,35.1553207],[136.9716927,35.1553201],[136.9716675,35.1553331],[136.9716174,35.1553632],[136.9714643,35.1554555],[136.9714612,35.1554573],[136.9714556,35.1554655],[136.971451,35.1554901],[136.9714481,35.1555011],[136.9714472,35.1555163],[136.9714383,35.1555442],[136.9714321,35.1555576],[136.9714291,35.1555698],[136.9714153,35.1555957],[136.9714065,35.1556121],[136.9713836,35.1556542],[136.9713636,35.1556915],[136.9713293,35.1557533],[136.9713076,35.1557947],[136.971266,35.1558708],[136.9712268,35.1559429],[136.9711732,35.1560429],[136.9711325,35.1561171],[136.9711062,35.1561654],[136.971062,35.1562476],[136.9710353,35.156304],[136.971008,35.1563634],[136.9709814,35.1564197],[136.9709752,35.1564326],[136.9709752,35.1564425],[136.9709731,35.1564457],[136.9709822,35.1564646],[136.9710125,35.1564916],[136.9710281,35.156505],[136.9710623,35.1565486],[136.9710762,35.1565679],[136.9710941,35.1565963],[136.9711208,35.1566568],[136.971136,35.1566938],[136.9711477,35.1567292],[136.971172,35.1568355],[136.971191,35.156907],[136.9712049,35.156964],[136.9712202,35.1570301],[136.9712396,35.1571163],[136.9712523,35.1571709],[136.9712631,35.1572208],[136.9712727,35.1572292],[136.9712849,35.1572304],[136.9713102,35.1572275],[136.9712841,35.1572136],[136.9712714,35.1571517],[136.9712523,35.1570623],[136.9711636,35.1566804],[136.9711441,35.1566437],[136.9711357,35.156628],[136.9711158,35.1565982],[136.9710968,35.1565568],[136.9710804,35.1565382],[136.9710547,35.1565092],[136.9710147,35.1564679],[136.971013,35.1564592],[136.9710454,35.1563953],[136.9710715,35.1563432],[136.9711191,35.1562476],[136.9711607,35.1561654],[136.9711794,35.156128],[136.9712265,35.156035],[136.9712585,35.1559729],[136.9712853,35.155923],[136.9713084,35.1558816],[136.971336,35.1558318],[136.9713642,35.1557819],[136.9714051,35.155707],[136.9714649,35.1556046],[136.9714713,35.1555938],[136.9715294,35.1555277],[136.9716035,35.1554433],[136.9717167,35.1553546]]}},{"type":"Feature","properties":{"kind":"footway"},"geometry":{"type":"LineString","coordinates":[[136.971329,35.1555644],[136.9713691,35.15554],[136.971451,35.1554901]]}},{"type":"Feature","properties":{"kind":"footway"},"geometry":{"type":"LineString","coordinates":[[136.971451,35.1554901],[136.9717177,35.1553315]]}},{"type":"Feature","properties":{"kind":"footway"},"geometry":{"type":"LineString","coordinates":[[136.9717177,35.1553315],[136.9717384,35.1553226],[136.9717814,35.1553042]]}},{"type":"Feature","properties":{"kind":"pedestrian"},"geometry":{"type":"LineString","coordinates":[[136.9718114,35.1552721],[136.9717951,35.1553356],[136.9717837,35.1553129],[136.9717814,35.1553042],[136.9717853,35.1552857],[136.9717935,35.1552649],[136.9718127,35.1552443],[136.9718435,35.1552329],[136.9718865,35.155217],[136.9719636,35.1551888],[136.9720272,35.1551652],[136.9720968,35.1551396],[136.9722618,35.1550924],[136.9723114,35.1550793],[136.9723691,35.1550661],[136.9724268,35.1550508],[136.9725877,35.1550058],[136.9728358,35.1549378],[136.9729511,35.154906],[136.9730202,35.1548896],[136.9730492,35.1548852],[136.9730572,35.1548899],[136.973079,35.1549217],[136.9730454,35.1549108],[136.9728411,35.1549672],[136.9724737,35.155065],[136.9723825,35.1550902],[136.9722444,35.1551275],[136.9720955,35.1551681],[136.9718224,35.1552661],[136.9718114,35.1552721]]}},{"type":"Feature","properties":{"kind":"footway"},"geometry":{"type":"LineString","coordinates":[[136.9717814,35.1553042],[136.9718043,35.1552685],[136.9718286,35.1552468],[136.9719835,35.1551934],[136.9722149,35.1551198],[136.9723745,35.1550771],[136.9724697,35.1550519],[136.9726065,35.1550146],[136.9729257,35.154928],[136.9730034,35.1549071],[136.9730572,35.1548899]]}},{"type":"Feature","properties":{"kind":"footway"},"geometry":{"type":"LineString","coordinates":[[136.9729257,35.154928],[136.972909,35.1548922]]}},{"type":"Feature","properties":{"kind":"footway"},"geometry":{"type":"LineString","coordinates":[[136.972909,35.1548922],[136.9728955,35.1548594],[136.9728801,35.1548271]]}},{"type":"Feature","properties":{"kind":"footway"},"geometry":{"type":"LineString","coordinates":[[136.9728801,35.1548271],[136.9728648,35.1547886]]}},{"type":"Feature","properties":{"kind":"footway"},"geometry":{"type":"LineString","coordinates":[[136.9730572,35.1548899],[136.9730824,35.1548674],[136.973131,35.1548622]]}},{"type":"Feature","properties":{"kind":"footway"},"geometry":{"type":"LineString","coordinates":[[136.972933,35.1547717],[136.9730258,35.1547673],[136.9731273,35.1547367]]}},{"type":"Feature","properties":{"kind":"footway"},"geometry":{"type":"LineString","coordinates":[[136.9732364,35.1547916],[136.9732094,35.1547633],[136.9731832,35.1547284]]}},{"type":"Feature","properties":{"kind":"pedestrian"},"geometry":{"type":"LineString","coordinates":[[136.9731503,35.1548764],[136.9731475,35.1548989],[136.9731324,35.1548758],[136.973131,35.1548622],[136.9731294,35.1548503],[136.9731574,35.1548365],[136.9732364,35.1547916],[136.9733219,35.1547557],[136.9734999,35.1546677],[136.9736082,35.1546151],[136.973754,35.154543],[136.9737805,35.1545294],[136.9738086,35.1545284],[136.973817,35.1545325],[136.9738271,35.1545437],[136.973491,35.1547092],[136.9733195,35.1547941],[136.9731503,35.1548764]]}},{"type":"Feature","properties":{"kind":"footway"},"geometry":{"type":"LineString","coordinates":[[136.973131,35.1548622],[136.973249,35.1548077],[136.9738086,35.1545284]]}},{"type":"Feature","properties":{"kind":"footway"},"geometry":{"type":"LineString","coordinates":[[136.9732364,35.1547916],[136.973249,35.1548077]]}},{"type":"Feature","properties":{"kind":"footway"},"geometry":{"type":"LineString","coordinates":[[136.9731197,35.1547253],[136.9731217,35.1547287],[136.9731273,35.1547367],[136.9731407,35.1547444],[136.9731522,35.1547442],[136.9731597,35.154743],[136.973171,35.1547371],[136.9731832,35.1547284],[136.973452,35.1545983],[136.973702,35.154477],[136.9738245,35.1544163],[136.9738292,35.1544132],[136.9739099,35.1543733],[136.9742516,35.1542074],[136.974462,35.1541031],[136.9746617,35.1540042],[136.9748977,35.1538894],[136.9749596,35.1538591],[136.9750087,35.1538344],[136.9750741,35.1538016],[136.975211,35.1537336],[136.9753236,35.1536819],[136.9753629,35.1536655],[136.9754807,35.1536171],[136.975516,35.1536032],[136.9755324,35.1535966],[136.9755632,35.1535858],[136.9755949,35.1535754],[136.9757056,35.1535396],[136.9757476,35.1535281],[136.975771,35.1535215],[136.9758921,35.1534863],[136.9760206,35.153451],[136.9760623,35.1534381],[136.9761014,35.1534263],[136.9761502,35.1534112],[136.9762012,35.1533955],[136.9762189,35.15339],[136.9762685,35.1533716],[136.9763064,35.1533574],[136.9763602,35.1533366],[136.9764744,35.1532931],[136.9765094,35.1532786],[136.9765163,35.153269],[136.9765197,35.1532574],[136.976523,35.1532402],[136.9764854,35.1532545],[136.9762711,35.1533355],[136.9762005,35.1533619],[136.9761202,35.1533865],[136.975992,35.1534251],[136.9756828,35.1535126],[136.9756008,35.1535397],[136.9755153,35.153568],[136.9754739,35.1535853],[136.9753805,35.1536236],[136.9753064,35.1536541],[136.9752702,35.1536702],[136.9752442,35.1536842],[136.9751829,35.1537116],[136.9731197,35.1547253]]}},{"type":"Feature","properties":{"kind":"footway"},"geometry":{"type":"LineString","coordinates":[[136.9731273,35.1547367],[136.9737704,35.1544246],[136.9744136,35.1541121],[136.9750569,35.1537945],[136.9753312,35.1536621],[136.9755258,35.1535796],[136.9757851,35.1534906],[136.9762248,35.1533734],[136.9765163,35.153269]]}},{"type":"Feature","properties":{"kind":"footway"},"geometry":{"type":"LineString","coordinates":[[136.9738086,35.1545284],[136.9738339,35.1545182],[136.9738711,35.1545032]]}},{"type":"Feature","properties":{"kind":"pedestrian"},"geometry":{"type":"LineString","coordinates":[[136.9738868,35.1545115],[136.9738829,35.1545242],[136.9738746,35.1545107],[136.9738717,35.154506],[136.9738711,35.1545032],[136.973868,35.1544936],[136.97387,35.1544839],[136.9738773,35.1544787],[136.9739163,35.1544596],[136.9739524,35.1544424],[136.974034,35.1544017],[136.9740704,35.1543838],[136.9740953,35.1543718],[136.9741187,35.1543601],[136.9741921,35.1543237],[136.9742756,35.1542834],[136.9743902,35.1542261],[136.974623,35.1541125],[136.9746325,35.1541118],[136.9746382,35.1541114],[136.9746512,35.1541182],[136.974666,35.1541398],[136.9746514,35.1541355],[136.9744478,35.1542356],[136.9738868,35.1545115]]}},{"type":"Feature","properties":{"kind":"footway"},"geometry":{"type":"LineString","coordinates":[[136.9738711,35.1545032],[136.9746512,35.1541182]]}},{"type":"Feature","properties":{"kind":"footway"},"geometry":{"type":"LineString","coordinates":[[136.9652832,35.1480146],[136.9652403,35.1480091],[136.9652283,35.1479905],[136.9649506,35.1471231],[136.9648997,35.1469915],[136.9647951,35.1467656],[136.964787,35.1467338],[136.9648018,35.1467097],[136.9648219,35.1466921],[136.9648501,35.1466779],[136.9649319,35.1466812],[136.9650083,35.1466812],[136.9651491,35.1467064],[136.9652739,35.1467371],[136.9653986,35.1467919],[136.9655099,35.1468402],[136.9656064,35.1468774],[136.965695,35.1469038],[136.9658452,35.1469312],[136.965935,35.1469421],[136.9660208,35.1469432],[136.9660919,35.1469432],[136.9661054,35.146942],[136.966167,35.1469367],[136.9663038,35.1469213],[136.9663977,35.1469071],[136.9664889,35.1468884],[136.9665667,35.1468698],[136.9666512,35.1468478],[136.966733,35.1468138],[136.966796,35.1467842],[136.9668684,35.1467491],[136.9669475,35.1467053],[136.9670106,35.1466669],[136.967087,35.1466088],[136.9671742,35.1465386],[136.9672493,35.1464882],[136.967307,35.146452],[136.9673794,35.1464169],[136.9674572,35.1463873],[136.9675457,35.146361],[136.9676194,35.1463478],[136.9677066,35.1463456],[136.9682793,35.1463939],[136.9685099,35.1464158],[136.968585,35.1464289],[136.9686695,35.1464487],[136.9687366,35.1464684],[136.9688063,35.1465035],[136.96886,35.1465441],[136.9688694,35.1465551],[136.968864,35.1465704],[136.9688305,35.1465879],[136.9688358,35.1465649],[136.9687755,35.1465211],[136.9687448,35.1465029],[136.9686241,35.1464678],[136.9685248,35.1464481],[136.9684256,35.1464349],[136.9682781,35.1464218],[136.9681306,35.1464108],[136.9678999,35.1463867],[136.9677175,35.1463757],[136.9676022,35.1463757],[136.9674895,35.146402],[136.9674117,35.14643],[136.967334,35.1464667],[136.9672401,35.146527],[136.9670282,35.1466915],[136.9668914,35.1467727],[136.9668268,35.1468029],[136.9667155,35.1468533],[136.9665627,35.1469005],[136.9664782,35.1469224],[136.9663856,35.1469411],[136.9662917,35.1469509],[136.9661871,35.1469652],[136.9661483,35.1469652],[136.9661127,35.1469683],[136.9660718,35.1469718],[136.9659672,35.1469707],[136.9658867,35.1469663],[136.9657714,35.1469498],[136.9656829,35.1469268],[136.9656019,35.1469029],[136.9655246,35.1468731],[136.9654173,35.1468281],[136.9652926,35.1467744],[136.9652323,35.1467557],[136.9651733,35.1467371],[136.9651035,35.146725],[136.9650591,35.1467128],[136.9649702,35.146704],[136.9648782,35.1467042],[136.9648353,35.1467206],[136.9648313,35.1467524],[136.9649587,35.1470354],[136.9650083,35.1471626],[136.9650633,35.1473369],[136.9651813,35.1476988],[136.9652832,35.1480146]]}},{"type":"Feature","properties":{"kind":"footway"},"geometry":{"type":"LineString","coordinates":[[136.9656841,35.150097],[136.9657259,35.1500908],[136.9658316,35.1500774],[136.9658576,35.1500739]]}},{"type":"Feature","properties":{"kind":"footway"},"geometry":{"type":"LineString","coordinates":[[136.9656275,35.1498554],[136.9656843,35.149843],[136.9657553,35.1498274],[136.9657992,35.1498178]]}},{"type":"Feature","properties":{"kind":"footway"},"geometry":{"type":"LineString","coordinates":[[136.9692703,35.1543124],[136.9693999,35.1545349],[136.9693505,35.1545551],[136.9693435,35.1545787],[136.9693821,35.1546439],[136.9694346,35.1547318],[136.9694798,35.1547784]]}},{"type":"Feature","properties":{"kind":"steps"},"geometry":{"type":"LineString","coordinates":[[136.967857,35.1548725],[136.9677389,35.1546589]]}},{"type":"Feature","properties":{"kind":"footway"},"geometry":{"type":"LineString","coordinates":[[136.9677389,35.1546589],[136.9677854,35.1546399],[136.9678097,35.1544631]]}},{"type":"Feature","properties":{"kind":"footway"},"geometry":{"type":"LineString","coordinates":[[136.9695942,35.1547127],[136.9695575,35.1547811],[136.9698156,35.1550861],[136.9699544,35.1551651]]}},{"type":"Feature","properties":{"kind":"footway"},"geometry":{"type":"LineString","coordinates":[[136.9699544,35.1551651],[136.9703807,35.1555661]]}},{"type":"Feature","properties":{"kind":"service"},"geometry":{"type":"LineString","coordinates":[[136.9699544,35.1551651],[136.9698262,35.1552479],[136.9694978,35.1554469],[136.9693304,35.1555389],[136.9690353,35.1557064],[136.9687661,35.1558578],[136.9683721,35.1559823]]}},{"type":"Feature","properties":{"kind":"service"},"geometry":{"type":"LineString","coordinates":[[136.9646355,35.1542823],[136.964429,35.1539402],[136.9641886,35.1535419]]}},{"type":"Feature","properties":{"kind":"steps"},"geometry":{"type":"LineString","coordinates":[[136.9641886,35.1535419],[136.96411,35.1534087]]}},{"type":"Feature","properties":{"kind":"service"},"geometry":{"type":"LineString","coordinates":[[136.96411,35.1534087],[136.9639752,35.1534666],[136.9637697,35.1531462]]}},{"type":"Feature","properties":{"kind":"service"},"geometry":{"type":"LineString","coordinates":[[136.9616338,35.1540089],[136.9610879,35.1542355]]}},{"type":"Feature","properties":{"kind":"footway"},"geometry":{"type":"LineString","coordinates":[[136.9631986,35.1542552],[136.9627893,35.1544281],[136.9633847,35.1545651]]}},{"type":"Feature","properties":{"kind":"footway"},"geometry":{"type":"LineString","coordinates":[[136.9625351,35.1545023],[136.9624625,35.1548158],[136.9623866,35.1548464],[136.962188,35.1549454]]}},{"type":"Feature","properties":{"kind":"footway"},"geometry":{"type":"LineString","coordinates":[[136.9630834,35.1540633],[136.962949,35.1541143],[136.9621038,35.1544617],[136.9619442,35.1545262]]}},{"type":"Feature","properties":{"kind":"service"},"geometry":{"type":"LineString","coordinates":[[136.96816,35.1556134],[136.9675433,35.155849],[136.9669609,35.1560699]]}},{"type":"Feature","properties":{"kind":"service"},"geometry":{"type":"LineString","coordinates":[[136.9675433,35.155849],[136.9671313,35.1551494]]}},{"type":"Feature","properties":{"kind":"steps"},"geometry":{"type":"LineString","coordinates":[[136.9669609,35.1560699],[136.9666343,35.156032]]}},{"type":"Feature","properties":{"kind":"footway"},"geometry":{"type":"LineString","coordinates":[[136.9686894,35.157803],[136.9683773,35.1576399],[136.9683465,35.1573501],[136.9681638,35.1573465],[136.9682299,35.1572457],[136.9678581,35.1572159],[136.9678158,35.1572125]]}},{"type":"Feature","properties":{"kind":"service"},"geometry":{"type":"LineString","coordinates":[[136.9683174,35.156964],[136.968294,35.1569189],[136.9682276,35.1567902],[136.9680332,35.1568573],[136.967915,35.1566282]]}},{"type":"Feature","properties":{"kind":"footway"},"geometry":{"type":"LineString","coordinates":[[136.967915,35.1566282],[136.9680137,35.1565914],[136.96796,35.1564702],[136.9679692,35.1564536],[136.968005,35.1563883],[136.9678293,35.1564014]]}},{"type":"Feature","properties":{"kind":"steps"},"geometry":{"type":"LineString","coordinates":[[136.9678293,35.1564014],[136.9680511,35.1561077]]}},{"type":"Feature","properties":{"kind":"service"},"geometry":{"type":"LineString","coordinates":[[136.967915,35.1566282],[136.9676213,35.1567336]]}},{"type":"Feature","properties":{"kind":"footway"},"geometry":{"type":"LineString","coordinates":[[136.9679692,35.1564536],[136.9687214,35.1561775],[136.9688492,35.156206]]}},{"type":"Feature","properties":{"kind":"footway"},"geometry":{"type":"LineString","coordinates":[[136.9678293,35.1564014],[136.9670879,35.1564678]]}},{"type":"Feature","properties":{"kind":"footway"},"geometry":{"type":"LineString","coordinates":[[136.9655505,35.1543376],[136.9659603,35.1541562]]}},{"type":"Feature","properties":{"kind":"footway"},"geometry":{"type":"LineString","coordinates":[[136.96608,35.1543439],[136.9659603,35.1541562],[136.9658053,35.1538803],[136.9660353,35.1537999]]}},{"type":"Feature","properties":{"kind":"footway"},"geometry":{"type":"LineString","coordinates":[[136.9656317,35.1529919],[136.9657234,35.1531802],[136.9657935,35.1535035],[136.9658989,35.1537573]]}},{"type":"Feature","properties":{"kind":"footway"},"geometry":{"type":"LineString","coordinates":[[136.964429,35.1539402],[136.964009,35.1541182],[136.9638691,35.1538975],[136.9631634,35.1541966]]}},{"type":"Feature","properties":{"kind":"footway"},"geometry":{"type":"LineString","coordinates":[[136.971836,35.1549488],[136.9711671,35.1551012],[136.9706716,35.1555169],[136.9703807,35.1555661]]}},{"type":"Feature","properties":{"kind":"steps"},"geometry":{"type":"LineString","coordinates":[[136.9719241,35.155168],[136.9719024,35.1551222],[136.9718977,35.1551127],[136.9718931,35.155101],[136.9718891,35.1550903],[136.971836,35.1549488]]}},{"type":"Feature","properties":{"kind":"footway"},"geometry":{"type":"LineString","coordinates":[[136.9643694,35.1552376],[136.9641647,35.1549051],[136.9639624,35.154562]]}},{"type":"Feature","properties":{"kind":"footway"},"geometry":{"type":"LineString","coordinates":[[136.9641647,35.1549051],[136.9648476,35.1546267],[136.9653628,35.154423]]}},{"type":"Feature","properties":{"kind":"footway"},"geometry":{"type":"LineString","coordinates":[[136.9624573,35.1585746],[136.9636599,35.1582105],[136.9638169,35.1581541],[136.9638509,35.1581242]]}},{"type":"Feature","properties":{"kind":"footway"},"geometry":{"type":"LineString","coordinates":[[136.9641732,35.1580809],[136.9641806,35.1581044]]}},{"type":"Feature","properties":{"kind":"residential"},"geometry":{"type":"LineString","coordinates":[[136.9729933,35.1584304],[136.9727914,35.1584878],[136.9721573,35.1581638],[136.9720269,35.1581348],[136.9718075,35.1581276],[136.9716252,35.1581913],[136.971374,35.1581987]]}},{"type":"Feature","properties":{"kind":"footway"},"geometry":{"type":"LineString","coordinates":[[136.9803862,35.1534049],[136.9803326,35.153417],[136.980228,35.1534641],[136.980063,35.1535453],[136.9798444,35.1536571],[136.979717,35.1537152],[136.9794032,35.1538117],[136.9792919,35.1538402],[136.9791833,35.1538512],[136.979084,35.1538501],[136.97897,35.1538347],[136.9788681,35.1537898],[136.9787836,35.1537317],[136.9786897,35.1536571],[136.9786066,35.1535201],[136.9785704,35.1534279],[136.9785127,35.1532755],[136.9784698,35.1532152],[136.9784322,35.1531834],[136.9783638,35.1531571],[136.9783008,35.1531385],[136.9782297,35.1531374],[136.977869,35.1531132],[136.9777375,35.1530891],[136.9774948,35.153042],[136.9772628,35.1530003],[136.9771743,35.1529915],[136.9770831,35.1530003],[136.9770227,35.1530277],[136.976953,35.1530749],[136.9767679,35.153218],[136.9766472,35.1533079],[136.9766264,35.1533331],[136.9766298,35.1533583],[136.9767934,35.1535831],[136.9767994,35.1536313],[136.9767538,35.153661],[136.9765037,35.1537964],[136.9762187,35.1539751],[136.9759331,35.1542136],[136.975862,35.1542794],[136.9757735,35.1544236],[136.9756266,35.1546653],[136.9754738,35.1549159],[136.9753504,35.1551319],[136.9753303,35.1551823],[136.9753061,35.1552591],[136.9753021,35.1553654],[136.9753075,35.1554444],[136.9753316,35.1556429],[136.9753437,35.1557629],[136.9753866,35.1560869],[136.9754101,35.1562799],[136.9754114,35.1563567],[136.9754067,35.1564372],[136.9753899,35.156514],[136.9753544,35.1566045],[136.9753262,35.1566527],[136.9752806,35.1567125],[136.9752438,35.1567547],[136.9751492,35.1568451],[136.974824,35.1571014],[136.974372,35.1574619],[136.9733448,35.1583231],[136.9733421,35.1583404],[136.9733441,35.1583577],[136.9734373,35.1584667],[136.9735245,35.1585687],[136.9735721,35.1586077],[136.9736686,35.1586833]]}},{"type":"Feature","properties":{"kind":"footway"},"geometry":{"type":"LineString","coordinates":[[136.9736686,35.1586833],[136.9740723,35.1589223],[136.9745557,35.159193]]}},{"type":"Feature","properties":{"kind":"footway"},"geometry":{"type":"LineString","coordinates":[[136.9741165,35.1584345],[136.974204,35.1584565],[136.9742346,35.1585089],[136.9743238,35.1585294],[136.9743874,35.1584551],[136.9743524,35.1584102],[136.9742988,35.1584063],[136.9742547,35.1584204],[136.974204,35.1584565]]}},{"type":"Feature","properties":{"kind":"service"},"geometry":{"type":"LineString","coordinates":[[136.9739102,35.1586538],[136.9738981,35.1586422],[136.9738592,35.1586001],[136.9737976,35.1584118],[136.9736456,35.1583397],[136.9735282,35.1582245],[136.9740369,35.1577843],[136.9742614,35.1576439],[136.9748944,35.1571299],[136.9749275,35.157103],[136.9750479,35.1570028],[136.975119,35.1569437],[136.9752082,35.156859],[136.9753363,35.1566914],[136.9754489,35.156543],[136.975499,35.1564611],[136.975533,35.1563965],[136.9755428,35.1563778],[136.9754901,35.156312],[136.9754561,35.1562213],[136.9754373,35.1561387],[136.9754176,35.1560539],[136.9753937,35.1558738],[136.975389,35.1558382],[136.9753775,35.1557682],[136.9753623,35.1556752]]}},{"type":"Feature","properties":{"kind":"service"},"geometry":{"type":"LineString","coordinates":[[136.9734192,35.1584771],[136.9734373,35.1584667],[136.9736218,35.1583604],[136.9736456,35.1583397],[136.9739719,35.1580561]]}},{"type":"Feature","properties":{"kind":"tertiary"},"geometry":{"type":"LineString","coordinates":[[136.9660799,35.1536851],[136.9660132,35.1535488],[136.9659629,35.1533938],[136.9659022,35.1531848],[136.9658788,35.1529631]]}},{"type":"Feature","properties":{"kind":"service"},"geometry":{"type":"LineString","coordinates":[[136.9661749,35.1536447],[136.9660799,35.1536851]]}},{"type":"Feature","properties":{"kind":"tertiary"},"geometry":{"type":"LineString","coordinates":[[136.9657959,35.1529252],[136.9658373,35.1533174],[136.9659927,35.1537183],[136.9660353,35.1537999],[136.9660566,35.1538408],[136.9660929,35.1538882]]}},{"type":"Feature","properties":{"kind":"tertiary"},"geometry":{"type":"LineString","coordinates":[[136.9659375,35.1578039],[136.9659962,35.157667],[136.9660307,35.1575969],[136.9663148,35.157019],[136.9664337,35.1567124],[136.9664808,35.1564727],[136.9664997,35.1563863],[136.9666027,35.1558573],[136.9666697,35.1554715],[136.9667215,35.1552623],[136.9667498,35.1550618],[136.9667431,35.1548925],[136.9667356,35.1547017],[136.9666753,35.1545063],[136.9666598,35.1544843],[136.9665746,35.1543633],[136.9665524,35.1543318],[136.9664623,35.1542298]]}},{"type":"Feature","properties":{"kind":"tertiary"},"geometry":{"type":"LineString","coordinates":[[136.9664648,35.1543747],[136.9665525,35.1544934],[136.9665597,35.1545167],[136.9666185,35.1547085],[136.9666414,35.1548698],[136.9666368,35.1550576],[136.9666124,35.1552441],[136.9665589,35.1554755],[136.966476,35.1558458],[136.9663767,35.1563776],[136.9663355,35.1566856],[136.9662807,35.1568291],[136.9662079,35.1570148],[136.9659228,35.1575916],[136.9659123,35.1576137],[136.9658378,35.1577696]]}},{"type":"Feature","properties":{"kind":"tertiary"},"geometry":{"type":"LineString","coordinates":[[136.9657959,35.1529252],[136.9658788,35.1529631]]}},{"type":"Feature","properties":{"kind":"tertiary"},"geometry":{"type":"LineString","coordinates":[[136.9659375,35.1578039],[136.9658378,35.1577696]]}},{"type":"Feature","properties":{"kind":"tertiary"},"geometry":{"type":"LineString","coordinates":[[136.9660929,35.1538882],[136.9661912,35.1540915],[136.9664648,35.1543747]]}},{"type":"Feature","properties":{"kind":"service"},"geometry":{"type":"LineString","coordinates":[[136.9664648,35.1543747],[136.9665524,35.1543318]]}},{"type":"Feature","properties":{"kind":"service"},"geometry":{"type":"LineString","coordinates":[[136.9663013,35.154442],[136.9664648,35.1543747]]}},{"type":"Feature","properties":{"kind":"tertiary"},"geometry":{"type":"LineString","coordinates":[[136.9664623,35.1542298],[136.9661429,35.1538427],[136.9660799,35.1536851]]}},{"type":"Feature","properties":{"kind":"tertiary"},"geometry":{"type":"LineString","coordinates":[[136.9657755,35.1579161],[136.9656811,35.1581096],[136.9652969,35.1588972],[136.964688,35.1601457],[136.9643876,35.160776],[136.9641591,35.1613563],[136.9640966,35.1615563],[136.9640173,35.1618693],[136.9639594,35.1620996],[136.963725,35.1629282],[136.9635838,35.1636137],[136.9635478,35.1637885],[136.963538,35.1638359],[136.9636444,35.1639387]]}},{"type":"Feature","properties":{"kind":"tertiary"},"geometry":{"type":"LineString","coordinates":[[136.9636684,35.1637851],[136.9637137,35.1635759],[136.9638,35.1631779],[136.9638679,35.162841],[136.9641,35.1618917],[136.9641678,35.1616145],[136.9642413,35.1613874],[136.9644782,35.1607907],[136.9645393,35.1606736],[136.9647846,35.1601497],[136.9653895,35.1589395],[136.9657886,35.1581191],[136.9659375,35.1578039]]}},{"type":"Feature","properties":{"kind":"tertiary"},"geometry":{"type":"LineString","coordinates":[[136.9658788,35.1529631],[136.9659166,35.1526963],[136.9659582,35.1524419],[136.9659896,35.1521336],[136.9660178,35.151984],[136.9660615,35.1516532],[136.9660661,35.151355],[136.9660186,35.1510828],[136.9659194,35.1504877],[136.9658316,35.1500774],[136.965815,35.1499998],[136.9657653,35.1498598],[136.9657553,35.1498274],[136.9654695,35.1489058],[136.9652233,35.1480465],[136.9646857,35.1466266]]}},{"type":"Feature","properties":{"kind":"tertiary"},"geometry":{"type":"LineString","coordinates":[[136.9645745,35.1466297],[136.9647036,35.1469385],[136.9647926,35.1471711],[136.9648857,35.1474296],[136.9651021,35.1479989],[136.9651452,35.1481338],[136.9653986,35.1489024],[136.9656561,35.1497501],[136.9656843,35.149843],[136.9657034,35.1499508],[136.9657259,35.1500908],[136.9657731,35.150327],[136.9658118,35.1505085],[136.965978,35.1513795],[136.9659555,35.1517452],[136.9659222,35.151933],[136.9658392,35.152668],[136.9657959,35.1529252]]}},{"type":"Feature","properties":{"kind":"tertiary"},"geometry":{"type":"LineString","coordinates":[[136.9658378,35.1577696],[136.9657755,35.1579161]]}},{"type":"Feature","properties":{"kind":"tertiary"},"geometry":{"type":"LineString","coordinates":[[136.9657755,35.1579161],[136.9659375,35.1578039]]}},{"type":"Feature","properties":{"kind":"motorway_link"},"geometry":{"type":"LineString","coordinates":[[136.9636176,35.1582905],[136.9634054,35.1584104],[136.963007,35.158555],[136.9624541,35.1587178]]}},{"type":"Feature","properties":{"kind":"footway"},"geometry":{"type":"LineString","coordinates":[[136.9736686,35.1586833],[136.9736472,35.1587305],[136.9736499,35.1587688],[136.9736834,35.1588873],[136.9738738,35.1590015],[136.9739177,35.1590274],[136.9739757,35.1590619],[136.9741251,35.1591506],[136.974288,35.1592456],[136.974516,35.159228],[136.9745557,35.159193],[136.9746707,35.1590917],[136.9748164,35.1588816],[136.9750645,35.1585318],[136.9753757,35.1581382],[136.9755353,35.1579299],[136.9764662,35.1570376],[136.9770536,35.1564992],[136.9773754,35.1562119],[136.9776531,35.1559685],[136.9778046,35.1559148],[136.9779414,35.1558852],[136.9781922,35.1558556],[136.9793871,35.1557812],[136.9795212,35.1557728],[136.9796868,35.1557618],[136.9797175,35.1557753]]}},{"type":"Feature","properties":{"kind":"unclassified"},"geometry":{"type":"LineString","coordinates":[[136.9652233,35.1480465],[136.9656584,35.1481154],[136.9660646,35.1481899],[136.966327,35.1481871],[136.9664433,35.1481525],[136.9665476,35.1481215],[136.9668117,35.1479821],[136.9674335,35.1475639],[136.9676441,35.1473343],[136.9678715,35.147214],[136.9681317,35.1471438],[136.9682058,35.1471238],[136.9683676,35.1471584],[136.9685382,35.1473225],[136.9689751,35.1477428],[136.9695043,35.1483315],[136.96986,35.1483455]]}},{"type":"Feature","properties":{"kind":"service"},"geometry":{"type":"LineString","coordinates":[[136.9657034,35.1499508],[136.9655395,35.1499859],[136.9655187,35.1500035],[136.9655268,35.1503571],[136.9655429,35.1503763],[136.9656529,35.1504152]]}},{"type":"Feature","properties":{"kind":"residential"},"geometry":{"type":"LineString","coordinates":[[136.9644293,35.1492778],[136.9656561,35.1497501]]}},{"type":"Feature","properties":{"kind":"footway"},"geometry":{"type":"LineString","coordinates":[[136.966527,35.1541604],[136.9665421,35.1541564]]}},{"type":"Feature","properties":{"kind":"footway"},"geometry":{"type":"LineString","coordinates":[[136.966489,35.1547918],[136.9664387,35.154793],[136.9664179,35.1545518]]}},{"type":"Feature","properties":{"kind":"footway"},"geometry":{"type":"LineString","coordinates":[[136.9664179,35.1545518],[136.9664838,35.1545412]]}},{"type":"Feature","properties":{"kind":"footway"},"geometry":{"type":"LineString","coordinates":[[136.9664179,35.1545518],[136.9663863,35.1544687],[136.9662538,35.1545134],[136.9662408,35.1544815]]}},{"type":"Feature","properties":{"kind":"footway"},"geometry":{"type":"LineString","coordinates":[[136.9662408,35.1544815],[136.9662349,35.1544725],[136.9661973,35.1544151]]}},{"type":"Feature","properties":{"kind":"footway"},"geometry":{"type":"LineString","coordinates":[[136.9664838,35.1545412],[136.9665597,35.1545167],[136.9666598,35.1544843],[136.9666729,35.1544801]]}},{"type":"Feature","properties":{"kind":"footway"},"geometry":{"type":"LineString","coordinates":[[136.9666729,35.1544801],[136.9666922,35.1544655]]}},{"type":"Feature","properties":{"kind":"footway"},"geometry":{"type":"LineString","coordinates":[[136.9661973,35.1544151],[136.9662369,35.1543562],[136.9659911,35.1539207],[136.9658989,35.1537573]]}},{"type":"Feature","properties":{"kind":"footway"},"geometry":{"type":"LineString","coordinates":[[136.965945,35.1539333],[136.9659911,35.1539207]]}},{"type":"Feature","properties":{"kind":"service"},"geometry":{"type":"LineString","coordinates":[[136.9697291,35.1541212],[136.9695429,35.1541988],[136.9694602,35.1542328]]}},{"type":"Feature","properties":{"kind":"service"},"geometry":{"type":"LineString","coordinates":[[136.9684624,35.1542681],[136.9684905,35.15418],[136.969205,35.1538689]]}},{"type":"Feature","properties":{"kind":"service"},"geometry":{"type":"LineString","coordinates":[[136.9684521,35.1543003],[136.9684624,35.1542681]]}},{"type":"Feature","properties":{"kind":"service"},"geometry":{"type":"LineString","coordinates":[[136.9690859,35.1550048],[136.9691038,35.1549945]]}},{"type":"Feature","properties":{"kind":"service"},"geometry":{"type":"LineString","coordinates":[[136.9690251,35.1550397],[136.9690859,35.1550048]]}}]}